row_number,level,Nation_fk,Year,Region,Country,Christians,Muslims,Unaffiliated,Hindus,Buddhists,Folk Religions,Other Religions,Jews,All Religions
1,3,10000,2010, World, All Countries,"   2,168,330,000","   1,599,700,000","   1,131,150,000","   1,032,210,000","     487,760,000","     404,690,000","      58,150,000","      13,860,000","   6,895,850,000"
2,2,1001,2010,North America, All Countries,"     266,630,000","       3,480,000","      59,040,000","       2,250,000","       3,860,000","       1,020,000","       2,200,000","       6,040,000","     344,530,000"
3,2,1002,2010,Latin America-Caribbean, All Countries,"     531,280,000","         840,000","      45,390,000","         660,000","         410,000","      10,040,000","         990,000","         470,000","     590,080,000"
4,2,1003,2010,Europe, All Countries,"     553,280,000","      43,470,000","     139,890,000","       1,380,000","       1,350,000","         870,000","         890,000","       1,420,000","     742,550,000"
5,2,1004,2010,Middle East-North Africa, All Countries,"      12,710,000","     317,070,000","       2,100,000","       1,720,000","         500,000","       1,060,000","         230,000","       5,630,000","     341,020,000"
6,2,1005,2010,Sub-Saharan Africa, All Countries,"     517,320,000","     248,420,000","      26,240,000","       1,560,000","         160,000","      27,010,000","       1,920,000","         100,000","     822,730,000"
7,2,1006,2010,Asia-Pacific, All Countries,"     287,100,000","     986,420,000","     858,490,000","   1,024,630,000","     481,480,000","     364,690,000","      51,920,000","         200,000","   4,054,940,000"
8,1,1,2010,Asia-Pacific,Afghanistan,"30,000","      31,330,000","         <10,000","          10,000","         <10,000","         <10,000","          20,000","         <10,000","      31,410,000"
9,1,2,2010,Europe,Albania,"         580,000","       2,570,000","          50,000","         <10,000","         <10,000","         <10,000","         <10,000","         <10,000","       3,200,000"
10,1,3,2010,Middle East-North Africa,Algeria,"          60,000","      34,730,000","         660,000","         <10,000","         <10,000","          10,000","         <10,000","         <10,000","      35,470,000"
11,1,4,2010,Asia-Pacific,American Samoa,"          50,000","         <10,000","         <10,000","         <10,000","         <10,000","         <10,000","         <10,000","         <10,000","          60,000"
12,1,5,2010,Europe,Andorra,"          70,000","         <10,000","         <10,000","         <10,000","         <10,000","         <10,000","         <10,000","         <10,000","          80,000"
13,1,6,2010,Sub-Saharan Africa,Angola,"      17,270,000","          40,000","         980,000","         <10,000","         <10,000","         790,000","         <10,000","         <10,000","      19,080,000"
14,1,7,2010,Latin America-Caribbean,Anguilla,"          10,000","         <10,000","         <10,000","         <10,000","         <10,000","         <10,000","         <10,000","         <10,000","          10,000"
15,1,8,2010,Latin America-Caribbean,Antigua and Barbuda,"          80,000","         <10,000","         <10,000","         <10,000","         <10,000","         <10,000","         <10,000","         <10,000","          90,000"
16,1,9,2010,Latin America-Caribbean,Argentina,"      34,420,000","         400,000","       4,920,000","         <10,000","          20,000","         330,000","         120,000","         200,000","      40,410,000"
17,1,10,2010,Asia-Pacific,Armenia,"       3,050,000","         <10,000","          40,000","         <10,000","         <10,000","         <10,000","         <10,000","         <10,000","       3,090,000"
18,1,11,2010,Latin America-Caribbean,Aruba,"         100,000","         <10,000","         <10,000","         <10,000","         <10,000","         <10,000","         <10,000","         <10,000","         110,000"
19,1,12,2010,Asia-Pacific,Australia,"      14,980,000","         540,000","       5,390,000","         310,000","         600,000","         150,000","         180,000","         110,000","      22,270,000"
20,1,13,2010,Europe,Austria,"       6,750,000","         450,000","       1,130,000","         <10,000","          20,000","         <10,000","          10,000","          10,000","       8,390,000"
21,1,14,2010,Asia-Pacific,Azerbaijan,"         280,000","       8,900,000","         <10,000","         <10,000","         <10,000","         <10,000","         <10,000","         <10,000","       9,190,000"
22,1,15,2010,Latin America-Caribbean,Bahamas,"         330,000","         <10,000","          10,000","         <10,000","         <10,000","         <10,000","         <10,000","         <10,000","         340,000"
23,1,16,2010,Middle East-North Africa,Bahrain,"         180,000","         890,000","          20,000","         120,000","          30,000","         <10,000","         <10,000","         <10,000","       1,260,000"
24,1,17,2010,Asia-Pacific,Bangladesh,"         450,000","     134,430,000","         <10,000","      12,680,000","         920,000","         100,000","         100,000","         <10,000","     148,690,000"
25,1,18,2010,Latin America-Caribbean,Barbados,"         260,000","         <10,000","         <10,000","         <10,000","         <10,000","         <10,000","         <10,000","         <10,000","         270,000"
26,1,19,2010,Europe,Belarus,"       6,830,000","          20,000","       2,740,000","         <10,000","         <10,000","         <10,000","         <10,000","         <10,000","       9,600,000"
27,1,20,2010,Europe,Belgium,"       6,880,000","         630,000","       3,110,000","         <10,000","          30,000","          20,000","          10,000","          30,000","      10,710,000"
28,1,21,2010,Latin America-Caribbean,Belize,"         270,000","         <10,000","          30,000","         <10,000","         <10,000","         <10,000","         <10,000","         <10,000","         310,000"
29,1,22,2010,Sub-Saharan Africa,Benin,"       4,690,000","       2,110,000","         450,000","         <10,000","         <10,000","       1,600,000","         <10,000","         <10,000","       8,850,000"
30,1,23,2010,North America,Bermuda,"          50,000","         <10,000","          10,000","         <10,000","         <10,000","         <10,000","         <10,000","         <10,000","          60,000"
31,1,24,2010,Asia-Pacific,Bhutan,"         <10,000","         <10,000","         <10,000","         160,000","         540,000","          10,000","         <10,000","         <10,000","         730,000"
32,1,25,2010,Latin America-Caribbean,Bolivia,"       9,330,000","         <10,000","         400,000","         <10,000","         <10,000","          90,000","         100,000","         <10,000","       9,930,000"
33,1,26,2010,Europe,Bosnia-Herzegovina,"       1,970,000","       1,700,000","          90,000","         <10,000","         <10,000","         <10,000","         <10,000","         <10,000","       3,760,000"
34,1,27,2010,Sub-Saharan Africa,Botswana,"       1,450,000","         <10,000","         410,000","         <10,000","         <10,000","         120,000","          10,000","         <10,000","       2,010,000"
35,1,28,2010,Latin America-Caribbean,Brazil,"     173,300,000","          40,000","      15,410,000","         <10,000","         250,000","       5,540,000","         300,000","         110,000","     194,950,000"
36,1,29,2010,Latin America-Caribbean,British Virgin Islands,"          20,000","         <10,000","         <10,000","         <10,000","         <10,000","         <10,000","         <10,000","         <10,000","          30,000"
37,1,30,2010,Asia-Pacific,Brunei,"          40,000","         300,000","         <10,000","         <10,000","          30,000","          20,000","         <10,000","         <10,000","         400,000"
38,1,31,2010,Europe,Bulgaria,"       6,150,000","       1,020,000","         310,000","         <10,000","         <10,000","         <10,000","         <10,000","         <10,000","       7,490,000"
39,1,32,2010,Sub-Saharan Africa,Burkina Faso,"       3,710,000","      10,150,000","          70,000","         <10,000","         <10,000","       2,530,000","         <10,000","         <10,000","      16,470,000"
40,1,33,2010,Sub-Saharan Africa,Burundi,"       7,670,000","         230,000","         <10,000","         <10,000","         <10,000","         480,000","         <10,000","         <10,000","       8,380,000"
41,1,34,2010,Asia-Pacific,Cambodia,"          50,000","         280,000","          30,000","         <10,000","      13,690,000","          80,000","         <10,000","         <10,000","      14,140,000"
42,1,35,2010,Sub-Saharan Africa,Cameroon,"      13,780,000","       3,590,000","       1,050,000","         <10,000","         <10,000","         650,000","         530,000","         <10,000","      19,600,000"
43,1,36,2010,North America,Canada,"      23,470,000","         710,000","       8,050,000","         470,000","         280,000","         390,000","         300,000","         350,000","      34,020,000"
44,1,37,2010,Sub-Saharan Africa,Cape Verde,"         440,000","         <10,000","          50,000","         <10,000","         <10,000","         <10,000","         <10,000","         <10,000","         500,000"
45,1,38,2010,Latin America-Caribbean,Cayman Islands,"          50,000","         <10,000","         <10,000","         <10,000","         <10,000","         <10,000","         <10,000","         <10,000","          60,000"
46,1,39,2010,Sub-Saharan Africa,Central African Republic,"       3,940,000","         370,000","          40,000","         <10,000","         <10,000","          40,000","         <10,000","         <10,000","       4,400,000"
47,1,40,2010,Sub-Saharan Africa,Chad,"       4,560,000","       6,210,000","         280,000","         <10,000","         <10,000","         160,000","          20,000","         <10,000","      11,230,000"
48,1,41,2010,Europe,Channel Islands,"         130,000","         <10,000","          20,000","         <10,000","         <10,000","         <10,000","         <10,000","         <10,000","         150,000"
49,1,42,2010,Latin America-Caribbean,Chile,"      15,300,000","         <10,000","       1,470,000","         <10,000","          10,000","         260,000","          30,000","          20,000","      17,110,000"
50,1,43,2010,Asia-Pacific,China,"      68,410,000","      24,690,000","     700,680,000","          20,000","     244,110,000","     294,300,000","       9,080,000","         <10,000","   1,341,310,000"
51,1,44,2010,Latin America-Caribbean,Colombia,"      42,810,000","          10,000","       3,050,000","         <10,000","         <10,000","         370,000","          40,000","         <10,000","      46,290,000"
52,1,45,2010,Sub-Saharan Africa,Comoros,"         <10,000","         720,000","         <10,000","         <10,000","         <10,000","         <10,000","         <10,000","         <10,000","         730,000"
53,1,46,2010,Sub-Saharan Africa,Republic of the Congo,"       3,470,000","          50,000","         360,000","         <10,000","         <10,000","         110,000","          40,000","         <10,000","       4,040,000"
54,1,47,2010,Sub-Saharan Africa,Democratic Republic of the Congo,"      63,210,000","         970,000","       1,170,000","          30,000","         <10,000","         490,000","         100,000","         <10,000","      65,970,000"
55,1,48,2010,Asia-Pacific,Cook Islands,"          20,000","         <10,000","         <10,000","         <10,000","         <10,000","         <10,000","         <10,000","         <10,000","          20,000"
56,1,49,2010,Latin America-Caribbean,Costa Rica,"       4,230,000","         <10,000","         370,000","         <10,000","         <10,000","          40,000","          10,000","         <10,000","       4,660,000"
57,1,50,2010,Sub-Saharan Africa,Ivory Coast,"       8,710,000","       7,390,000","       1,570,000","         <10,000","         <10,000","       2,020,000","          30,000","         <10,000","      19,740,000"
58,1,51,2010,Europe,Croatia,"       4,110,000","          60,000","         230,000","         <10,000","         <10,000","         <10,000","         <10,000","         <10,000","       4,400,000"
59,1,52,2010,Latin America-Caribbean,Cuba,"       6,670,000","         <10,000","       2,590,000","          20,000","         <10,000","       1,960,000","         <10,000","         <10,000","      11,260,000"
60,1,53,2010,Asia-Pacific,Cyprus,"         810,000","         280,000","          10,000","         <10,000","         <10,000","         <10,000","         <10,000","         <10,000","       1,100,000"
61,1,54,2010,Europe,Czech Republic,"       2,450,000","         <10,000","       8,020,000","         <10,000","         <10,000","         <10,000","         <10,000","         <10,000","      10,490,000"
62,1,55,2010,Europe,Denmark,"       4,630,000","         230,000","         650,000","          20,000","          10,000","         <10,000","         <10,000","         <10,000","       5,550,000"
63,1,56,2010,Sub-Saharan Africa,Djibouti,"          20,000","         860,000","         <10,000","         <10,000","         <10,000","         <10,000","         <10,000","         <10,000","         890,000"
64,1,57,2010,Latin America-Caribbean,Dominica,"          70,000","         <10,000","         <10,000","         <10,000","         <10,000","         <10,000","         <10,000","         <10,000","          70,000"
65,1,58,2010,Latin America-Caribbean,Dominican Republic,"       8,740,000","         <10,000","       1,080,000","         <10,000","         <10,000","          90,000","          10,000","         <10,000","       9,930,000"
66,1,59,2010,Latin America-Caribbean,Ecuador,"      13,610,000","         <10,000","         800,000","         <10,000","         <10,000","          40,000","         <10,000","         <10,000","      14,460,000"
67,1,60,2010,Middle East-North Africa,Egypt,"       4,120,000","      76,990,000","         <10,000","         <10,000","         <10,000","         <10,000","         <10,000","         <10,000","      81,120,000"
68,1,61,2010,Latin America-Caribbean,El Salvador,"       5,460,000","         <10,000","         680,000","         <10,000","         <10,000","          30,000","          20,000","         <10,000","       6,190,000"
69,1,62,2010,Sub-Saharan Africa,Equatorial Guinea,"         620,000","          30,000","          30,000","         <10,000","         <10,000","          10,000","         <10,000","         <10,000","         700,000"
70,1,63,2010,Sub-Saharan Africa,Eritrea,"       3,310,000","       1,920,000","         <10,000","         <10,000","         <10,000","          20,000","         <10,000","         <10,000","       5,250,000"
71,1,64,2010,Europe,Estonia,"         540,000","         <10,000","         800,000","         <10,000","         <10,000","         <10,000","         <10,000","         <10,000","       1,340,000"
72,1,65,2010,Sub-Saharan Africa,Ethiopia,"      52,070,000","      28,680,000","          50,000","         <10,000","         <10,000","       2,130,000","         <10,000","         <10,000","      82,950,000"
73,1,66,2010,Europe,Faeroe Islands,"          50,000","         <10,000","         <10,000","         <10,000","         <10,000","         <10,000","         <10,000","         <10,000","          50,000"
74,1,67,2010,Latin America-Caribbean,Falkland Islands (Malvinas),"         <10,000","         <10,000","         <10,000","         <10,000","         <10,000","         <10,000","         <10,000","         <10,000","         <10,000"
75,1,68,2010,Asia-Pacific,Fiji,"         550,000","          50,000","         <10,000","         240,000","         <10,000","         <10,000","         <10,000","         <10,000","         860,000"
76,1,69,2010,Europe,Finland,"       4,300,000","          40,000","       1,020,000","         <10,000","         <10,000","         <10,000","         <10,000","         <10,000","       5,360,000"
77,1,70,2010,Europe,France,"      39,560,000","       4,710,000","      17,580,000","          30,000","         280,000","         220,000","         100,000","         310,000","      62,790,000"
78,1,71,2010,Latin America-Caribbean,French Guiana,"         200,000","         <10,000","         <10,000","         <10,000","         <10,000","          20,000","         <10,000","         <10,000","         230,000"
79,1,72,2010,Asia-Pacific,French Polynesia,"         250,000","         <10,000","          10,000","         <10,000","         <10,000","         <10,000","         <10,000","         <10,000","         270,000"
80,1,73,2010,Sub-Saharan Africa,Gabon,"       1,150,000","         170,000","          80,000","         <10,000","         <10,000","          90,000","         <10,000","         <10,000","       1,510,000"
81,1,74,2010,Sub-Saharan Africa,Gambia,"          80,000","       1,640,000","         <10,000","         <10,000","         <10,000","         <10,000","         <10,000","         <10,000","       1,730,000"
82,1,75,2010,Europe,Georgia,"       3,850,000","         470,000","          30,000","         <10,000","         <10,000","         <10,000","         <10,000","         <10,000","       4,350,000"
83,1,76,2010,Europe,Germany,"      56,540,000","       4,760,000","      20,350,000","          80,000","         210,000","          40,000","         100,000","         230,000","      82,300,000"
84,1,77,2010,Sub-Saharan Africa,Ghana,"      18,260,000","       3,860,000","       1,020,000","         <10,000","         <10,000","       1,200,000","          40,000","         <10,000","      24,390,000"
85,1,78,2010,Europe,Gibraltar,"          30,000","         <10,000","         <10,000","         <10,000","         <10,000","         <10,000","         <10,000","         <10,000","          30,000"
86,1,79,2010,Europe,Greece,"      10,010,000","         610,000","         700,000","          20,000","         <10,000","          10,000","         <10,000","         <10,000","      11,360,000"
87,1,80,2010,North America,Greenland,"          50,000","         <10,000","         <10,000","         <10,000","         <10,000","         <10,000","         <10,000","         <10,000","          60,000"
88,1,81,2010,Latin America-Caribbean,Grenada,"         100,000","         <10,000","         <10,000","         <10,000","         <10,000","         <10,000","         <10,000","         <10,000","         100,000"
89,1,82,2010,Latin America-Caribbean,Guadeloupe,"         440,000","         <10,000","          10,000","         <10,000","         <10,000","         <10,000","         <10,000","         <10,000","         460,000"
90,1,83,2010,Asia-Pacific,Guam,"         170,000","         <10,000","         <10,000","         <10,000","         <10,000","         <10,000","         <10,000","         <10,000","         180,000"
91,1,84,2010,Latin America-Caribbean,Guatemala,"      13,690,000","         <10,000","         590,000","         <10,000","         <10,000","          80,000","          10,000","         <10,000","      14,390,000"
92,1,85,2010,Sub-Saharan Africa,Guinea,"       1,090,000","       8,430,000","         180,000","         <10,000","         <10,000","         270,000","         <10,000","         <10,000","       9,980,000"
93,1,86,2010,Sub-Saharan Africa,Guinea-Bissau,"         300,000","         680,000","          70,000","         <10,000","         <10,000","         470,000","         <10,000","         <10,000","       1,520,000"
94,1,87,2010,Latin America-Caribbean,Guyana,"         500,000","          50,000","          10,000","         190,000","         <10,000","         <10,000","         <10,000","         <10,000","         750,000"
95,1,88,2010,Latin America-Caribbean,Haiti,"       8,690,000","         <10,000","       1,060,000","         <10,000","         <10,000","         220,000","          30,000","         <10,000","       9,990,000"
96,1,89,2010,Europe,Vatican City,"         <10,000","         <10,000","         <10,000","         <10,000","         <10,000","         <10,000","         <10,000","         <10,000","         <10,000"
97,1,90,2010,Latin America-Caribbean,Honduras,"       6,660,000","          10,000","         790,000","         <10,000","         <10,000","          80,000","          40,000","         <10,000","       7,600,000"
98,1,91,2010,Asia-Pacific,Hong Kong,"       1,010,000","         130,000","       3,950,000","          30,000","         930,000","         900,000","         110,000","         <10,000","       7,050,000"
99,1,92,2010,Europe,Hungary,"       8,090,000","         <10,000","       1,860,000","         <10,000","         <10,000","         <10,000","         <10,000","          10,000","       9,980,000"
100,1,93,2010,Europe,Iceland,"         300,000","         <10,000","          10,000","         <10,000","         <10,000","         <10,000","         <10,000","         <10,000","         320,000"
101,1,94,2010,Asia-Pacific,India,"      31,130,000","     176,200,000","         870,000","     973,750,000","       9,250,000","       5,850,000","      27,560,000","          10,000","   1,224,620,000"
102,1,95,2010,Asia-Pacific,Indonesia,"      23,660,000","     209,120,000","         240,000","       4,050,000","       1,720,000","         750,000","         340,000","         <10,000","     239,870,000"
103,1,96,2010,Asia-Pacific,Iran,"         110,000","      73,570,000","         110,000","          20,000","         <10,000","         <10,000","         150,000","         <10,000","      73,980,000"
104,1,97,2010,Middle East-North Africa,Iraq,"         270,000","      31,340,000","          40,000","         <10,000","         <10,000","         <10,000","          20,000","         <10,000","      31,670,000"
105,1,98,2010,Europe,Ireland,"       4,110,000","          50,000","         280,000","          10,000","         <10,000","         <10,000","         <10,000","         <10,000","       4,470,000"
106,1,99,2010,Europe,Isle of Man,"          70,000","         <10,000","          10,000","         <10,000","         <10,000","         <10,000","         <10,000","         <10,000","          80,000"
107,1,100,2010,Middle East-North Africa,Israel,"         150,000","       1,380,000","         230,000","         <10,000","          20,000","          20,000","         <10,000","       5,610,000","       7,420,000"
108,1,101,2010,Europe,Italy,"      50,440,000","       2,220,000","       7,500,000","          90,000","         110,000","          80,000","          60,000","          50,000","      60,550,000"
109,1,102,2010,Latin America-Caribbean,Jamaica,"       2,120,000","         <10,000","         470,000","         <10,000","         <10,000","         120,000","          30,000","         <10,000","       2,740,000"
110,1,103,2010,Asia-Pacific,Japan,"       2,030,000","         200,000","      72,120,000","          30,000","      45,820,000","         450,000","       5,890,000","         <10,000","     126,540,000"
111,1,104,2010,Middle East-North Africa,Jordan,"         130,000","       6,010,000","         <10,000","         <10,000","          20,000","         <10,000","         <10,000","         <10,000","       6,190,000"
112,1,105,2010,Asia-Pacific,Kazakhstan,"       3,970,000","      11,290,000","         670,000","         <10,000","          40,000","          50,000","          20,000","         <10,000","      16,030,000"
113,1,106,2010,Sub-Saharan Africa,Kenya,"      34,340,000","       3,920,000","       1,000,000","          60,000","         <10,000","         690,000","         500,000","         <10,000","      40,510,000"
114,1,107,2010,Asia-Pacific,Kiribati,"          90,000","         <10,000","         <10,000","         <10,000","         <10,000","         <10,000","         <10,000","         <10,000","         100,000"
115,1,108,2010,Europe,Kosovo,"         110,000","       1,660,000","         <10,000","         <10,000","         <10,000","         <10,000","         <10,000","         <10,000","       1,770,000"
116,1,109,2010,Middle East-North Africa,Kuwait,"         390,000","       2,030,000","         <10,000","         230,000","          80,000","         <10,000","         <10,000","         <10,000","       2,740,000"
117,1,110,2010,Asia-Pacific,Kyrgyzstan,"         610,000","       4,690,000","          20,000","         <10,000","         <10,000","         <10,000","         <10,000","         <10,000","       5,330,000"
118,1,111,2010,Asia-Pacific,Laos,"          90,000","         <10,000","          50,000","         <10,000","       4,100,000","       1,910,000","          50,000","         <10,000","       6,200,000"
119,1,112,2010,Europe,Latvia,"       1,260,000","         <10,000","         990,000","         <10,000","         <10,000","         <10,000","         <10,000","         <10,000","       2,250,000"
120,1,113,2010,Middle East-North Africa,Lebanon,"       1,620,000","       2,590,000","          10,000","         <10,000","         <10,000","         <10,000","         <10,000","         <10,000","       4,230,000"
121,1,114,2010,Sub-Saharan Africa,Lesotho,"       2,100,000","         <10,000","          70,000","         <10,000","         <10,000","         <10,000","         <10,000","         <10,000","       2,170,000"
122,1,115,2010,Sub-Saharan Africa,Liberia,"       3,430,000","         480,000","          60,000","         <10,000","         <10,000","          20,000","         <10,000","         <10,000","       3,990,000"
123,1,116,2010,Middle East-North Africa,Libya,"         170,000","       6,140,000","          10,000","         <10,000","          20,000","         <10,000","         <10,000","         <10,000","       6,360,000"
124,1,117,2010,Europe,Liechtenstein,"          30,000","         <10,000","         <10,000","         <10,000","         <10,000","         <10,000","         <10,000","         <10,000","          40,000"
125,1,118,2010,Europe,Lithuania,"       2,980,000","         <10,000","         330,000","         <10,000","         <10,000","         <10,000","         <10,000","         <10,000","       3,320,000"
126,1,119,2010,Europe,Luxembourg,"         360,000","          10,000","         140,000","         <10,000","         <10,000","         <10,000","         <10,000","         <10,000","         510,000"
127,1,120,2010,Asia-Pacific,Macau,"          40,000","         <10,000","          80,000","         <10,000","          90,000","         320,000","         <10,000","         <10,000","         540,000"
128,1,121,2010,Europe,Republic of Macedonia,"       1,220,000","         810,000","          30,000","         <10,000","         <10,000","         <10,000","         <10,000","         <10,000","       2,060,000"
129,1,122,2010,Sub-Saharan Africa,Madagascar,"      17,680,000","         620,000","       1,440,000","          10,000","         <10,000","         940,000","          20,000","         <10,000","      20,710,000"
130,1,123,2010,Sub-Saharan Africa,Malawi,"      12,320,000","       1,930,000","         370,000","         <10,000","         <10,000","         260,000","         <10,000","         <10,000","      14,900,000"
131,1,124,2010,Asia-Pacific,Malaysia,"       2,670,000","      18,100,000","         190,000","       1,720,000","       5,010,000","         650,000","          60,000","         <10,000","      28,400,000"
132,1,125,2010,Asia-Pacific,Maldives,"         <10,000","         310,000","         <10,000","         <10,000","         <10,000","         <10,000","         <10,000","         <10,000","         320,000"
133,1,126,2010,Sub-Saharan Africa,Mali,"         370,000","      14,510,000","          70,000","         <10,000","         <10,000","         410,000","         <10,000","         <10,000","      15,370,000"
134,1,127,2010,Europe,Malta,"         400,000","         <10,000","          10,000","         <10,000","         <10,000","         <10,000","         <10,000","         <10,000","         420,000"
135,1,128,2010,Asia-Pacific,Marshall Islands,"          50,000","         <10,000","         <10,000","         <10,000","         <10,000","         <10,000","         <10,000","         <10,000","          50,000"
136,1,129,2010,Latin America-Caribbean,Martinique,"         390,000","         <10,000","         <10,000","         <10,000","         <10,000","         <10,000","         <10,000","         <10,000","         410,000"
137,1,130,2010,Sub-Saharan Africa,Mauritania,"         <10,000","       3,430,000","         <10,000","         <10,000","         <10,000","          20,000","         <10,000","         <10,000","       3,460,000"
138,1,131,2010,Sub-Saharan Africa,Mauritius,"         420,000","         220,000","         <10,000","         630,000","         <10,000","         <10,000","         <10,000","         <10,000","       1,300,000"
139,1,132,2010,Sub-Saharan Africa,Mayotte,"         <10,000","         200,000","         <10,000","         <10,000","         <10,000","         <10,000","         <10,000","         <10,000","         200,000"
140,1,133,2010,Latin America-Caribbean,Mexico,"     107,910,000","         <10,000","       5,330,000","         <10,000","         <10,000","          70,000","          20,000","          70,000","     113,420,000"
141,1,134,2010,Asia-Pacific,Federated States of Micronesia,"         110,000","         <10,000","         <10,000","         <10,000","         <10,000","         <10,000","         <10,000","         <10,000","         110,000"
142,1,135,2010,Europe,Moldova,"       3,480,000","          20,000","          50,000","         <10,000","         <10,000","         <10,000","         <10,000","          20,000","       3,570,000"
143,1,136,2010,Europe,Monaco,"          30,000","         <10,000","         <10,000","         <10,000","         <10,000","         <10,000","         <10,000","         <10,000","          40,000"
144,1,137,2010,Asia-Pacific,Mongolia,"          60,000","          90,000","         990,000","         <10,000","       1,520,000","         100,000","         <10,000","         <10,000","       2,760,000"
145,1,138,2010,Europe,Montenegro,"         490,000","         120,000","          20,000","         <10,000","         <10,000","         <10,000","         <10,000","         <10,000","         630,000"
146,1,139,2010,Latin America-Caribbean,Montserrat,"         <10,000","         <10,000","         <10,000","         <10,000","         <10,000","         <10,000","         <10,000","         <10,000","         <10,000"
147,1,140,2010,Middle East-North Africa,Morocco,"          20,000","      31,930,000","         <10,000","         <10,000","         <10,000","         <10,000","         <10,000","         <10,000","      31,950,000"
148,1,141,2010,Sub-Saharan Africa,Mozambique,"      13,260,000","       4,200,000","       4,200,000","         <10,000","         <10,000","       1,720,000","         <10,000","         <10,000","      23,390,000"
149,1,142,2010,Asia-Pacific,Burma (Myanmar),"       3,750,000","       1,900,000","         240,000","         820,000","      38,410,000","       2,760,000","          80,000","         <10,000","      47,960,000"
150,1,143,2010,Sub-Saharan Africa,Namibia,"       2,230,000","         <10,000","          40,000","         <10,000","         <10,000","         <10,000","         <10,000","         <10,000","       2,280,000"
151,1,144,2010,Asia-Pacific,Nauru,"         <10,000","         <10,000","         <10,000","         <10,000","         <10,000","         <10,000","         <10,000","         <10,000","          10,000"
152,1,145,2010,Asia-Pacific,Nepal,"         140,000","       1,370,000","          80,000","      24,170,000","       3,080,000","       1,100,000","          20,000","         <10,000","      29,960,000"
153,1,146,2010,Europe,Netherlands,"       8,410,000","       1,000,000","       6,990,000","          80,000","          40,000","          30,000","          30,000","          30,000","      16,610,000"
154,1,148,2010,Asia-Pacific,New Caledonia,"         210,000","         <10,000","          30,000","         <10,000","         <10,000","         <10,000","         <10,000","         <10,000","         250,000"
155,1,149,2010,Asia-Pacific,New Zealand,"       2,490,000","          50,000","       1,600,000","          90,000","          70,000","          20,000","          30,000","         <10,000","       4,370,000"
156,1,150,2010,Latin America-Caribbean,Nicaragua,"       4,970,000","         <10,000","         730,000","         <10,000","         <10,000","          80,000","         <10,000","         <10,000","       5,790,000"
157,1,151,2010,Sub-Saharan Africa,Niger,"         120,000","      15,270,000","         110,000","         <10,000","         <10,000","         <10,000","         <10,000","         <10,000","      15,510,000"
158,1,152,2010,Sub-Saharan Africa,Nigeria,"      78,050,000","      77,300,000","         680,000","         <10,000","          10,000","       2,290,000","          90,000","         <10,000","     158,420,000"
159,1,153,2010,Asia-Pacific,Niue,"         <10,000","         <10,000","         <10,000","         <10,000","         <10,000","         <10,000","         <10,000","         <10,000","         <10,000"
160,1,154,2010,Asia-Pacific,North Korea,"         480,000","         <10,000","      17,350,000","         <10,000","         370,000","       3,000,000","       3,140,000","         <10,000","      24,350,000"
161,1,155,2010,Asia-Pacific,Northern Mariana Islands,"          40,000","         <10,000","         <10,000","         <10,000","         <10,000","         <10,000","         <10,000","         <10,000","          50,000"
162,1,156,2010,Europe,Norway,"       4,140,000","         180,000","         490,000","          20,000","          30,000","         <10,000","          10,000","         <10,000","       4,880,000"
163,1,157,2010,Middle East-North Africa,Oman,"         180,000","       2,390,000","         <10,000","         150,000","          20,000","         <10,000","          30,000","         <10,000","       2,780,000"
164,1,158,2010,Asia-Pacific,Pakistan,"       2,750,000","     167,410,000","          20,000","       3,330,000","          20,000","          30,000","          20,000","         <10,000","     173,590,000"
165,1,159,2010,Asia-Pacific,Palau,"          20,000","         <10,000","         <10,000","         <10,000","         <10,000","         <10,000","         <10,000","         <10,000","          20,000"
166,1,160,2010,Middle East-North Africa,Palestinian territories,"         100,000","       3,940,000","         <10,000","         <10,000","         <10,000","         <10,000","         <10,000","         <10,000","       4,040,000"
167,1,161,2010,Latin America-Caribbean,Panama,"       3,270,000","          30,000","         170,000","         <10,000","         <10,000","          20,000","          20,000","          10,000","       3,520,000"
168,1,162,2010,Asia-Pacific,Papua New Guinea,"       6,800,000","         <10,000","         <10,000","         <10,000","         <10,000","          30,000","          20,000","         <10,000","       6,860,000"
169,1,163,2010,Latin America-Caribbean,Paraguay,"       6,250,000","         <10,000","          70,000","         <10,000","         <10,000","         110,000","          10,000","         <10,000","       6,450,000"
170,1,164,2010,Latin America-Caribbean,Peru,"      27,780,000","         <10,000","         860,000","         <10,000","          50,000","         290,000","          90,000","         <10,000","      29,080,000"
171,1,165,2010,Asia-Pacific,Philippines,"      86,370,000","       5,150,000","          90,000","         <10,000","          80,000","       1,430,000","         130,000","         <10,000","      93,260,000"
172,1,167,2010,Europe,Poland,"      36,100,000","         <10,000","       2,150,000","         <10,000","         <10,000","         <10,000","         <10,000","          10,000","      38,280,000"
173,1,168,2010,Europe,Portugal,"       9,810,000","          30,000","         800,000","         <10,000","          20,000","          10,000","         <10,000","         <10,000","      10,680,000"
174,1,169,2010,Latin America-Caribbean,Puerto Rico,"       3,630,000","         <10,000","          70,000","         <10,000","          10,000","          30,000","         <10,000","         <10,000","       3,750,000"
175,1,170,2010,Middle East-North Africa,Qatar,"         240,000","       1,190,000","          20,000","         240,000","          50,000","         <10,000","          10,000","         <10,000","       1,760,000"
176,1,171,2010,Sub-Saharan Africa,Reunion,"         740,000","          40,000","          20,000","          40,000","         <10,000","         <10,000","         <10,000","         <10,000","         850,000"
177,1,172,2010,Europe,Romania,"      21,380,000","          70,000","          20,000","         <10,000","         <10,000","         <10,000","         <10,000","         <10,000","      21,490,000"
178,1,173,2010,Europe,Russia,"     104,750,000","      14,290,000","      23,180,000","          30,000","         170,000","         310,000","         <10,000","         230,000","     142,960,000"
179,1,174,2010,Sub-Saharan Africa,Rwanda,"       9,920,000","         190,000","         380,000","         <10,000","         <10,000","         100,000","          20,000","         <10,000","      10,620,000"
180,1,175,2010,Sub-Saharan Africa,St. Helena,"         <10,000","         <10,000","         <10,000","         <10,000","         <10,000","         <10,000","         <10,000","         <10,000","         <10,000"
181,1,176,2010,Latin America-Caribbean,St. Kitts and Nevis,"          50,000","         <10,000","         <10,000","         <10,000","         <10,000","         <10,000","         <10,000","         <10,000","          50,000"
182,1,177,2010,Latin America-Caribbean,St. Lucia,"         160,000","         <10,000","          10,000","         <10,000","         <10,000","         <10,000","         <10,000","         <10,000","         170,000"
183,1,178,2010,North America,St. Pierre and Miquelon,"         <10,000","         <10,000","         <10,000","         <10,000","         <10,000","         <10,000","         <10,000","         <10,000","         <10,000"
184,1,179,2010,Latin America-Caribbean,St. Vincent and the Grenadines,"         100,000","         <10,000","         <10,000","         <10,000","         <10,000","         <10,000","         <10,000","         <10,000","         110,000"
185,1,180,2010,Asia-Pacific,Samoa,"         180,000","         <10,000","         <10,000","         <10,000","         <10,000","         <10,000","         <10,000","         <10,000","         180,000"
186,1,181,2010,Europe,San Marino,"          30,000","         <10,000","         <10,000","         <10,000","         <10,000","         <10,000","         <10,000","         <10,000","          30,000"
187,1,182,2010,Sub-Saharan Africa,Sao Tome and Principe,"         140,000","         <10,000","          20,000","         <10,000","         <10,000","         <10,000","         <10,000","         <10,000","         170,000"
188,1,183,2010,Middle East-North Africa,Saudi Arabia,"       1,200,000","      25,520,000","         180,000","         310,000","          90,000","          70,000","          70,000","         <10,000","      27,450,000"
189,1,184,2010,Sub-Saharan Africa,Senegal,"         450,000","      11,980,000","         <10,000","         <10,000","         <10,000","         <10,000","         <10,000","         <10,000","      12,430,000"
190,1,185,2010,Europe,Serbia,"       7,490,000","         330,000","         260,000","         <10,000","         <10,000","         <10,000","         <10,000","         <10,000","       8,090,000"
191,1,186,2010,Sub-Saharan Africa,Seychelles,"          90,000","         <10,000","         <10,000","         <10,000","         <10,000","         <10,000","         <10,000","         <10,000","          90,000"
192,1,187,2010,Sub-Saharan Africa,Sierra Leone,"       1,230,000","       4,580,000","         <10,000","         <10,000","         <10,000","          50,000","         <10,000","         <10,000","       5,870,000"
193,1,188,2010,Asia-Pacific,Singapore,"         920,000","         730,000","         830,000","         260,000","       1,730,000","         120,000","         490,000","         <10,000","       5,090,000"
194,1,189,2010,Europe,Slovakia,"       4,660,000","         <10,000","         780,000","         <10,000","         <10,000","         <10,000","         <10,000","         <10,000","       5,460,000"
195,1,190,2010,Europe,Slovenia,"       1,590,000","          70,000","         370,000","         <10,000","         <10,000","         <10,000","         <10,000","         <10,000","       2,030,000"
196,1,191,2010,Asia-Pacific,Solomon Islands,"         520,000","         <10,000","         <10,000","         <10,000","         <10,000","         <10,000","         <10,000","         <10,000","         540,000"
197,1,192,2010,Sub-Saharan Africa,Somalia,"         <10,000","       9,310,000","         <10,000","         <10,000","         <10,000","         <10,000","         <10,000","         <10,000","       9,330,000"
198,1,193,2010,Sub-Saharan Africa,South Africa,"      40,710,000","         860,000","       7,450,000","         570,000","         100,000","         210,000","         170,000","          70,000","      50,130,000"
199,1,194,2010,Asia-Pacific,South Korea,"      14,170,000","         100,000","      22,340,000","         <10,000","      11,050,000","         400,000","         110,000","         <10,000","      48,180,000"
200,1,195,2010,Europe,Spain,"      36,240,000","         980,000","       8,740,000","          20,000","         <10,000","          20,000","          10,000","          60,000","      46,080,000"
201,1,196,2010,Asia-Pacific,Sri Lanka,"       1,530,000","       2,040,000","         <10,000","       2,830,000","      14,450,000","         <10,000","         <10,000","         <10,000","      20,860,000"
202,1,197,2010,Middle East-North Africa,Sudan,"       1,810,000","      30,490,000","         350,000","         <10,000","         <10,000","         950,000","         <10,000","         <10,000","      33,600,000"
203,1,198,2010,Latin America-Caribbean,Suriname,"         270,000","          80,000","          30,000","         100,000","         <10,000","          30,000","         <10,000","         <10,000","         520,000"
204,1,199,2010,Sub-Saharan Africa,Swaziland,"       1,040,000","         <10,000","         120,000","         <10,000","         <10,000","          10,000","         <10,000","         <10,000","       1,190,000"
205,1,200,2010,Europe,Sweden,"       6,310,000","         430,000","       2,540,000","          20,000","          40,000","          20,000","          20,000","          10,000","       9,380,000"
206,1,201,2010,Europe,Switzerland,"       5,570,000","         380,000","       1,600,000","          40,000","          40,000","         <10,000","          10,000","          20,000","       7,660,000"
207,1,202,2010,Middle East-North Africa,Syria,"       1,060,000","      18,930,000","         420,000","         <10,000","         <10,000","         <10,000","         <10,000","         <10,000","      20,410,000"
208,1,203,2010,Asia-Pacific,Taiwan,"       1,280,000","          10,000","       2,950,000","         <10,000","       4,950,000","      10,260,000","       3,760,000","         <10,000","      23,220,000"
209,1,204,2010,Asia-Pacific,Tajikistan,"         110,000","       6,650,000","         100,000","         <10,000","         <10,000","         <10,000","         <10,000","         <10,000","       6,880,000"
210,1,205,2010,Sub-Saharan Africa,Tanzania,"      27,540,000","      15,770,000","         650,000","          50,000","         <10,000","         800,000","          30,000","         <10,000","      44,840,000"
211,1,206,2010,Asia-Pacific,Thailand,"         600,000","       3,770,000","         190,000","          70,000","      64,420,000","          60,000","         <10,000","         <10,000","      69,120,000"
212,1,207,2010,Asia-Pacific,Timor-Leste,"       1,120,000","         <10,000","         <10,000","         <10,000","         <10,000","         <10,000","         <10,000","         <10,000","       1,120,000"
213,1,208,2010,Sub-Saharan Africa,Togo,"       2,640,000","         840,000","         370,000","         <10,000","         <10,000","       2,150,000","          30,000","         <10,000","       6,030,000"
214,1,209,2010,Asia-Pacific,Tokelau,"         <10,000","         <10,000","         <10,000","         <10,000","         <10,000","         <10,000","         <10,000","         <10,000","         <10,000"
215,1,210,2010,Asia-Pacific,Tonga,"         100,000","         <10,000","         <10,000","         <10,000","         <10,000","         <10,000","         <10,000","         <10,000","         100,000"
216,1,211,2010,Latin America-Caribbean,Trinidad and Tobago,"         880,000","          80,000","          30,000","         300,000","         <10,000","          30,000","          20,000","         <10,000","       1,340,000"
217,1,212,2010,Middle East-North Africa,Tunisia,"          20,000","      10,430,000","          20,000","         <10,000","         <10,000","         <10,000","         <10,000","         <10,000","      10,480,000"
218,1,213,2010,Asia-Pacific,Turkey,"         320,000","      71,330,000","         860,000","         <10,000","          40,000","          20,000","         150,000","          20,000","      72,750,000"
219,1,214,2010,Asia-Pacific,Turkmenistan,"         320,000","       4,690,000","          30,000","         <10,000","         <10,000","         <10,000","         <10,000","         <10,000","       5,040,000"
220,1,215,2010,Latin America-Caribbean,Turks and Caicos Islands,"          30,000","         <10,000","         <10,000","         <10,000","         <10,000","         <10,000","         <10,000","         <10,000","          30,000"
221,1,216,2010,Asia-Pacific,Tuvalu,"         <10,000","         <10,000","         <10,000","         <10,000","         <10,000","         <10,000","         <10,000","         <10,000","         <10,000"
222,1,217,2010,Sub-Saharan Africa,Uganda,"      28,980,000","       3,840,000","         170,000","         100,000","         <10,000","         290,000","          40,000","         <10,000","      33,420,000"
223,1,218,2010,Europe,Ukraine,"      38,100,000","         560,000","       6,690,000","          10,000","          20,000","         <10,000","         <10,000","          50,000","      45,450,000"
224,1,219,2010,Middle East-North Africa,United Arab Emirates,"         940,000","       5,780,000","          90,000","         490,000","         150,000","         <10,000","          60,000","         <10,000","       7,510,000"
225,1,220,2010,Europe,United Kingdom,"      39,890,000","       2,960,000","      17,220,000","         890,000","         280,000","          60,000","         460,000","         290,000","      62,040,000"
226,1,221,2010,North America,United States,"     243,060,000","       2,770,000","      50,980,000","       1,790,000","       3,570,000","         630,000","       1,900,000","       5,690,000","     310,380,000"
227,1,222,2010,Latin America-Caribbean,U.S. Virgin Islands,"         100,000","         <10,000","         <10,000","         <10,000","         <10,000","         <10,000","         <10,000","         <10,000","         110,000"
228,1,223,2010,Latin America-Caribbean,Uruguay,"       1,950,000","         <10,000","       1,370,000","         <10,000","         <10,000","          30,000","         <10,000","         <10,000","       3,370,000"
229,1,224,2010,Asia-Pacific,Uzbekistan,"         630,000","      26,550,000","         220,000","         <10,000","          10,000","          10,000","         <10,000","          10,000","      27,450,000"
230,1,225,2010,Asia-Pacific,Vanuatu,"         220,000","         <10,000","         <10,000","         <10,000","         <10,000","         <10,000","         <10,000","         <10,000","         240,000"
231,1,226,2010,Latin America-Caribbean,Venezuela,"      25,890,000","          90,000","       2,900,000","         <10,000","         <10,000","          60,000","          20,000","         <10,000","      28,980,000"
232,1,227,2010,Asia-Pacific,Vietnam,"       7,170,000","         160,000","      26,040,000","         <10,000","      14,380,000","      39,750,000","         350,000","         <10,000","      87,850,000"
233,1,228,2010,Asia-Pacific,Wallis and Futuna,"          10,000","         <10,000","         <10,000","         <10,000","         <10,000","         <10,000","         <10,000","         <10,000","          10,000"
234,1,229,2010,Middle East-North Africa,Western Sahara,"         <10,000","         530,000","         <10,000","         <10,000","         <10,000","         <10,000","         <10,000","         <10,000","         530,000"
235,1,230,2010,Middle East-North Africa,Yemen,"          40,000","      23,830,000","          20,000","         150,000","         <10,000","         <10,000","         <10,000","         <10,000","      24,050,000"
236,1,231,2010,Sub-Saharan Africa,Zambia,"      12,770,000","          70,000","          70,000","          10,000","         <10,000","          40,000","         120,000","         <10,000","      13,090,000"
237,1,232,2010,Sub-Saharan Africa,Zimbabwe,"      10,930,000","         110,000","         990,000","         <10,000","         <10,000","         480,000","          40,000","          10,000","      12,570,000"
238,1,237,2010,Sub-Saharan Africa,South Sudan,"       6,010,000","         610,000","          50,000","         <10,000","         <10,000","       3,270,000","         <10,000","         <10,000","       9,950,000"
239,1,238,2010,Latin America-Caribbean,Curacao,"         140,000","         <10,000","         <10,000","         <10,000","         <10,000","         <10,000","         <10,000","         <10,000","         150,000"
240,1,239,2010,Latin America-Caribbean,Sint Maarten,"          40,000","         <10,000","         <10,000","         <10,000","         <10,000","         <10,000","         <10,000","         <10,000","          40,000"
241,1,240,2010,Latin America-Caribbean,Caribbean Netherlands,"          20,000","         <10,000","         <10,000","         <10,000","         <10,000","         <10,000","         <10,000","         <10,000","          20,000"
242,3,10000,2020, World, All Countries,"   2,382,750,000","   1,907,110,000","   1,193,750,000","   1,161,440,000","     506,990,000","     429,640,000","      60,990,000","      14,660,000","   7,657,330,000"
243,2,1001,2020,North America, All Countries,"     277,270,000","       4,890,000","      71,270,000","       3,120,000","       4,540,000","       1,300,000","       3,200,000","       6,120,000","     371,700,000"
244,2,1002,2020,Latin America-Caribbean, All Countries,"     585,850,000","         890,000","      52,430,000","         690,000","         440,000","      11,540,000","       1,070,000","         480,000","     653,390,000"
245,2,1003,2020,Europe, All Countries,"     534,970,000","      50,470,000","     148,410,000","       1,710,000","       1,670,000","       1,050,000","         970,000","       1,370,000","     740,600,000"
246,2,1004,2020,Middle East-North Africa, All Countries,"      14,600,000","     381,140,000","       2,480,000","       2,350,000","         760,000","       1,350,000","         250,000","       6,380,000","     409,310,000"
247,2,1005,2020,Sub-Saharan Africa, All Countries,"     650,240,000","     329,740,000","      31,330,000","       1,650,000","         170,000","      33,440,000","       2,280,000","          90,000","   1,048,930,000"
248,2,1006,2020,Asia-Pacific, All Countries,"     319,830,000","   1,139,990,000","     887,840,000","   1,151,920,000","     499,410,000","     380,970,000","      53,220,000","         210,000","   4,433,390,000"
249,1,1,2020,Asia-Pacific,Afghanistan,"          40,000","      40,610,000","         <10,000","          10,000","         <10,000","         <10,000","          30,000","         <10,000","      40,720,000"
250,1,2,2020,Europe,Albania,"         540,000","       2,640,000","          30,000","         <10,000","         <10,000","         <10,000","         <10,000","         <10,000","       3,220,000"
251,1,3,2020,Middle East-North Africa,Algeria,"          70,000","      39,430,000","         740,000","         <10,000","         <10,000","          10,000","         <10,000","         <10,000","      40,270,000"
252,1,4,2020,Asia-Pacific,American Samoa,"          60,000","         <10,000","         <10,000","         <10,000","         <10,000","         <10,000","         <10,000","         <10,000","          60,000"
253,1,5,2020,Europe,Andorra,"          70,000","         <10,000","         <10,000","         <10,000","         <10,000","         <10,000","         <10,000","         <10,000","          80,000"
254,1,6,2020,Sub-Saharan Africa,Angola,"      22,190,000","          50,000","       1,270,000","         <10,000","         <10,000","       1,020,000","         <10,000","         <10,000","      24,530,000"
255,1,7,2020,Latin America-Caribbean,Anguilla,"          10,000","         <10,000","         <10,000","         <10,000","         <10,000","         <10,000","         <10,000","         <10,000","          20,000"
256,1,8,2020,Latin America-Caribbean,Antigua and Barbuda,"          90,000","         <10,000","         <10,000","         <10,000","         <10,000","         <10,000","         <10,000","         <10,000","         100,000"
257,1,9,2020,Latin America-Caribbean,Argentina,"      37,420,000","         410,000","       5,320,000","         <10,000","          20,000","         330,000","         120,000","         200,000","      43,830,000"
258,1,10,2020,Asia-Pacific,Armenia,"       3,180,000","         <10,000","          40,000","         <10,000","         <10,000","         <10,000","         <10,000","         <10,000","       3,230,000"
259,1,11,2020,Latin America-Caribbean,Aruba,"         100,000","         <10,000","         <10,000","         <10,000","         <10,000","         <10,000","         <10,000","         <10,000","         110,000"
260,1,12,2020,Asia-Pacific,Australia,"      15,090,000","         740,000","       6,990,000","         410,000","         720,000","         180,000","         210,000","         120,000","      24,450,000"
261,1,13,2020,Europe,Austria,"       6,720,000","         530,000","       1,250,000","         <10,000","          20,000","         <10,000","          10,000","          20,000","       8,580,000"
262,1,14,2020,Asia-Pacific,Azerbaijan,"         260,000","       9,870,000","         <10,000","         <10,000","         <10,000","         <10,000","         <10,000","         <10,000","      10,150,000"
263,1,15,2020,Latin America-Caribbean,Bahamas,"         360,000","         <10,000","          10,000","         <10,000","         <10,000","         <10,000","         <10,000","         <10,000","         380,000"
264,1,16,2020,Middle East-North Africa,Bahrain,"         210,000","       1,020,000","          30,000","         150,000","          50,000","         <10,000","         <10,000","         <10,000","       1,460,000"
265,1,17,2020,Asia-Pacific,Bangladesh,"         520,000","     153,010,000","         <10,000","      13,790,000","       1,040,000","         120,000","         120,000","         <10,000","     168,580,000"
266,1,18,2020,Latin America-Caribbean,Barbados,"         270,000","         <10,000","         <10,000","         <10,000","         <10,000","         <10,000","         <10,000","         <10,000","         280,000"
267,1,19,2020,Europe,Belarus,"       6,650,000","          50,000","       2,690,000","         <10,000","         <10,000","         <10,000","         <10,000","         <10,000","       9,410,000"
268,1,20,2020,Europe,Belgium,"       6,590,000","         810,000","       3,370,000","          10,000","          40,000","          30,000","          10,000","          30,000","      10,890,000"
269,1,21,2020,Latin America-Caribbean,Belize,"         330,000","         <10,000","          30,000","         <10,000","         <10,000","         <10,000","         <10,000","         <10,000","         380,000"
270,1,22,2020,Sub-Saharan Africa,Benin,"       6,010,000","       2,830,000","         600,000","         <10,000","         <10,000","       2,050,000","         <10,000","         <10,000","      11,500,000"
271,1,23,2020,North America,Bermuda,"          50,000","         <10,000","          10,000","         <10,000","         <10,000","         <10,000","         <10,000","         <10,000","          70,000"
272,1,24,2020,Asia-Pacific,Bhutan,"         <10,000","         <10,000","         <10,000","         190,000","         620,000","          20,000","         <10,000","         <10,000","         830,000"
273,1,25,2020,Latin America-Caribbean,Bolivia,"      11,120,000","         <10,000","         480,000","         <10,000","         <10,000","         100,000","         110,000","         <10,000","      11,830,000"
274,1,26,2020,Europe,Bosnia-Herzegovina,"       1,810,000","       1,650,000","          80,000","         <10,000","         <10,000","         <10,000","         <10,000","         <10,000","       3,540,000"
275,1,27,2020,Sub-Saharan Africa,Botswana,"       1,700,000","          20,000","         390,000","         <10,000","         <10,000","         100,000","          10,000","         <10,000","       2,220,000"
276,1,28,2020,Latin America-Caribbean,Brazil,"     185,430,000","          40,000","      17,620,000","         <10,000","         250,000","       6,680,000","         300,000","         110,000","     210,450,000"
277,1,29,2020,Latin America-Caribbean,British Virgin Islands,"          30,000","         <10,000","         <10,000","         <10,000","         <10,000","         <10,000","         <10,000","         <10,000","          30,000"
278,1,30,2020,Asia-Pacific,Brunei,"          40,000","         340,000","         <10,000","         <10,000","          40,000","          30,000","         <10,000","         <10,000","         450,000"
279,1,31,2020,Europe,Bulgaria,"       5,580,000","         980,000","         320,000","         <10,000","         <10,000","         <10,000","         <10,000","         <10,000","       6,890,000"
280,1,32,2020,Sub-Saharan Africa,Burkina Faso,"       4,930,000","      14,240,000","         110,000","         <10,000","         <10,000","       3,430,000","         <10,000","         <10,000","      22,710,000"
281,1,33,2020,Sub-Saharan Africa,Burundi,"       9,180,000","         290,000","         <10,000","         <10,000","         <10,000","         610,000","         <10,000","         <10,000","      10,080,000"
282,1,34,2020,Asia-Pacific,Cambodia,"          60,000","         320,000","          30,000","         <10,000","      15,690,000","          90,000","         <10,000","         <10,000","      16,210,000"
283,1,35,2020,Sub-Saharan Africa,Cameroon,"      16,750,000","       4,640,000","       1,260,000","         <10,000","         <10,000","         760,000","         650,000","         <10,000","      24,070,000"
284,1,36,2020,North America,Canada,"      24,280,000","       1,030,000","       8,950,000","         610,000","         370,000","         450,000","         430,000","         420,000","      36,550,000"
285,1,37,2020,Sub-Saharan Africa,Cape Verde,"         510,000","         <10,000","          50,000","         <10,000","         <10,000","         <10,000","         <10,000","         <10,000","         570,000"
286,1,38,2020,Latin America-Caribbean,Cayman Islands,"          50,000","         <10,000","         <10,000","         <10,000","         <10,000","         <10,000","         <10,000","         <10,000","          60,000"
287,1,39,2020,Sub-Saharan Africa,Central African Republic,"       4,770,000","         480,000","          50,000","         <10,000","         <10,000","          50,000","         <10,000","         <10,000","       5,360,000"
288,1,40,2020,Sub-Saharan Africa,Chad,"       6,040,000","       8,090,000","         350,000","         <10,000","         <10,000","         190,000","          20,000","         <10,000","      14,690,000"
289,1,41,2020,Europe,Channel Islands,"         130,000","         <10,000","          20,000","         <10,000","         <10,000","         <10,000","         <10,000","         <10,000","         150,000"
290,1,42,2020,Latin America-Caribbean,Chile,"      16,380,000","          10,000","       1,800,000","         <10,000","          10,000","         270,000","          40,000","          20,000","      18,540,000"
291,1,43,2020,Asia-Pacific,China,"      72,410,000","      28,010,000","     720,100,000","          30,000","     254,700,000","     304,620,000","       9,560,000","         <10,000","   1,389,430,000"
292,1,44,2020,Latin America-Caribbean,Colombia,"      48,150,000","          10,000","       3,510,000","         <10,000","         <10,000","         430,000","          40,000","         <10,000","      52,160,000"
293,1,45,2020,Sub-Saharan Africa,Comoros,"         <10,000","         940,000","         <10,000","         <10,000","         <10,000","         <10,000","         <10,000","         <10,000","         960,000"
294,1,46,2020,Sub-Saharan Africa,Republic of the Congo,"       4,480,000","          60,000","         410,000","         <10,000","         <10,000","         140,000","          50,000","         <10,000","       5,150,000"
295,1,47,2020,Sub-Saharan Africa,Democratic Republic of the Congo,"      81,520,000","       1,310,000","       1,450,000","          40,000","         <10,000","         620,000","         110,000","         <10,000","      85,060,000"
296,1,48,2020,Asia-Pacific,Cook Islands,"          20,000","         <10,000","         <10,000","         <10,000","         <10,000","         <10,000","         <10,000","         <10,000","          20,000"
297,1,49,2020,Latin America-Caribbean,Costa Rica,"       4,780,000","         <10,000","         420,000","         <10,000","         <10,000","          40,000","          20,000","         <10,000","       5,270,000"
298,1,50,2020,Sub-Saharan Africa,Ivory Coast,"      10,690,000","       9,040,000","       1,970,000","         <10,000","          10,000","       2,550,000","          40,000","         <10,000","      24,320,000"
299,1,51,2020,Europe,Croatia,"       4,010,000","          70,000","         220,000","         <10,000","         <10,000","         <10,000","         <10,000","         <10,000","       4,300,000"
300,1,52,2020,Latin America-Caribbean,Cuba,"       6,610,000","         <10,000","       2,600,000","          20,000","         <10,000","       1,980,000","         <10,000","         <10,000","      11,230,000"
301,1,53,2020,Asia-Pacific,Cyprus,"         880,000","         300,000","          20,000","         <10,000","         <10,000","         <10,000","         <10,000","         <10,000","       1,220,000"
302,1,54,2020,Europe,Czech Republic,"       2,210,000","          20,000","       8,280,000","         <10,000","          20,000","          20,000","         <10,000","         <10,000","      10,560,000"
303,1,55,2020,Europe,Denmark,"       4,640,000","         290,000","         680,000","          30,000","          20,000","         <10,000","         <10,000","         <10,000","       5,670,000"
304,1,56,2020,Sub-Saharan Africa,Djibouti,"          20,000","       1,030,000","         <10,000","         <10,000","         <10,000","         <10,000","         <10,000","         <10,000","       1,070,000"
305,1,57,2020,Latin America-Caribbean,Dominica,"          70,000","         <10,000","         <10,000","         <10,000","         <10,000","         <10,000","         <10,000","         <10,000","          70,000"
306,1,58,2020,Latin America-Caribbean,Dominican Republic,"       9,930,000","         <10,000","       1,230,000","         <10,000","         <10,000","         100,000","          10,000","         <10,000","      11,280,000"
307,1,59,2020,Latin America-Caribbean,Ecuador,"      15,490,000","         <10,000","         920,000","         <10,000","         <10,000","          50,000","         <10,000","         <10,000","      16,480,000"
308,1,60,2020,Middle East-North Africa,Egypt,"       4,440,000","      90,420,000","         <10,000","         <10,000","         <10,000","         <10,000","         <10,000","         <10,000","      94,870,000"
309,1,61,2020,Latin America-Caribbean,El Salvador,"       5,870,000","         <10,000","         740,000","         <10,000","         <10,000","          30,000","          20,000","         <10,000","       6,670,000"
310,1,62,2020,Sub-Saharan Africa,Equatorial Guinea,"         770,000","          30,000","          40,000","         <10,000","         <10,000","          10,000","         <10,000","         <10,000","         860,000"
311,1,63,2020,Sub-Saharan Africa,Eritrea,"       4,230,000","       2,460,000","         <10,000","         <10,000","         <10,000","          30,000","         <10,000","         <10,000","       6,730,000"
312,1,64,2020,Europe,Estonia,"         500,000","         <10,000","         770,000","         <10,000","         <10,000","         <10,000","         <10,000","         <10,000","       1,280,000"
313,1,65,2020,Sub-Saharan Africa,Ethiopia,"      62,610,000","      36,290,000","          60,000","         <10,000","         <10,000","       2,120,000","          10,000","         <10,000","     101,100,000"
314,1,66,2020,Europe,Faeroe Islands,"          50,000","         <10,000","         <10,000","         <10,000","         <10,000","         <10,000","         <10,000","         <10,000","          50,000"
315,1,67,2020,Latin America-Caribbean,Falkland Islands (Malvinas),"         <10,000","         <10,000","         <10,000","         <10,000","         <10,000","         <10,000","         <10,000","         <10,000","         <10,000"
316,1,68,2020,Asia-Pacific,Fiji,"         630,000","          60,000","         <10,000","         270,000","         <10,000","         <10,000","         <10,000","         <10,000","         980,000"
317,1,69,2020,Europe,Finland,"       4,280,000","          70,000","       1,140,000","         <10,000","         <10,000","         <10,000","         <10,000","         <10,000","       5,510,000"
318,1,70,2020,Europe,France,"      37,940,000","       5,430,000","      20,830,000","          40,000","         310,000","         250,000","         110,000","         340,000","      65,260,000"
319,1,71,2020,Latin America-Caribbean,French Guiana,"         240,000","         <10,000","          10,000","         <10,000","         <10,000","          20,000","         <10,000","         <10,000","         280,000"
320,1,72,2020,Asia-Pacific,French Polynesia,"         280,000","         <10,000","          10,000","         <10,000","         <10,000","         <10,000","         <10,000","         <10,000","         300,000"
321,1,73,2020,Sub-Saharan Africa,Gabon,"       1,400,000","         230,000","         110,000","         <10,000","         <10,000","         110,000","          10,000","         <10,000","       1,860,000"
322,1,74,2020,Sub-Saharan Africa,Gambia,"         100,000","       2,260,000","         <10,000","         <10,000","         <10,000","         <10,000","         <10,000","         <10,000","       2,370,000"
323,1,75,2020,Europe,Georgia,"       3,690,000","         490,000","          30,000","         <10,000","         <10,000","         <10,000","         <10,000","         <10,000","       4,220,000"
324,1,76,2020,Europe,Germany,"      53,190,000","       5,530,000","      21,150,000","          80,000","         230,000","          40,000","         100,000","         220,000","      80,540,000"
325,1,77,2020,Sub-Saharan Africa,Ghana,"      22,330,000","       5,300,000","       1,160,000","         <10,000","         <10,000","       1,500,000","          40,000","         <10,000","      30,350,000"
326,1,78,2020,Europe,Gibraltar,"          30,000","         <10,000","         <10,000","         <10,000","         <10,000","         <10,000","         <10,000","         <10,000","          30,000"
327,1,79,2020,Europe,Greece,"       9,850,000","         660,000","         690,000","          20,000","         <10,000","          10,000","          10,000","         <10,000","      11,250,000"
328,1,80,2020,North America,Greenland,"          50,000","         <10,000","         <10,000","         <10,000","         <10,000","         <10,000","         <10,000","         <10,000","          60,000"
329,1,81,2020,Latin America-Caribbean,Grenada,"         120,000","         <10,000","         <10,000","         <10,000","         <10,000","         <10,000","         <10,000","         <10,000","         120,000"
330,1,82,2020,Latin America-Caribbean,Guadeloupe,"         470,000","         <10,000","          10,000","         <10,000","         <10,000","         <10,000","         <10,000","         <10,000","         490,000"
331,1,83,2020,Asia-Pacific,Guam,"         190,000","         <10,000","         <10,000","         <10,000","         <10,000","         <10,000","         <10,000","         <10,000","         200,000"
332,1,84,2020,Latin America-Caribbean,Guatemala,"      17,360,000","         <10,000","         720,000","         <10,000","         <10,000","         110,000","          20,000","         <10,000","      18,210,000"
333,1,85,2020,Sub-Saharan Africa,Guinea,"       1,380,000","      10,800,000","         230,000","         <10,000","          10,000","         340,000","         <10,000","         <10,000","      12,760,000"
334,1,86,2020,Sub-Saharan Africa,Guinea-Bissau,"         350,000","         850,000","          80,000","         <10,000","         <10,000","         560,000","         <10,000","         <10,000","       1,840,000"
335,1,87,2020,Latin America-Caribbean,Guyana,"         580,000","          50,000","          20,000","         200,000","         <10,000","         <10,000","         <10,000","         <10,000","         850,000"
336,1,88,2020,Latin America-Caribbean,Haiti,"      10,040,000","         <10,000","       1,230,000","         <10,000","         <10,000","         240,000","          30,000","         <10,000","      11,550,000"
337,1,89,2020,Europe,Vatican City,"         <10,000","         <10,000","         <10,000","         <10,000","         <10,000","         <10,000","         <10,000","         <10,000","         <10,000"
338,1,90,2020,Latin America-Caribbean,Honduras,"       7,950,000","          10,000","         950,000","         <10,000","          10,000","         100,000","          60,000","         <10,000","       9,090,000"
339,1,91,2020,Asia-Pacific,Hong Kong,"       1,120,000","         160,000","       4,090,000","          30,000","       1,000,000","         970,000","         110,000","         <10,000","       7,480,000"
340,1,92,2020,Europe,Hungary,"       7,680,000","          10,000","       1,970,000","         <10,000","         <10,000","         <10,000","         <10,000","         <10,000","       9,690,000"
341,1,93,2020,Europe,Iceland,"         330,000","         <10,000","          10,000","         <10,000","         <10,000","         <10,000","         <10,000","         <10,000","         350,000"
342,1,94,2020,Asia-Pacific,India,"      33,800,000","     213,340,000","         900,000","   1,093,780,000","      10,140,000","       6,540,000","      28,520,000","          10,000","   1,387,030,000"
343,1,95,2020,Asia-Pacific,Indonesia,"      26,930,000","     229,620,000","         240,000","       4,210,000","       1,800,000","         750,000","         360,000","         <10,000","     263,910,000"
344,1,96,2020,Asia-Pacific,Iran,"         100,000","      80,880,000","         100,000","          20,000","         <10,000","         <10,000","         140,000","         <10,000","      81,250,000"
345,1,97,2020,Middle East-North Africa,Iraq,"         320,000","      41,430,000","          50,000","         <10,000","         <10,000","         <10,000","          20,000","         <10,000","      41,830,000"
346,1,98,2020,Europe,Ireland,"       4,590,000","          80,000","         400,000","          20,000","          10,000","         <10,000","         <10,000","         <10,000","       5,110,000"
347,1,99,2020,Europe,Isle of Man,"          80,000","         <10,000","          10,000","         <10,000","         <10,000","         <10,000","         <10,000","         <10,000","          90,000"
348,1,100,2020,Middle East-North Africa,Israel,"         180,000","       1,730,000","         280,000","         <10,000","          20,000","          20,000","          10,000","       6,360,000","       8,600,000"
349,1,101,2020,Europe,Italy,"      48,720,000","       2,960,000","       8,100,000","         140,000","         150,000","         100,000","          60,000","          50,000","      60,270,000"
350,1,102,2020,Latin America-Caribbean,Jamaica,"       2,270,000","         <10,000","         500,000","         <10,000","         <10,000","         140,000","          30,000","         <10,000","       2,930,000"
351,1,103,2020,Asia-Pacific,Japan,"       2,190,000","         220,000","      74,780,000","          40,000","      41,380,000","         500,000","       5,550,000","         <10,000","     124,660,000"
352,1,104,2020,Middle East-North Africa,Jordan,"         160,000","       7,410,000","         <10,000","          10,000","          30,000","         <10,000","         <10,000","         <10,000","       7,640,000"
353,1,105,2020,Asia-Pacific,Kazakhstan,"       4,130,000","      12,870,000","         720,000","         <10,000","          60,000","          70,000","          20,000","         <10,000","      17,880,000"
354,1,106,2020,Sub-Saharan Africa,Kenya,"      44,460,000","       5,550,000","       1,200,000","          70,000","         <10,000","         780,000","         570,000","         <10,000","      52,630,000"
355,1,107,2020,Asia-Pacific,Kiribati,"         110,000","         <10,000","         <10,000","         <10,000","         <10,000","         <10,000","         <10,000","         <10,000","         110,000"
356,1,108,2020,Europe,Kosovo,"         100,000","       1,750,000","         <10,000","         <10,000","         <10,000","         <10,000","         <10,000","         <10,000","       1,860,000"
357,1,109,2020,Middle East-North Africa,Kuwait,"         450,000","       2,350,000","         <10,000","         330,000","         180,000","         <10,000","         <10,000","         <10,000","       3,320,000"
358,1,110,2020,Asia-Pacific,Kyrgyzstan,"         620,000","       5,540,000","          30,000","         <10,000","         <10,000","         <10,000","         <10,000","         <10,000","       6,190,000"
359,1,111,2020,Asia-Pacific,Laos,"         110,000","         <10,000","          60,000","         <10,000","       4,630,000","       2,370,000","          50,000","         <10,000","       7,240,000"
360,1,112,2020,Europe,Latvia,"       1,160,000","         <10,000","         960,000","         <10,000","         <10,000","         <10,000","         <10,000","         <10,000","       2,130,000"
361,1,113,2020,Middle East-North Africa,Lebanon,"       1,740,000","       2,780,000","          10,000","         <10,000","         <10,000","         <10,000","         <10,000","         <10,000","       4,550,000"
362,1,114,2020,Sub-Saharan Africa,Lesotho,"       2,310,000","         <10,000","          70,000","         <10,000","         <10,000","         <10,000","         <10,000","         <10,000","       2,380,000"
363,1,115,2020,Sub-Saharan Africa,Liberia,"       4,480,000","         610,000","          70,000","         <10,000","         <10,000","          30,000","         <10,000","         <10,000","       5,200,000"
364,1,116,2020,Middle East-North Africa,Libya,"         200,000","       7,170,000","          10,000","         <10,000","          20,000","         <10,000","         <10,000","         <10,000","       7,420,000"
365,1,117,2020,Europe,Liechtenstein,"          40,000","         <10,000","         <10,000","         <10,000","         <10,000","         <10,000","         <10,000","         <10,000","          40,000"
366,1,118,2020,Europe,Lithuania,"       2,820,000","         <10,000","         310,000","         <10,000","         <10,000","         <10,000","         <10,000","         <10,000","       3,130,000"
367,1,119,2020,Europe,Luxembourg,"         370,000","          10,000","         140,000","         <10,000","         <10,000","         <10,000","         <10,000","         <10,000","         520,000"
368,1,120,2020,Asia-Pacific,Macau,"          40,000","         <10,000","          90,000","         <10,000","         100,000","         340,000","         <10,000","         <10,000","         570,000"
369,1,121,2020,Europe,Republic of Macedonia,"       1,100,000","         870,000","          30,000","         <10,000","         <10,000","         <10,000","         <10,000","         <10,000","       2,000,000"
370,1,122,2020,Sub-Saharan Africa,Madagascar,"      23,200,000","         850,000","       2,010,000","          20,000","         <10,000","       1,270,000","          30,000","         <10,000","      27,380,000"
371,1,123,2020,Sub-Saharan Africa,Malawi,"      17,280,000","       2,660,000","         410,000","          10,000","         <10,000","         340,000","          10,000","         <10,000","      20,720,000"
372,1,124,2020,Asia-Pacific,Malaysia,"       3,140,000","      22,070,000","         200,000","       1,940,000","       5,220,000","         730,000","          50,000","         <10,000","      33,360,000"
373,1,125,2020,Asia-Pacific,Maldives,"         <10,000","         350,000","         <10,000","         <10,000","         <10,000","         <10,000","         <10,000","         <10,000","         360,000"
374,1,126,2020,Sub-Saharan Africa,Mali,"         490,000","      19,610,000","         110,000","         <10,000","         <10,000","         530,000","         <10,000","         <10,000","      20,730,000"
375,1,127,2020,Europe,Malta,"         400,000","         <10,000","          10,000","         <10,000","         <10,000","         <10,000","         <10,000","         <10,000","         420,000"
376,1,128,2020,Asia-Pacific,Marshall Islands,"          50,000","         <10,000","         <10,000","         <10,000","         <10,000","         <10,000","         <10,000","         <10,000","          50,000"
377,1,129,2020,Latin America-Caribbean,Martinique,"         400,000","         <10,000","         <10,000","         <10,000","         <10,000","         <10,000","         <10,000","         <10,000","         420,000"
378,1,130,2020,Sub-Saharan Africa,Mauritania,"          10,000","       4,310,000","         <10,000","         <10,000","         <10,000","          20,000","         <10,000","         <10,000","       4,350,000"
379,1,131,2020,Sub-Saharan Africa,Mauritius,"         440,000","         230,000","          10,000","         640,000","         <10,000","         <10,000","         <10,000","         <10,000","       1,330,000"
380,1,132,2020,Sub-Saharan Africa,Mayotte,"         <10,000","         270,000","         <10,000","         <10,000","         <10,000","         <10,000","         <10,000","         <10,000","         270,000"
381,1,133,2020,Latin America-Caribbean,Mexico,"     118,570,000","         <10,000","       7,240,000","         <10,000","          10,000","          70,000","          20,000","          80,000","     126,010,000"
382,1,134,2020,Asia-Pacific,Federated States of Micronesia,"         130,000","         <10,000","         <10,000","         <10,000","         <10,000","         <10,000","         <10,000","         <10,000","         130,000"
383,1,135,2020,Europe,Moldova,"       3,260,000","          30,000","          40,000","         <10,000","         <10,000","         <10,000","         <10,000","          20,000","       3,350,000"
384,1,136,2020,Europe,Monaco,"          30,000","         <10,000","         <10,000","         <10,000","         <10,000","         <10,000","         <10,000","         <10,000","          40,000"
385,1,137,2020,Asia-Pacific,Mongolia,"          70,000","         110,000","       1,160,000","         <10,000","       1,730,000","         110,000","         <10,000","         <10,000","       3,190,000"
386,1,138,2020,Europe,Montenegro,"         490,000","         130,000","          20,000","         <10,000","         <10,000","         <10,000","         <10,000","         <10,000","         640,000"
387,1,139,2020,Latin America-Caribbean,Montserrat,"         <10,000","         <10,000","         <10,000","         <10,000","         <10,000","         <10,000","         <10,000","         <10,000","         <10,000"
388,1,140,2020,Middle East-North Africa,Morocco,"          20,000","      35,510,000","         <10,000","         <10,000","         <10,000","         <10,000","         <10,000","         <10,000","      35,530,000"
389,1,141,2020,Sub-Saharan Africa,Mozambique,"      16,760,000","       5,000,000","       5,020,000","          10,000","         <10,000","       2,210,000","         <10,000","         <10,000","      29,000,000"
390,1,142,2020,Asia-Pacific,Burma (Myanmar),"       4,040,000","       2,200,000","         260,000","         890,000","      41,440,000","       2,990,000","          90,000","         <10,000","      51,910,000"
391,1,143,2020,Sub-Saharan Africa,Namibia,"       2,600,000","         <10,000","          50,000","         <10,000","         <10,000","         <10,000","         <10,000","         <10,000","       2,670,000"
392,1,144,2020,Asia-Pacific,Nauru,"         <10,000","         <10,000","         <10,000","         <10,000","         <10,000","         <10,000","         <10,000","         <10,000","          10,000"
393,1,145,2020,Asia-Pacific,Nepal,"         170,000","       1,790,000","          90,000","      28,600,000","       3,540,000","       1,290,000","          30,000","         <10,000","      35,490,000"
394,1,146,2020,Europe,Netherlands,"       8,070,000","       1,170,000","       7,550,000","         100,000","          50,000","          40,000","          40,000","          30,000","      17,040,000"
395,1,148,2020,Asia-Pacific,New Caledonia,"         230,000","         <10,000","          30,000","         <10,000","         <10,000","         <10,000","         <10,000","         <10,000","         280,000"
396,1,149,2020,Asia-Pacific,New Zealand,"       2,540,000","          80,000","       1,910,000","         120,000","          90,000","          20,000","          40,000","         <10,000","       4,810,000"
397,1,150,2020,Latin America-Caribbean,Nicaragua,"       5,710,000","         <10,000","         870,000","         <10,000","         <10,000","          90,000","         <10,000","         <10,000","       6,690,000"
398,1,151,2020,Sub-Saharan Africa,Niger,"         200,000","      21,660,000","         170,000","         <10,000","         <10,000","          20,000","         <10,000","         <10,000","      22,040,000"
399,1,152,2020,Sub-Saharan Africa,Nigeria,"      96,080,000","     104,650,000","         790,000","         <10,000","          20,000","       3,050,000","         110,000","         <10,000","     204,690,000"
400,1,153,2020,Asia-Pacific,Niue,"         <10,000","         <10,000","         <10,000","         <10,000","         <10,000","         <10,000","         <10,000","         <10,000","         <10,000"
401,1,154,2020,Asia-Pacific,North Korea,"         500,000","         <10,000","      18,070,000","         <10,000","         380,000","       3,130,000","       3,270,000","         <10,000","      25,350,000"
402,1,155,2020,Asia-Pacific,Northern Mariana Islands,"          50,000","         <10,000","         <10,000","         <10,000","         <10,000","         <10,000","         <10,000","         <10,000","          60,000"
403,1,156,2020,Europe,Norway,"       4,230,000","         250,000","         600,000","          30,000","          40,000","         <10,000","          10,000","         <10,000","       5,180,000"
404,1,157,2020,Middle East-North Africa,Oman,"         220,000","       2,890,000","          10,000","         190,000","          20,000","         <10,000","          30,000","         <10,000","       3,370,000"
405,1,158,2020,Asia-Pacific,Pakistan,"       3,260,000","     200,490,000","          30,000","       3,990,000","          20,000","          40,000","          30,000","         <10,000","     207,860,000"
406,1,159,2020,Asia-Pacific,Palau,"          20,000","         <10,000","         <10,000","         <10,000","         <10,000","         <10,000","         <10,000","         <10,000","          20,000"
407,1,160,2020,Middle East-North Africa,Palestinian territories,"         110,000","       5,250,000","         <10,000","         <10,000","         <10,000","         <10,000","         <10,000","         <10,000","       5,360,000"
408,1,161,2020,Latin America-Caribbean,Panama,"       3,720,000","          30,000","         200,000","         <10,000","         <10,000","          20,000","          20,000","          20,000","       4,020,000"
409,1,162,2020,Asia-Pacific,Papua New Guinea,"       8,390,000","         <10,000","         <10,000","         <10,000","         <10,000","          40,000","          20,000","         <10,000","       8,460,000"
410,1,163,2020,Latin America-Caribbean,Paraguay,"       7,390,000","         <10,000","          90,000","         <10,000","         <10,000","         130,000","          10,000","         <10,000","       7,630,000"
411,1,164,2020,Latin America-Caribbean,Peru,"      31,420,000","         <10,000","       1,010,000","         <10,000","          50,000","         330,000","         110,000","         <10,000","      32,920,000"
412,1,165,2020,Asia-Pacific,Philippines,"     102,320,000","       6,330,000","         110,000","         <10,000","         100,000","       1,750,000","         160,000","         <10,000","     110,780,000"
413,1,167,2020,Europe,Poland,"      35,120,000","          20,000","       2,780,000","         <10,000","         <10,000","         <10,000","         <10,000","          10,000","      37,950,000"
414,1,168,2020,Europe,Portugal,"       9,370,000","          40,000","         890,000","         <10,000","          20,000","          20,000","         <10,000","         <10,000","      10,360,000"
415,1,169,2020,Latin America-Caribbean,Puerto Rico,"       3,660,000","         <10,000","          80,000","         <10,000","          10,000","          30,000","         <10,000","         <10,000","       3,790,000"
416,1,170,2020,Middle East-North Africa,Qatar,"         310,000","       1,490,000","          20,000","         360,000","          90,000","         <10,000","          10,000","         <10,000","       2,290,000"
417,1,171,2020,Sub-Saharan Africa,Reunion,"         820,000","          40,000","          20,000","          40,000","         <10,000","         <10,000","          10,000","         <10,000","         940,000"
418,1,172,2020,Europe,Romania,"      20,320,000","          80,000","          20,000","         <10,000","         <10,000","         <10,000","         <10,000","         <10,000","      20,430,000"
419,1,173,2020,Europe,Russia,"     101,900,000","      15,940,000","      21,190,000","          60,000","         170,000","         300,000","          10,000","         200,000","     139,760,000"
420,1,174,2020,Sub-Saharan Africa,Rwanda,"      13,230,000","         310,000","         430,000","         <10,000","         <10,000","         100,000","          30,000","         <10,000","      14,100,000"
421,1,175,2020,Sub-Saharan Africa,St. Helena,"         <10,000","         <10,000","         <10,000","         <10,000","         <10,000","         <10,000","         <10,000","         <10,000","         <10,000"
422,1,176,2020,Latin America-Caribbean,St. Kitts and Nevis,"          60,000","         <10,000","         <10,000","         <10,000","         <10,000","         <10,000","         <10,000","         <10,000","          60,000"
423,1,177,2020,Latin America-Caribbean,St. Lucia,"         180,000","         <10,000","          10,000","         <10,000","         <10,000","         <10,000","         <10,000","         <10,000","         190,000"
424,1,178,2020,North America,St. Pierre and Miquelon,"         <10,000","         <10,000","         <10,000","         <10,000","         <10,000","         <10,000","         <10,000","         <10,000","         <10,000"
425,1,179,2020,Latin America-Caribbean,St. Vincent and the Grenadines,"         110,000","         <10,000","         <10,000","         <10,000","         <10,000","         <10,000","         <10,000","         <10,000","         120,000"
426,1,180,2020,Asia-Pacific,Samoa,"         220,000","         <10,000","         <10,000","         <10,000","         <10,000","         <10,000","         <10,000","         <10,000","         220,000"
427,1,181,2020,Europe,San Marino,"          30,000","         <10,000","         <10,000","         <10,000","         <10,000","         <10,000","         <10,000","         <10,000","          30,000"
428,1,182,2020,Sub-Saharan Africa,Sao Tome and Principe,"         170,000","         <10,000","          30,000","         <10,000","         <10,000","         <10,000","         <10,000","         <10,000","         210,000"
429,1,183,2020,Middle East-North Africa,Saudi Arabia,"       1,450,000","      30,690,000","         210,000","         440,000","         130,000","          90,000","          80,000","         <10,000","      33,090,000"
430,1,184,2020,Sub-Saharan Africa,Senegal,"         530,000","      15,480,000","         <10,000","         <10,000","         <10,000","         <10,000","         <10,000","         <10,000","      16,020,000"
431,1,185,2020,Europe,Serbia,"       7,040,000","         390,000","         260,000","         <10,000","         <10,000","         <10,000","         <10,000","         <10,000","       7,690,000"
432,1,186,2020,Sub-Saharan Africa,Seychelles,"          90,000","         <10,000","         <10,000","         <10,000","         <10,000","         <10,000","         <10,000","         <10,000","         100,000"
433,1,187,2020,Sub-Saharan Africa,Sierra Leone,"       1,460,000","       5,620,000","         <10,000","         <10,000","         <10,000","          60,000","         <10,000","         <10,000","       7,160,000"
434,1,188,2020,Asia-Pacific,Singapore,"       1,040,000","         950,000","         970,000","         380,000","       1,890,000","         140,000","         500,000","         <10,000","       5,870,000"
435,1,189,2020,Europe,Slovakia,"       4,640,000","          20,000","         880,000","         <10,000","         <10,000","         <10,000","         <10,000","         <10,000","       5,550,000"
436,1,190,2020,Europe,Slovenia,"       1,550,000","          80,000","         380,000","         <10,000","         <10,000","         <10,000","         <10,000","         <10,000","       2,010,000"
437,1,191,2020,Asia-Pacific,Solomon Islands,"         670,000","         <10,000","         <10,000","         <10,000","         <10,000","         <10,000","         <10,000","         <10,000","         680,000"
438,1,192,2020,Sub-Saharan Africa,Somalia,"         <10,000","      12,110,000","         <10,000","         <10,000","         <10,000","         <10,000","         <10,000","         <10,000","      12,140,000"
439,1,193,2020,Sub-Saharan Africa,South Africa,"      43,530,000","       1,010,000","       8,220,000","         540,000","          90,000","         260,000","         180,000","          60,000","      53,890,000"
440,1,194,2020,Asia-Pacific,South Korea,"      15,000,000","         150,000","      23,250,000","          20,000","      10,950,000","         410,000","         110,000","         <10,000","      49,890,000"
441,1,195,2020,Europe,Spain,"      36,410,000","       1,610,000","      10,190,000","          40,000","          20,000","          50,000","          20,000","          60,000","      48,400,000"
442,1,196,2020,Asia-Pacific,Sri Lanka,"       1,620,000","       2,340,000","         <10,000","       3,090,000","      15,440,000","         <10,000","         <10,000","         <10,000","      22,510,000"
443,1,197,2020,Middle East-North Africa,Sudan,"       2,280,000","      38,430,000","         440,000","         <10,000","         <10,000","       1,200,000","         <10,000","         <10,000","      42,360,000"
444,1,198,2020,Latin America-Caribbean,Suriname,"         300,000","          80,000","          40,000","         110,000","         <10,000","          30,000","          10,000","         <10,000","         580,000"
445,1,199,2020,Sub-Saharan Africa,Swaziland,"       1,180,000","         <10,000","         130,000","         <10,000","         <10,000","          10,000","         <10,000","         <10,000","       1,330,000"
446,1,200,2020,Europe,Sweden,"       6,210,000","         640,000","       2,860,000","          30,000","          60,000","          20,000","          20,000","          10,000","       9,860,000"
447,1,201,2020,Europe,Switzerland,"       5,530,000","         440,000","       1,800,000","          40,000","          50,000","         <10,000","          10,000","          20,000","       7,900,000"
448,1,202,2020,Middle East-North Africa,Syria,"       1,260,000","      22,590,000","         500,000","         <10,000","         <10,000","         <10,000","         <10,000","         <10,000","      24,350,000"
449,1,203,2020,Asia-Pacific,Taiwan,"       1,350,000","          10,000","       3,190,000","         <10,000","       4,930,000","      10,190,000","       3,610,000","         <10,000","      23,280,000"
450,1,204,2020,Asia-Pacific,Tajikistan,"         150,000","       8,130,000","         130,000","         <10,000","         <10,000","         <10,000","         <10,000","         <10,000","       8,430,000"
451,1,205,2020,Sub-Saharan Africa,Tanzania,"      38,740,000","      20,950,000","       1,000,000","          50,000","         <10,000","         670,000","          20,000","         <10,000","      61,440,000"
452,1,206,2020,Asia-Pacific,Thailand,"         650,000","       4,290,000","         200,000","          80,000","      66,120,000","          60,000","         <10,000","         <10,000","      71,420,000"
453,1,207,2020,Asia-Pacific,Timor-Leste,"       1,520,000","         <10,000","         <10,000","         <10,000","         <10,000","         <10,000","         <10,000","         <10,000","       1,530,000"
454,1,208,2020,Sub-Saharan Africa,Togo,"       3,070,000","       1,020,000","         450,000","         <10,000","         <10,000","       2,680,000","          40,000","         <10,000","       7,260,000"
455,1,209,2020,Asia-Pacific,Tokelau,"         <10,000","         <10,000","         <10,000","         <10,000","         <10,000","         <10,000","         <10,000","         <10,000","         <10,000"
456,1,210,2020,Asia-Pacific,Tonga,"         130,000","         <10,000","         <10,000","         <10,000","         <10,000","         <10,000","         <10,000","         <10,000","         130,000"
457,1,211,2020,Latin America-Caribbean,Trinidad and Tobago,"         910,000","          80,000","          30,000","         310,000","         <10,000","          30,000","          20,000","         <10,000","       1,370,000"
458,1,212,2020,Middle East-North Africa,Tunisia,"          20,000","      11,440,000","          30,000","         <10,000","         <10,000","         <10,000","         <10,000","         <10,000","      11,490,000"
459,1,213,2020,Asia-Pacific,Turkey,"         380,000","      79,090,000","         960,000","         <10,000","          40,000","          30,000","         170,000","          30,000","      80,680,000"
460,1,214,2020,Asia-Pacific,Turkmenistan,"         370,000","       5,340,000","          30,000","         <10,000","         <10,000","         <10,000","         <10,000","         <10,000","       5,740,000"
461,1,215,2020,Latin America-Caribbean,Turks and Caicos Islands,"          30,000","         <10,000","         <10,000","         <10,000","         <10,000","         <10,000","         <10,000","         <10,000","          40,000"
462,1,216,2020,Asia-Pacific,Tuvalu,"         <10,000","         <10,000","         <10,000","         <10,000","         <10,000","         <10,000","         <10,000","         <10,000","          10,000"
463,1,217,2020,Sub-Saharan Africa,Uganda,"      39,390,000","       5,550,000","         230,000","         140,000","         <10,000","         390,000","          50,000","         <10,000","      45,760,000"
464,1,218,2020,Europe,Ukraine,"      36,860,000","         730,000","       5,370,000","          30,000","          20,000","          20,000","         <10,000","          40,000","      43,070,000"
465,1,219,2020,Middle East-North Africa,United Arab Emirates,"       1,110,000","       6,420,000","         100,000","         660,000","         210,000","         <10,000","          60,000","         <10,000","       8,560,000"
466,1,220,2020,Europe,United Kingdom,"      38,020,000","       3,950,000","      20,070,000","       1,030,000","         380,000","          90,000","         500,000","         270,000","      64,310,000"
467,1,221,2020,North America,United States,"     252,870,000","       3,850,000","      62,310,000","       2,510,000","       4,170,000","         850,000","       2,770,000","       5,700,000","     335,030,000"
468,1,222,2020,Latin America-Caribbean,U.S. Virgin Islands,"         110,000","         <10,000","         <10,000","         <10,000","         <10,000","         <10,000","         <10,000","         <10,000","         110,000"
469,1,223,2020,Latin America-Caribbean,Uruguay,"       1,990,000","         <10,000","       1,450,000","         <10,000","         <10,000","          30,000","          10,000","         <10,000","       3,490,000"
470,1,224,2020,Asia-Pacific,Uzbekistan,"         620,000","      30,180,000","         240,000","         <10,000","          10,000","          20,000","         <10,000","          10,000","      31,080,000"
471,1,225,2020,Asia-Pacific,Vanuatu,"         280,000","         <10,000","         <10,000","         <10,000","         <10,000","          10,000","         <10,000","         <10,000","         300,000"
472,1,226,2020,Latin America-Caribbean,Venezuela,"      29,540,000","         100,000","       3,220,000","         <10,000","         <10,000","         120,000","          30,000","         <10,000","      33,010,000"
473,1,227,2020,Asia-Pacific,Vietnam,"       8,070,000","         180,000","      28,760,000","         <10,000","      15,560,000","      43,360,000","         390,000","         <10,000","      96,320,000"
474,1,228,2020,Asia-Pacific,Wallis and Futuna,"          10,000","         <10,000","         <10,000","         <10,000","         <10,000","         <10,000","         <10,000","         <10,000","          10,000"
475,1,229,2020,Middle East-North Africa,Western Sahara,"         <10,000","         610,000","         <10,000","         <10,000","         <10,000","         <10,000","         <10,000","         <10,000","         610,000"
476,1,230,2020,Middle East-North Africa,Yemen,"          50,000","      32,060,000","          30,000","         200,000","         <10,000","         <10,000","         <10,000","         <10,000","      32,360,000"
477,1,231,2020,Sub-Saharan Africa,Zambia,"      17,510,000","         110,000","         100,000","          20,000","         <10,000","          60,000","         170,000","         <10,000","      17,970,000"
478,1,232,2020,Sub-Saharan Africa,Zimbabwe,"      12,720,000","         140,000","       1,110,000","         <10,000","         <10,000","         580,000","          40,000","          10,000","      14,610,000"
479,1,237,2020,Sub-Saharan Africa,South Sudan,"       7,530,000","         770,000","          60,000","         <10,000","         <10,000","       4,090,000","         <10,000","         <10,000","      12,450,000"
480,1,238,2020,Latin America-Caribbean,Curacao,"         160,000","         <10,000","         <10,000","         <10,000","         <10,000","         <10,000","         <10,000","         <10,000","         170,000"
481,1,239,2020,Latin America-Caribbean,Sint Maarten,"          50,000","         <10,000","         <10,000","         <10,000","         <10,000","         <10,000","         <10,000","         <10,000","          50,000"
482,1,240,2020,Latin America-Caribbean,Caribbean Netherlands,"          20,000","         <10,000","         <10,000","         <10,000","         <10,000","         <10,000","         <10,000","         <10,000","          20,000"
483,3,10000,2030, World, All Countries,"   2,578,790,000","   2,209,270,000","   1,233,020,000","   1,267,290,000","     511,300,000","     445,490,000","      62,490,000","      15,260,000","   8,322,920,000"
484,2,1001,2030,North America, All Countries,"     283,250,000","       6,590,000","      85,510,000","       4,050,000","       5,190,000","       1,690,000","       4,330,000","       6,140,000","     396,760,000"
485,2,1002,2030,Latin America-Caribbean, All Countries,"     627,490,000","         930,000","      58,320,000","         690,000","         460,000","      12,830,000","       1,130,000","         480,000","     702,340,000"
486,2,1003,2030,Europe, All Countries,"     510,110,000","      57,180,000","     154,910,000","       2,030,000","       1,970,000","       1,230,000","       1,030,000","       1,320,000","     729,770,000"
487,2,1004,2030,Middle East-North Africa, All Countries,"      16,160,000","     443,140,000","       2,800,000","       2,900,000","         950,000","       1,650,000","         260,000","       7,010,000","     474,880,000"
488,2,1005,2030,Sub-Saharan Africa, All Countries,"     794,950,000","     428,400,000","      37,320,000","       1,730,000","         190,000","      41,940,000","       2,720,000","          80,000","   1,307,320,000"
489,2,1006,2030,Asia-Pacific, All Countries,"     346,840,000","   1,273,030,000","     894,150,000","   1,255,880,000","     502,550,000","     386,140,000","      53,020,000","         230,000","   4,711,830,000"
490,1,1,2030,Asia-Pacific,Afghanistan,"          50,000","      51,030,000","          10,000","          20,000","          10,000","         <10,000","          40,000","         <10,000","      51,170,000"
491,1,2,2030,Europe,Albania,"         490,000","       2,630,000","          20,000","         <10,000","         <10,000","         <10,000","         <10,000","         <10,000","       3,150,000"
492,1,3,2030,Middle East-North Africa,Algeria,"          70,000","      42,660,000","         800,000","         <10,000","         <10,000","          10,000","         <10,000","         <10,000","      43,560,000"
493,1,4,2030,Asia-Pacific,American Samoa,"          60,000","         <10,000","         <10,000","         <10,000","         <10,000","         <10,000","         <10,000","         <10,000","          60,000"
494,1,5,2030,Europe,Andorra,"          80,000","         <10,000","         <10,000","         <10,000","         <10,000","         <10,000","         <10,000","         <10,000","          90,000"
495,1,6,2030,Sub-Saharan Africa,Angola,"      27,500,000","          60,000","       1,570,000","         <10,000","         <10,000","       1,250,000","         <10,000","         <10,000","      30,390,000"
496,1,7,2030,Latin America-Caribbean,Anguilla,"          10,000","         <10,000","         <10,000","         <10,000","         <10,000","         <10,000","         <10,000","         <10,000","          20,000"
497,1,8,2030,Latin America-Caribbean,Antigua and Barbuda,"         100,000","         <10,000","         <10,000","         <10,000","         <10,000","         <10,000","         <10,000","         <10,000","         100,000"
498,1,9,2030,Latin America-Caribbean,Argentina,"      39,880,000","         410,000","       5,620,000","         <10,000","          20,000","         320,000","         120,000","         190,000","      46,570,000"
499,1,10,2030,Asia-Pacific,Armenia,"       3,200,000","          20,000","          40,000","         <10,000","         <10,000","         <10,000","         <10,000","         <10,000","       3,270,000"
500,1,11,2030,Latin America-Caribbean,Aruba,"         100,000","         <10,000","         <10,000","         <10,000","         <10,000","         <10,000","         <10,000","         <10,000","         110,000"
501,1,12,2030,Asia-Pacific,Australia,"      14,890,000","         940,000","       8,640,000","         490,000","         810,000","         210,000","         240,000","         130,000","      26,340,000"
502,1,13,2030,Europe,Austria,"       6,640,000","         610,000","       1,330,000","          10,000","          30,000","          10,000","          10,000","          20,000","       8,670,000"
503,1,14,2030,Asia-Pacific,Azerbaijan,"         250,000","      10,400,000","         <10,000","         <10,000","         <10,000","         <10,000","         <10,000","         <10,000","      10,660,000"
504,1,15,2030,Latin America-Caribbean,Bahamas,"         390,000","         <10,000","          10,000","         <10,000","         <10,000","         <10,000","         <10,000","         <10,000","         400,000"
505,1,16,2030,Middle East-North Africa,Bahrain,"         220,000","       1,120,000","          30,000","         170,000","          60,000","         <10,000","         <10,000","         <10,000","       1,610,000"
506,1,17,2030,Asia-Pacific,Bangladesh,"         580,000","     168,050,000","         <10,000","      14,490,000","       1,130,000","         130,000","         130,000","         <10,000","     184,500,000"
507,1,18,2030,Latin America-Caribbean,Barbados,"         270,000","         <10,000","         <10,000","         <10,000","         <10,000","         <10,000","         <10,000","         <10,000","         280,000"
508,1,19,2030,Europe,Belarus,"       6,450,000","         100,000","       2,570,000","         <10,000","         <10,000","         <10,000","         <10,000","         <10,000","       9,130,000"
509,1,20,2030,Europe,Belgium,"       6,320,000","         980,000","       3,570,000","          20,000","          50,000","          40,000","          10,000","          30,000","      11,010,000"
510,1,21,2030,Latin America-Caribbean,Belize,"         390,000","         <10,000","          40,000","         <10,000","         <10,000","         <10,000","         <10,000","         <10,000","         440,000"
511,1,22,2030,Sub-Saharan Africa,Benin,"       7,410,000","       3,720,000","         790,000","         <10,000","         <10,000","       2,650,000","         <10,000","         <10,000","      14,560,000"
512,1,23,2030,North America,Bermuda,"          50,000","         <10,000","          10,000","         <10,000","         <10,000","         <10,000","         <10,000","         <10,000","          70,000"
513,1,24,2030,Asia-Pacific,Bhutan,"         <10,000","         <10,000","         <10,000","         200,000","         680,000","          20,000","         <10,000","         <10,000","         910,000"
514,1,25,2030,Latin America-Caribbean,Bolivia,"      12,930,000","         <10,000","         560,000","         <10,000","          10,000","         110,000","         130,000","         <10,000","      13,740,000"
515,1,26,2030,Europe,Bosnia-Herzegovina,"       1,640,000","       1,560,000","          70,000","         <10,000","         <10,000","         <10,000","         <10,000","         <10,000","       3,270,000"
516,1,27,2030,Sub-Saharan Africa,Botswana,"       1,910,000","          30,000","         360,000","         <10,000","         <10,000","          80,000","          10,000","         <10,000","       2,390,000"
517,1,28,2030,Latin America-Caribbean,Brazil,"     192,800,000","          40,000","      19,330,000","         <10,000","         250,000","       7,690,000","         310,000","         110,000","     220,530,000"
518,1,29,2030,Latin America-Caribbean,British Virgin Islands,"          30,000","         <10,000","         <10,000","         <10,000","         <10,000","         <10,000","         <10,000","         <10,000","          30,000"
519,1,30,2030,Asia-Pacific,Brunei,"          50,000","         360,000","         <10,000","         <10,000","          40,000","          30,000","         <10,000","         <10,000","         480,000"
520,1,31,2030,Europe,Bulgaria,"       5,020,000","         920,000","         330,000","         <10,000","         <10,000","         <10,000","         <10,000","         <10,000","       6,270,000"
521,1,32,2030,Sub-Saharan Africa,Burkina Faso,"       6,350,000","      19,240,000","         170,000","         <10,000","         <10,000","       4,660,000","         <10,000","         <10,000","      30,430,000"
522,1,33,2030,Sub-Saharan Africa,Burundi,"      10,450,000","         340,000","         <10,000","         <10,000","         <10,000","         700,000","         <10,000","         <10,000","      11,490,000"
523,1,34,2030,Asia-Pacific,Cambodia,"          70,000","         360,000","          30,000","         <10,000","      17,310,000","         100,000","         <10,000","         <10,000","      17,890,000"
524,1,35,2030,Sub-Saharan Africa,Cameroon,"      19,770,000","       5,820,000","       1,430,000","         <10,000","         <10,000","         910,000","         770,000","         <10,000","      28,710,000"
525,1,36,2030,North America,Canada,"      24,730,000","       1,400,000","       9,760,000","         770,000","         460,000","         500,000","         560,000","         480,000","      38,650,000"
526,1,37,2030,Sub-Saharan Africa,Cape Verde,"         570,000","         <10,000","          60,000","         <10,000","         <10,000","         <10,000","         <10,000","         <10,000","         640,000"
527,1,38,2030,Latin America-Caribbean,Cayman Islands,"          60,000","         <10,000","         <10,000","         <10,000","         <10,000","         <10,000","         <10,000","         <10,000","          70,000"
528,1,39,2030,Sub-Saharan Africa,Central African Republic,"       5,700,000","         600,000","          60,000","         <10,000","         <10,000","          60,000","         <10,000","         <10,000","       6,430,000"
529,1,40,2030,Sub-Saharan Africa,Chad,"       7,750,000","      10,280,000","         410,000","         <10,000","         <10,000","         250,000","          30,000","         <10,000","      18,720,000"
530,1,41,2030,Europe,Channel Islands,"         130,000","         <10,000","          20,000","         <10,000","         <10,000","         <10,000","         <10,000","         <10,000","         150,000"
531,1,42,2030,Latin America-Caribbean,Chile,"      17,110,000","          20,000","       2,070,000","         <10,000","          10,000","         280,000","          40,000","          30,000","      19,550,000"
532,1,43,2030,Asia-Pacific,China,"      73,460,000","      30,820,000","     720,430,000","          30,000","     256,440,000","     305,930,000","       9,680,000","         <10,000","   1,396,800,000"
533,1,44,2030,Latin America-Caribbean,Colombia,"      52,310,000","          10,000","       3,920,000","         <10,000","         <10,000","         480,000","          50,000","         <10,000","      56,780,000"
534,1,45,2030,Sub-Saharan Africa,Comoros,"         <10,000","       1,190,000","         <10,000","         <10,000","         <10,000","          10,000","         <10,000","         <10,000","       1,210,000"
535,1,46,2030,Sub-Saharan Africa,Republic of the Congo,"       5,580,000","          70,000","         500,000","         <10,000","         <10,000","         170,000","          60,000","         <10,000","       6,390,000"
536,1,47,2030,Sub-Saharan Africa,Democratic Republic of the Congo,"     101,410,000","       1,700,000","       1,820,000","          60,000","         <10,000","         780,000","         140,000","         <10,000","     105,910,000"
537,1,48,2030,Asia-Pacific,Cook Islands,"          20,000","         <10,000","         <10,000","         <10,000","         <10,000","         <10,000","         <10,000","         <10,000","          20,000"
538,1,49,2030,Latin America-Caribbean,Costa Rica,"       5,220,000","         <10,000","         470,000","         <10,000","         <10,000","          50,000","          20,000","         <10,000","       5,760,000"
539,1,50,2030,Sub-Saharan Africa,Ivory Coast,"      12,730,000","      10,890,000","       2,460,000","         <10,000","          20,000","       3,230,000","          50,000","         <10,000","      29,380,000"
540,1,51,2030,Europe,Croatia,"       3,880,000","          70,000","         200,000","         <10,000","         <10,000","         <10,000","         <10,000","         <10,000","       4,150,000"
541,1,52,2030,Latin America-Caribbean,Cuba,"       6,420,000","         <10,000","       2,550,000","          20,000","         <10,000","       1,960,000","         <10,000","         <10,000","      10,970,000"
542,1,53,2030,Asia-Pacific,Cyprus,"         930,000","         330,000","          30,000","         <10,000","         <10,000","         <10,000","         <10,000","         <10,000","       1,310,000"
543,1,54,2030,Europe,Czech Republic,"       2,000,000","          40,000","       8,270,000","         <10,000","          30,000","          40,000","         <10,000","         <10,000","      10,400,000"
544,1,55,2030,Europe,Denmark,"       4,660,000","         360,000","         670,000","          30,000","          30,000","         <10,000","         <10,000","         <10,000","       5,760,000"
545,1,56,2030,Sub-Saharan Africa,Djibouti,"          30,000","       1,200,000","         <10,000","         <10,000","         <10,000","         <10,000","         <10,000","         <10,000","       1,240,000"
546,1,57,2030,Latin America-Caribbean,Dominica,"          70,000","         <10,000","         <10,000","         <10,000","         <10,000","         <10,000","         <10,000","         <10,000","          80,000"
547,1,58,2030,Latin America-Caribbean,Dominican Republic,"      10,930,000","         <10,000","       1,340,000","         <10,000","         <10,000","         110,000","          10,000","         <10,000","      12,400,000"
548,1,59,2030,Latin America-Caribbean,Ecuador,"      17,030,000","         <10,000","       1,030,000","         <10,000","         <10,000","          50,000","         <10,000","         <10,000","      18,140,000"
549,1,60,2030,Middle East-North Africa,Egypt,"       4,620,000","     102,090,000","         <10,000","         <10,000","         <10,000","         <10,000","         <10,000","         <10,000","     106,720,000"
550,1,61,2030,Latin America-Caribbean,El Salvador,"       6,090,000","         <10,000","         780,000","         <10,000","         <10,000","          30,000","          20,000","         <10,000","       6,920,000"
551,1,62,2030,Sub-Saharan Africa,Equatorial Guinea,"         910,000","          40,000","          50,000","         <10,000","         <10,000","          20,000","         <10,000","         <10,000","       1,030,000"
552,1,63,2030,Sub-Saharan Africa,Eritrea,"       5,160,000","       3,000,000","          10,000","         <10,000","         <10,000","          30,000","         <10,000","         <10,000","       8,200,000"
553,1,64,2030,Europe,Estonia,"         470,000","         <10,000","         720,000","         <10,000","         <10,000","         <10,000","         <10,000","         <10,000","       1,200,000"
554,1,65,2030,Sub-Saharan Africa,Ethiopia,"      71,940,000","      44,210,000","          80,000","         <10,000","         <10,000","       2,360,000","          10,000","         <10,000","     118,600,000"
555,1,66,2030,Europe,Faeroe Islands,"          50,000","         <10,000","         <10,000","         <10,000","         <10,000","         <10,000","         <10,000","         <10,000","          50,000"
556,1,67,2030,Latin America-Caribbean,Falkland Islands (Malvinas),"         <10,000","         <10,000","         <10,000","         <10,000","         <10,000","         <10,000","         <10,000","         <10,000","         <10,000"
557,1,68,2030,Asia-Pacific,Fiji,"         690,000","          70,000","         <10,000","         300,000","         <10,000","         <10,000","         <10,000","         <10,000","       1,080,000"
558,1,69,2030,Europe,Finland,"       4,230,000","         110,000","       1,220,000","         <10,000","          10,000","         <10,000","         <10,000","         <10,000","       5,580,000"
559,1,70,2030,Europe,France,"      35,640,000","       6,100,000","      24,200,000","          50,000","         350,000","         280,000","         120,000","         350,000","      67,090,000"
560,1,71,2030,Latin America-Caribbean,French Guiana,"         280,000","         <10,000","          10,000","         <10,000","         <10,000","          30,000","         <10,000","         <10,000","         340,000"
561,1,72,2030,Asia-Pacific,French Polynesia,"         300,000","         <10,000","          20,000","         <10,000","         <10,000","         <10,000","         <10,000","         <10,000","         320,000"
562,1,73,2030,Sub-Saharan Africa,Gabon,"       1,660,000","         300,000","         130,000","         <10,000","         <10,000","         130,000","          20,000","         <10,000","       2,240,000"
563,1,74,2030,Sub-Saharan Africa,Gambia,"         120,000","       2,980,000","         <10,000","         <10,000","         <10,000","          10,000","         <10,000","         <10,000","       3,120,000"
564,1,75,2030,Europe,Georgia,"       3,470,000","         500,000","          30,000","         <10,000","         <10,000","         <10,000","         <10,000","         <10,000","       4,000,000"
565,1,76,2030,Europe,Germany,"      49,610,000","       6,120,000","      21,460,000","          80,000","         240,000","          40,000","         100,000","         210,000","      77,870,000"
566,1,77,2030,Sub-Saharan Africa,Ghana,"      26,320,000","       6,930,000","       1,350,000","          20,000","         <10,000","       1,940,000","          50,000","         <10,000","      36,610,000"
567,1,78,2030,Europe,Gibraltar,"          30,000","         <10,000","         <10,000","         <10,000","         <10,000","         <10,000","         <10,000","         <10,000","          30,000"
568,1,79,2030,Europe,Greece,"       9,510,000","         710,000","         660,000","          20,000","         <10,000","          10,000","          10,000","         <10,000","      10,930,000"
569,1,80,2030,North America,Greenland,"          50,000","         <10,000","         <10,000","         <10,000","         <10,000","         <10,000","         <10,000","         <10,000","          50,000"
570,1,81,2030,Latin America-Caribbean,Grenada,"         130,000","         <10,000","         <10,000","         <10,000","         <10,000","         <10,000","         <10,000","         <10,000","         130,000"
571,1,82,2030,Latin America-Caribbean,Guadeloupe,"         490,000","         <10,000","          10,000","         <10,000","         <10,000","         <10,000","         <10,000","         <10,000","         510,000"
572,1,83,2030,Asia-Pacific,Guam,"         210,000","         <10,000","         <10,000","         <10,000","         <10,000","         <10,000","         <10,000","         <10,000","         220,000"
573,1,84,2030,Latin America-Caribbean,Guatemala,"      21,250,000","         <10,000","         850,000","         <10,000","         <10,000","         140,000","          20,000","         <10,000","      22,270,000"
574,1,85,2030,Sub-Saharan Africa,Guinea,"       1,680,000","      13,510,000","         290,000","         <10,000","          10,000","         420,000","         <10,000","         <10,000","      15,920,000"
575,1,86,2030,Sub-Saharan Africa,Guinea-Bissau,"         400,000","       1,040,000","         100,000","         <10,000","         <10,000","         670,000","         <10,000","         <10,000","       2,210,000"
576,1,87,2030,Latin America-Caribbean,Guyana,"         660,000","          60,000","          20,000","         210,000","         <10,000","         <10,000","         <10,000","         <10,000","         950,000"
577,1,88,2030,Latin America-Caribbean,Haiti,"      11,220,000","         <10,000","       1,400,000","         <10,000","         <10,000","         260,000","          40,000","         <10,000","      12,920,000"
578,1,89,2030,Europe,Vatican City,"         <10,000","         <10,000","         <10,000","         <10,000","         <10,000","         <10,000","         <10,000","         <10,000","         <10,000"
579,1,90,2030,Latin America-Caribbean,Honduras,"       9,140,000","          20,000","       1,070,000","         <10,000","          10,000","         120,000","          70,000","         <10,000","      10,430,000"
580,1,91,2030,Asia-Pacific,Hong Kong,"       1,240,000","         190,000","       4,150,000","          40,000","       1,040,000","       1,030,000","         110,000","         <10,000","       7,800,000"
581,1,92,2030,Europe,Hungary,"       7,250,000","          20,000","       2,040,000","         <10,000","         <10,000","         <10,000","         <10,000","         <10,000","       9,330,000"
582,1,93,2030,Europe,Iceland,"         350,000","         <10,000","          20,000","         <10,000","         <10,000","         <10,000","         <10,000","         <10,000","         380,000"
583,1,94,2030,Asia-Pacific,India,"      35,670,000","     248,960,000","         910,000","   1,191,510,000","      10,770,000","       7,120,000","      28,600,000","         <10,000","   1,523,550,000"
584,1,95,2030,Asia-Pacific,Indonesia,"      29,620,000","     245,020,000","         250,000","       4,300,000","       1,810,000","         740,000","         390,000","         <10,000","     282,130,000"
585,1,96,2030,Asia-Pacific,Iran,"          90,000","      84,540,000","          90,000","          20,000","         <10,000","         <10,000","         140,000","         <10,000","      84,870,000"
586,1,97,2030,Middle East-North Africa,Iraq,"         380,000","      53,220,000","          60,000","         <10,000","         <10,000","         <10,000","          20,000","         <10,000","      53,690,000"
587,1,98,2030,Europe,Ireland,"       4,940,000","         110,000","         530,000","          20,000","          20,000","          10,000","         <10,000","         <10,000","       5,650,000"
588,1,99,2030,Europe,Isle of Man,"          80,000","         <10,000","          10,000","         <10,000","         <10,000","         <10,000","         <10,000","         <10,000","          90,000"
589,1,100,2030,Middle East-North Africa,Israel,"         200,000","       2,120,000","         300,000","         <10,000","          20,000","          30,000","          10,000","       7,000,000","       9,680,000"
590,1,101,2030,Europe,Italy,"      46,370,000","       3,640,000","       8,600,000","         190,000","         180,000","         110,000","          60,000","          50,000","      59,190,000"
591,1,102,2030,Latin America-Caribbean,Jamaica,"       2,360,000","         <10,000","         520,000","         <10,000","         <10,000","         140,000","          30,000","         <10,000","       3,060,000"
592,1,103,2030,Asia-Pacific,Japan,"       2,320,000","         240,000","      75,560,000","          50,000","      36,100,000","         540,000","       5,080,000","         <10,000","     119,890,000"
593,1,104,2030,Middle East-North Africa,Jordan,"         190,000","       8,790,000","          10,000","          10,000","          40,000","         <10,000","         <10,000","         <10,000","       9,060,000"
594,1,105,2030,Asia-Pacific,Kazakhstan,"       4,140,000","      14,190,000","         710,000","         <10,000","          70,000","          90,000","          30,000","         <10,000","      19,240,000"
595,1,106,2030,Sub-Saharan Africa,Kenya,"      55,270,000","       7,640,000","       1,530,000","          70,000","         <10,000","         900,000","         650,000","         <10,000","      66,070,000"
596,1,107,2030,Asia-Pacific,Kiribati,"         130,000","         <10,000","         <10,000","         <10,000","         <10,000","         <10,000","         <10,000","         <10,000","         130,000"
597,1,108,2030,Europe,Kosovo,"         100,000","       1,840,000","         <10,000","         <10,000","         <10,000","         <10,000","         <10,000","         <10,000","       1,940,000"
598,1,109,2030,Middle East-North Africa,Kuwait,"         500,000","       2,700,000","         <10,000","         410,000","         250,000","         <10,000","         <10,000","         <10,000","       3,880,000"
599,1,110,2030,Asia-Pacific,Kyrgyzstan,"         620,000","       6,280,000","          30,000","         <10,000","         <10,000","         <10,000","         <10,000","         <10,000","       6,940,000"
600,1,111,2030,Asia-Pacific,Laos,"         120,000","         <10,000","          70,000","         <10,000","       5,030,000","       2,870,000","          60,000","         <10,000","       8,170,000"
601,1,112,2030,Europe,Latvia,"       1,060,000","         <10,000","         920,000","         <10,000","         <10,000","         <10,000","         <10,000","         <10,000","       1,990,000"
602,1,113,2030,Middle East-North Africa,Lebanon,"       1,830,000","       2,920,000","          10,000","         <10,000","         <10,000","         <10,000","         <10,000","         <10,000","       4,780,000"
603,1,114,2030,Sub-Saharan Africa,Lesotho,"       2,450,000","         <10,000","          70,000","         <10,000","         <10,000","         <10,000","         <10,000","         <10,000","       2,530,000"
604,1,115,2030,Sub-Saharan Africa,Liberia,"       5,680,000","         780,000","          90,000","         <10,000","         <10,000","          50,000","         <10,000","         <10,000","       6,610,000"
605,1,116,2030,Middle East-North Africa,Libya,"         220,000","       7,860,000","          10,000","         <10,000","          30,000","         <10,000","         <10,000","         <10,000","       8,140,000"
606,1,117,2030,Europe,Liechtenstein,"          40,000","         <10,000","         <10,000","         <10,000","         <10,000","         <10,000","         <10,000","         <10,000","          40,000"
607,1,118,2030,Europe,Lithuania,"       2,640,000","         <10,000","         280,000","         <10,000","         <10,000","         <10,000","         <10,000","         <10,000","       2,930,000"
608,1,119,2030,Europe,Luxembourg,"         370,000","          10,000","         140,000","         <10,000","         <10,000","         <10,000","         <10,000","         <10,000","         530,000"
609,1,120,2030,Asia-Pacific,Macau,"          40,000","         <10,000","          90,000","         <10,000","         100,000","         340,000","         <10,000","         <10,000","         580,000"
610,1,121,2030,Europe,Republic of Macedonia,"         970,000","         910,000","          20,000","         <10,000","         <10,000","         <10,000","         <10,000","         <10,000","       1,910,000"
611,1,122,2030,Sub-Saharan Africa,Madagascar,"      29,750,000","       1,110,000","       2,730,000","          20,000","         <10,000","       1,700,000","          30,000","         <10,000","      35,360,000"
612,1,123,2030,Sub-Saharan Africa,Malawi,"      23,660,000","       3,640,000","         470,000","          20,000","         <10,000","         460,000","          20,000","         <10,000","      28,260,000"
613,1,124,2030,Asia-Pacific,Malaysia,"       3,590,000","      26,050,000","         210,000","       2,110,000","       5,270,000","         810,000","          40,000","         <10,000","      38,070,000"
614,1,125,2030,Asia-Pacific,Maldives,"         <10,000","         380,000","         <10,000","         <10,000","         <10,000","         <10,000","         <10,000","         <10,000","         380,000"
615,1,126,2030,Sub-Saharan Africa,Mali,"         630,000","      25,600,000","         150,000","         <10,000","         <10,000","         810,000","         <10,000","         <10,000","      27,200,000"
616,1,127,2030,Europe,Malta,"         400,000","         <10,000","          10,000","         <10,000","         <10,000","         <10,000","         <10,000","         <10,000","         410,000"
617,1,128,2030,Asia-Pacific,Marshall Islands,"          60,000","         <10,000","         <10,000","         <10,000","         <10,000","         <10,000","         <10,000","         <10,000","          60,000"
618,1,129,2030,Latin America-Caribbean,Martinique,"         410,000","         <10,000","         <10,000","         <10,000","         <10,000","         <10,000","         <10,000","         <10,000","         430,000"
619,1,130,2030,Sub-Saharan Africa,Mauritania,"          10,000","       5,260,000","         <10,000","         <10,000","         <10,000","          30,000","         <10,000","         <10,000","       5,310,000"
620,1,131,2030,Sub-Saharan Africa,Mauritius,"         440,000","         230,000","          10,000","         650,000","         <10,000","         <10,000","         <10,000","         <10,000","       1,340,000"
621,1,132,2030,Sub-Saharan Africa,Mayotte,"         <10,000","         340,000","         <10,000","         <10,000","         <10,000","         <10,000","         <10,000","         <10,000","         340,000"
622,1,133,2030,Latin America-Caribbean,Mexico,"     125,980,000","         <10,000","       9,070,000","         <10,000","          10,000","          80,000","          20,000","          90,000","     135,260,000"
623,1,134,2030,Asia-Pacific,Federated States of Micronesia,"         150,000","         <10,000","         <10,000","         <10,000","         <10,000","         <10,000","         <10,000","         <10,000","         160,000"
624,1,135,2030,Europe,Moldova,"       3,000,000","          30,000","          40,000","         <10,000","         <10,000","         <10,000","         <10,000","          10,000","       3,080,000"
625,1,136,2030,Europe,Monaco,"          40,000","         <10,000","         <10,000","         <10,000","         <10,000","         <10,000","         <10,000","         <10,000","          40,000"
626,1,137,2030,Asia-Pacific,Mongolia,"          80,000","         130,000","       1,300,000","         <10,000","       1,900,000","         120,000","         <10,000","         <10,000","       3,530,000"
627,1,138,2030,Europe,Montenegro,"         480,000","         140,000","          20,000","         <10,000","         <10,000","         <10,000","         <10,000","         <10,000","         640,000"
628,1,139,2030,Latin America-Caribbean,Montserrat,"         <10,000","         <10,000","         <10,000","         <10,000","         <10,000","         <10,000","         <10,000","         <10,000","         <10,000"
629,1,140,2030,Middle East-North Africa,Morocco,"          20,000","      38,090,000","         <10,000","         <10,000","         <10,000","         <10,000","         <10,000","         <10,000","      38,110,000"
630,1,141,2030,Sub-Saharan Africa,Mozambique,"      20,800,000","       5,830,000","       6,080,000","          20,000","         <10,000","       2,740,000","         <10,000","         <10,000","      35,480,000"
631,1,142,2030,Asia-Pacific,Burma (Myanmar),"       4,270,000","       2,430,000","         270,000","         930,000","      43,620,000","       3,120,000","         100,000","         <10,000","      54,740,000"
632,1,143,2030,Sub-Saharan Africa,Namibia,"       2,940,000","         <10,000","          60,000","         <10,000","         <10,000","         <10,000","         <10,000","         <10,000","       3,020,000"
633,1,144,2030,Asia-Pacific,Nauru,"         <10,000","         <10,000","         <10,000","         <10,000","         <10,000","         <10,000","         <10,000","         <10,000","          10,000"
634,1,145,2030,Asia-Pacific,Nepal,"         190,000","       2,250,000","         100,000","      32,630,000","       3,930,000","       1,470,000","          30,000","         <10,000","      40,590,000"
635,1,146,2030,Europe,Netherlands,"       7,700,000","       1,330,000","       7,980,000","         110,000","          60,000","          40,000","          40,000","          30,000","      17,290,000"
636,1,148,2030,Asia-Pacific,New Caledonia,"         250,000","         <10,000","          30,000","         <10,000","         <10,000","         <10,000","         <10,000","         <10,000","         290,000"
637,1,149,2030,Asia-Pacific,New Zealand,"       2,600,000","         100,000","       2,190,000","         150,000","         100,000","          30,000","          50,000","          10,000","       5,220,000"
638,1,150,2030,Latin America-Caribbean,Nicaragua,"       6,300,000","         <10,000","       1,000,000","         <10,000","         <10,000","         100,000","          10,000","         <10,000","       7,410,000"
639,1,151,2030,Sub-Saharan Africa,Niger,"         300,000","      30,150,000","         230,000","         <10,000","         <10,000","          30,000","         <10,000","         <10,000","      30,720,000"
640,1,152,2030,Sub-Saharan Africa,Nigeria,"     114,920,000","     139,580,000","         930,000","         <10,000","          20,000","       4,150,000","         120,000","         <10,000","     259,720,000"
641,1,153,2030,Asia-Pacific,Niue,"         <10,000","         <10,000","         <10,000","         <10,000","         <10,000","         <10,000","         <10,000","         <10,000","         <10,000"
642,1,154,2030,Asia-Pacific,North Korea,"         520,000","         <10,000","      18,660,000","         <10,000","         400,000","       3,230,000","       3,370,000","         <10,000","      26,180,000"
643,1,155,2030,Asia-Pacific,Northern Mariana Islands,"          50,000","         <10,000","         <10,000","         <10,000","         <10,000","         <10,000","         <10,000","         <10,000","          60,000"
644,1,156,2030,Europe,Norway,"       4,320,000","         330,000","         700,000","          40,000","          60,000","         <10,000","          10,000","         <10,000","       5,460,000"
645,1,157,2030,Middle East-North Africa,Oman,"         240,000","       3,350,000","          10,000","         220,000","          20,000","         <10,000","          30,000","         <10,000","       3,890,000"
646,1,158,2030,Asia-Pacific,Pakistan,"       3,680,000","     230,390,000","          30,000","       4,670,000","          30,000","          40,000","          30,000","         <10,000","     238,870,000"
647,1,159,2030,Asia-Pacific,Palau,"          20,000","         <10,000","         <10,000","         <10,000","         <10,000","         <10,000","         <10,000","         <10,000","          20,000"
648,1,160,2030,Middle East-North Africa,Palestinian territories,"         120,000","       6,730,000","         <10,000","         <10,000","         <10,000","         <10,000","         <10,000","         <10,000","       6,860,000"
649,1,161,2030,Latin America-Caribbean,Panama,"       4,110,000","          30,000","         230,000","         <10,000","         <10,000","          20,000","          20,000","          20,000","       4,450,000"
650,1,162,2030,Asia-Pacific,Papua New Guinea,"      10,090,000","         <10,000","         <10,000","         <10,000","         <10,000","          50,000","          20,000","         <10,000","      10,170,000"
651,1,163,2030,Latin America-Caribbean,Paraguay,"       8,440,000","         <10,000","         100,000","         <10,000","         <10,000","         150,000","          20,000","         <10,000","       8,720,000"
652,1,164,2030,Latin America-Caribbean,Peru,"      34,420,000","         <10,000","       1,140,000","         <10,000","          60,000","         360,000","         120,000","         <10,000","      36,100,000"
653,1,165,2030,Asia-Pacific,Philippines,"     117,980,000","       7,480,000","         120,000","         <10,000","         120,000","       2,060,000","         200,000","         <10,000","     127,960,000"
654,1,167,2030,Europe,Poland,"      33,550,000","          40,000","       3,330,000","         <10,000","         <10,000","         <10,000","         <10,000","          10,000","      36,960,000"
655,1,168,2030,Europe,Portugal,"       8,810,000","          60,000","         940,000","         <10,000","          20,000","          30,000","         <10,000","         <10,000","       9,880,000"
656,1,169,2030,Latin America-Caribbean,Puerto Rico,"       3,610,000","         <10,000","          90,000","         <10,000","          10,000","          30,000","         <10,000","         <10,000","       3,760,000"
657,1,170,2030,Middle East-North Africa,Qatar,"         380,000","       1,820,000","          20,000","         480,000","         110,000","          10,000","          10,000","         <10,000","       2,820,000"
658,1,171,2030,Sub-Saharan Africa,Reunion,"         880,000","          40,000","          20,000","          50,000","         <10,000","         <10,000","          10,000","         <10,000","       1,010,000"
659,1,172,2030,Europe,Romania,"      19,070,000","          80,000","          20,000","         <10,000","         <10,000","         <10,000","         <10,000","         <10,000","      19,180,000"
660,1,173,2030,Europe,Russia,"      97,330,000","      17,650,000","      18,670,000","          80,000","         170,000","         290,000","          10,000","         170,000","     134,370,000"
661,1,174,2030,Sub-Saharan Africa,Rwanda,"      16,600,000","         440,000","         540,000","         <10,000","         <10,000","         100,000","          30,000","         <10,000","      17,730,000"
662,1,175,2030,Sub-Saharan Africa,St. Helena,"         <10,000","         <10,000","         <10,000","         <10,000","         <10,000","         <10,000","         <10,000","         <10,000","         <10,000"
663,1,176,2030,Latin America-Caribbean,St. Kitts and Nevis,"          60,000","         <10,000","         <10,000","         <10,000","         <10,000","         <10,000","         <10,000","         <10,000","          60,000"
664,1,177,2030,Latin America-Caribbean,St. Lucia,"         190,000","         <10,000","          10,000","         <10,000","         <10,000","         <10,000","         <10,000","         <10,000","         210,000"
665,1,178,2030,North America,St. Pierre and Miquelon,"         <10,000","         <10,000","         <10,000","         <10,000","         <10,000","         <10,000","         <10,000","         <10,000","         <10,000"
666,1,179,2030,Latin America-Caribbean,St. Vincent and the Grenadines,"         110,000","         <10,000","         <10,000","         <10,000","         <10,000","         <10,000","         <10,000","         <10,000","         130,000"
667,1,180,2030,Asia-Pacific,Samoa,"         260,000","         <10,000","         <10,000","         <10,000","         <10,000","         <10,000","         <10,000","         <10,000","         270,000"
668,1,181,2030,Europe,San Marino,"          30,000","         <10,000","         <10,000","         <10,000","         <10,000","         <10,000","         <10,000","         <10,000","          30,000"
669,1,182,2030,Sub-Saharan Africa,Sao Tome and Principe,"         200,000","         <10,000","          30,000","         <10,000","         <10,000","         <10,000","         <10,000","         <10,000","         250,000"
670,1,183,2030,Middle East-North Africa,Saudi Arabia,"       1,620,000","      35,450,000","         230,000","         550,000","         150,000","         100,000","          80,000","         <10,000","      38,190,000"
671,1,184,2030,Sub-Saharan Africa,Senegal,"         600,000","      19,330,000","         <10,000","         <10,000","         <10,000","         <10,000","         <10,000","         <10,000","      19,950,000"
672,1,185,2030,Europe,Serbia,"       6,530,000","         430,000","         240,000","         <10,000","         <10,000","         <10,000","         <10,000","         <10,000","       7,210,000"
673,1,186,2030,Sub-Saharan Africa,Seychelles,"          90,000","         <10,000","         <10,000","         <10,000","         <10,000","         <10,000","         <10,000","         <10,000","         100,000"
674,1,187,2030,Sub-Saharan Africa,Sierra Leone,"       1,680,000","       6,730,000","          10,000","         <10,000","         <10,000","          70,000","         <10,000","         <10,000","       8,500,000"
675,1,188,2030,Asia-Pacific,Singapore,"       1,170,000","       1,190,000","       1,110,000","         520,000","       2,040,000","         170,000","         490,000","         <10,000","       6,690,000"
676,1,189,2030,Europe,Slovakia,"       4,550,000","          20,000","         940,000","         <10,000","         <10,000","         <10,000","         <10,000","         <10,000","       5,550,000"
677,1,190,2030,Europe,Slovenia,"       1,480,000","          80,000","         370,000","         <10,000","         <10,000","         <10,000","         <10,000","         <10,000","       1,940,000"
678,1,191,2030,Asia-Pacific,Solomon Islands,"         820,000","         <10,000","         <10,000","         <10,000","         <10,000","          10,000","         <10,000","         <10,000","         840,000"
679,1,192,2030,Sub-Saharan Africa,Somalia,"         <10,000","      15,810,000","         <10,000","         <10,000","         <10,000","          10,000","         <10,000","         <10,000","      15,860,000"
680,1,193,2030,Sub-Saharan Africa,South Africa,"      45,700,000","       1,180,000","       8,750,000","         510,000","          90,000","         310,000","         190,000","          50,000","      56,780,000"
681,1,194,2030,Asia-Pacific,South Korea,"      15,750,000","         210,000","      23,510,000","          30,000","      10,480,000","         420,000","         110,000","         <10,000","      50,510,000"
682,1,195,2030,Europe,Spain,"      35,630,000","       2,280,000","      11,710,000","          60,000","          40,000","          80,000","          20,000","          60,000","      49,890,000"
683,1,196,2030,Asia-Pacific,Sri Lanka,"       1,670,000","       2,610,000","         <10,000","       3,250,000","      16,000,000","         <10,000","         <10,000","         <10,000","      23,540,000"
684,1,197,2030,Middle East-North Africa,Sudan,"       2,790,000","      47,160,000","         540,000","         <10,000","         <10,000","       1,470,000","         <10,000","         <10,000","      51,980,000"
685,1,198,2030,Latin America-Caribbean,Suriname,"         330,000","          80,000","          40,000","         110,000","         <10,000","          40,000","          10,000","         <10,000","         630,000"
686,1,199,2030,Sub-Saharan Africa,Swaziland,"       1,290,000","         <10,000","         130,000","         <10,000","         <10,000","          10,000","         <10,000","         <10,000","       1,450,000"
687,1,200,2030,Europe,Sweden,"       6,080,000","         860,000","       3,160,000","          40,000","          90,000","          30,000","          30,000","          10,000","      10,290,000"
688,1,201,2030,Europe,Switzerland,"       5,410,000","         500,000","       1,980,000","          50,000","          60,000","         <10,000","          20,000","          20,000","       8,040,000"
689,1,202,2030,Middle East-North Africa,Syria,"       1,450,000","      26,200,000","         570,000","         <10,000","         <10,000","         <10,000","         <10,000","         <10,000","      28,230,000"
690,1,203,2030,Asia-Pacific,Taiwan,"       1,380,000","          10,000","       3,380,000","         <10,000","       4,800,000","       9,920,000","       3,410,000","         <10,000","      22,900,000"
691,1,204,2030,Asia-Pacific,Tajikistan,"         190,000","       9,540,000","         150,000","         <10,000","         <10,000","         <10,000","         <10,000","         <10,000","       9,910,000"
692,1,205,2030,Sub-Saharan Africa,Tanzania,"      53,280,000","      27,270,000","       1,510,000","          50,000","         <10,000","         560,000","          20,000","         <10,000","      82,690,000"
693,1,206,2030,Asia-Pacific,Thailand,"         690,000","       4,770,000","         210,000","         100,000","      66,110,000","          60,000","         <10,000","         <10,000","      71,950,000"
694,1,207,2030,Asia-Pacific,Timor-Leste,"       2,020,000","         <10,000","         <10,000","         <10,000","         <10,000","         <10,000","         <10,000","         <10,000","       2,030,000"
695,1,208,2030,Sub-Saharan Africa,Togo,"       3,420,000","       1,190,000","         530,000","         <10,000","         <10,000","       3,290,000","          50,000","         <10,000","       8,490,000"
696,1,209,2030,Asia-Pacific,Tokelau,"         <10,000","         <10,000","         <10,000","         <10,000","         <10,000","         <10,000","         <10,000","         <10,000","         <10,000"
697,1,210,2030,Asia-Pacific,Tonga,"         150,000","         <10,000","         <10,000","         <10,000","         <10,000","         <10,000","         <10,000","         <10,000","         150,000"
698,1,211,2030,Latin America-Caribbean,Trinidad and Tobago,"         900,000","          80,000","          20,000","         300,000","         <10,000","          30,000","          20,000","         <10,000","       1,350,000"
699,1,212,2030,Middle East-North Africa,Tunisia,"          30,000","      12,110,000","          30,000","         <10,000","         <10,000","         <10,000","         <10,000","         <10,000","      12,160,000"
700,1,213,2030,Asia-Pacific,Turkey,"         420,000","      84,750,000","       1,020,000","         <10,000","          40,000","          30,000","         180,000","          30,000","      86,470,000"
701,1,214,2030,Asia-Pacific,Turkmenistan,"         400,000","       5,850,000","          30,000","         <10,000","         <10,000","         <10,000","         <10,000","         <10,000","       6,300,000"
702,1,215,2030,Latin America-Caribbean,Turks and Caicos Islands,"          40,000","         <10,000","         <10,000","         <10,000","         <10,000","         <10,000","         <10,000","         <10,000","          40,000"
703,1,216,2030,Asia-Pacific,Tuvalu,"          10,000","         <10,000","         <10,000","         <10,000","         <10,000","         <10,000","         <10,000","         <10,000","          10,000"
704,1,217,2030,Sub-Saharan Africa,Uganda,"      51,760,000","       7,760,000","         310,000","         190,000","         <10,000","         530,000","          70,000","         <10,000","      60,610,000"
705,1,218,2030,Europe,Ukraine,"      35,330,000","         920,000","       4,240,000","          40,000","          30,000","          20,000","          10,000","          30,000","      40,620,000"
706,1,219,2030,Middle East-North Africa,United Arab Emirates,"       1,210,000","       6,940,000","         100,000","         790,000","         240,000","          10,000","          70,000","         <10,000","       9,360,000"
707,1,220,2030,Europe,United Kingdom,"      35,890,000","       5,060,000","      22,630,000","       1,140,000","         480,000","         130,000","         520,000","         250,000","      66,110,000"
708,1,221,2030,North America,United States,"     258,410,000","       5,190,000","      75,740,000","       3,290,000","       4,740,000","       1,190,000","       3,770,000","       5,660,000","     357,980,000"
709,1,222,2030,Latin America-Caribbean,U.S. Virgin Islands,"         110,000","         <10,000","         <10,000","         <10,000","         <10,000","         <10,000","         <10,000","         <10,000","         120,000"
710,1,223,2030,Latin America-Caribbean,Uruguay,"       2,020,000","         <10,000","       1,500,000","         <10,000","         <10,000","          30,000","          10,000","         <10,000","       3,560,000"
711,1,224,2030,Asia-Pacific,Uzbekistan,"         610,000","      32,900,000","         240,000","         <10,000","          10,000","          20,000","         <10,000","         <10,000","      33,790,000"
712,1,225,2030,Asia-Pacific,Vanuatu,"         350,000","         <10,000","         <10,000","         <10,000","         <10,000","          10,000","         <10,000","         <10,000","         370,000"
713,1,226,2030,Latin America-Caribbean,Venezuela,"      32,530,000","         110,000","       3,470,000","         <10,000","         <10,000","         180,000","          30,000","         <10,000","      36,330,000"
714,1,227,2030,Asia-Pacific,Vietnam,"       8,630,000","         190,000","      30,490,000","         <10,000","      16,310,000","      45,380,000","         420,000","         <10,000","     101,420,000"
715,1,228,2030,Asia-Pacific,Wallis and Futuna,"          10,000","         <10,000","         <10,000","         <10,000","         <10,000","         <10,000","         <10,000","         <10,000","          10,000"
716,1,229,2030,Middle East-North Africa,Western Sahara,"         <10,000","         670,000","         <10,000","         <10,000","         <10,000","         <10,000","         <10,000","         <10,000","         670,000"
717,1,230,2030,Middle East-North Africa,Yemen,"          60,000","      41,130,000","          40,000","         260,000","         <10,000","         <10,000","         <10,000","         <10,000","      41,500,000"
718,1,231,2030,Sub-Saharan Africa,Zambia,"      23,760,000","         180,000","         150,000","          30,000","         <10,000","          90,000","         250,000","         <10,000","      24,470,000"
719,1,232,2030,Sub-Saharan Africa,Zimbabwe,"      14,200,000","         160,000","       1,250,000","         <10,000","         <10,000","         720,000","          50,000","          10,000","      16,390,000"
720,1,237,2030,Sub-Saharan Africa,South Sudan,"       9,250,000","         950,000","          70,000","         <10,000","         <10,000","       5,030,000","         <10,000","         <10,000","      15,300,000"
721,1,238,2030,Latin America-Caribbean,Curacao,"         170,000","         <10,000","         <10,000","         <10,000","         <10,000","         <10,000","         <10,000","         <10,000","         180,000"
722,1,239,2030,Latin America-Caribbean,Sint Maarten,"          50,000","         <10,000","         <10,000","         <10,000","         <10,000","         <10,000","         <10,000","         <10,000","          60,000"
723,1,240,2030,Latin America-Caribbean,Caribbean Netherlands,"          20,000","         <10,000","         <10,000","         <10,000","         <10,000","         <10,000","         <10,000","         <10,000","          20,000"
724,3,10000,2040, World, All Countries,"   2,756,390,000","   2,497,830,000","   1,244,190,000","   1,342,680,000","     503,940,000","     451,910,000","      62,550,000","      15,700,000","   8,875,200,000"
725,2,1001,2040,North America, All Countries,"     285,480,000","       8,410,000","      99,300,000","       4,940,000","       5,690,000","       2,150,000","       5,460,000","       6,030,000","     417,470,000"
726,2,1002,2040,Latin America-Caribbean, All Countries,"     653,940,000","         940,000","      62,570,000","         680,000","         460,000","      13,750,000","       1,160,000","         480,000","     733,980,000"
727,2,1003,2040,Europe, All Countries,"     482,050,000","      63,980,000","     159,520,000","       2,350,000","       2,240,000","       1,410,000","       1,070,000","       1,260,000","     713,860,000"
728,2,1004,2040,Middle East-North Africa, All Countries,"      17,390,000","     500,870,000","       3,070,000","       3,370,000","       1,100,000","       1,970,000","         270,000","       7,630,000","     535,660,000"
729,2,1005,2040,Sub-Saharan Africa, All Countries,"     949,900,000","     543,470,000","      43,830,000","       1,810,000","         200,000","      51,510,000","       3,210,000","          70,000","   1,594,010,000"
730,2,1006,2040,Asia-Pacific, All Countries,"     367,640,000","   1,380,160,000","     875,890,000","   1,329,540,000","     494,250,000","     381,120,000","      51,380,000","         240,000","   4,880,220,000"
731,1,1,2040,Asia-Pacific,Afghanistan,"          60,000","      61,700,000","          10,000","          20,000","          10,000","         <10,000","          50,000","         <10,000","      61,860,000"
732,1,2,2040,Europe,Albania,"         430,000","       2,550,000","          20,000","         <10,000","         <10,000","         <10,000","         <10,000","         <10,000","       3,010,000"
733,1,3,2040,Middle East-North Africa,Algeria,"          70,000","      44,620,000","         840,000","         <10,000","         <10,000","          10,000","         <10,000","         <10,000","      45,560,000"
734,1,4,2040,Asia-Pacific,American Samoa,"          60,000","         <10,000","         <10,000","         <10,000","         <10,000","         <10,000","         <10,000","         <10,000","          60,000"
735,1,5,2040,Europe,Andorra,"          80,000","         <10,000","         <10,000","         <10,000","         <10,000","         <10,000","         <10,000","         <10,000","          90,000"
736,1,6,2040,Sub-Saharan Africa,Angola,"      32,710,000","          70,000","       1,870,000","         <10,000","         <10,000","       1,480,000","         <10,000","         <10,000","      36,130,000"
737,1,7,2040,Latin America-Caribbean,Anguilla,"          10,000","         <10,000","         <10,000","         <10,000","         <10,000","         <10,000","         <10,000","         <10,000","          20,000"
738,1,8,2040,Latin America-Caribbean,Antigua and Barbuda,"         100,000","         <10,000","         <10,000","         <10,000","         <10,000","         <10,000","         <10,000","         <10,000","         110,000"
739,1,9,2040,Latin America-Caribbean,Argentina,"      41,830,000","         390,000","       5,760,000","         <10,000","          20,000","         310,000","         110,000","         180,000","      48,610,000"
740,1,10,2040,Asia-Pacific,Armenia,"       3,190,000","          30,000","          40,000","         <10,000","         <10,000","         <10,000","         <10,000","         <10,000","       3,270,000"
741,1,11,2040,Latin America-Caribbean,Aruba,"         100,000","         <10,000","         <10,000","         <10,000","         <10,000","         <10,000","         <10,000","         <10,000","         110,000"
742,1,12,2040,Asia-Pacific,Australia,"      14,320,000","       1,160,000","      10,270,000","         570,000","         850,000","         230,000","         260,000","         140,000","      27,800,000"
743,1,13,2040,Europe,Austria,"       6,440,000","         690,000","       1,400,000","          10,000","          40,000","          10,000","          10,000","          20,000","       8,630,000"
744,1,14,2040,Asia-Pacific,Azerbaijan,"         230,000","      10,820,000","         <10,000","         <10,000","         <10,000","         <10,000","         <10,000","         <10,000","      11,060,000"
745,1,15,2040,Latin America-Caribbean,Bahamas,"         400,000","         <10,000","          10,000","         <10,000","         <10,000","         <10,000","         <10,000","         <10,000","         410,000"
746,1,16,2040,Middle East-North Africa,Bahrain,"         220,000","       1,200,000","          40,000","         180,000","          70,000","         <10,000","         <10,000","         <10,000","       1,730,000"
747,1,17,2040,Asia-Pacific,Bangladesh,"         620,000","     177,860,000","         <10,000","      14,710,000","       1,180,000","         130,000","         130,000","         <10,000","     194,650,000"
748,1,18,2040,Latin America-Caribbean,Barbados,"         260,000","         <10,000","         <10,000","         <10,000","         <10,000","         <10,000","         <10,000","         <10,000","         280,000"
749,1,19,2040,Europe,Belarus,"       6,250,000","         150,000","       2,400,000","         <10,000","         <10,000","         <10,000","         <10,000","         <10,000","       8,810,000"
750,1,20,2040,Europe,Belgium,"       6,090,000","       1,140,000","       3,690,000","          30,000","          50,000","          40,000","          20,000","          30,000","      11,090,000"
751,1,21,2040,Latin America-Caribbean,Belize,"         430,000","         <10,000","          50,000","         <10,000","         <10,000","         <10,000","         <10,000","         <10,000","         500,000"
752,1,22,2040,Sub-Saharan Africa,Benin,"       8,920,000","       4,750,000","       1,000,000","         <10,000","         <10,000","       3,280,000","         <10,000","         <10,000","      17,970,000"
753,1,23,2040,North America,Bermuda,"          50,000","         <10,000","          10,000","         <10,000","         <10,000","         <10,000","         <10,000","         <10,000","          70,000"
754,1,24,2040,Asia-Pacific,Bhutan,"         <10,000","         <10,000","         <10,000","         220,000","         720,000","          20,000","         <10,000","         <10,000","         960,000"
755,1,25,2040,Latin America-Caribbean,Bolivia,"      14,580,000","         <10,000","         630,000","         <10,000","          10,000","         120,000","         140,000","         <10,000","      15,490,000"
756,1,26,2040,Europe,Bosnia-Herzegovina,"       1,460,000","       1,440,000","          70,000","         <10,000","         <10,000","         <10,000","         <10,000","         <10,000","       2,960,000"
757,1,27,2040,Sub-Saharan Africa,Botswana,"       2,080,000","          40,000","         330,000","         <10,000","         <10,000","          60,000","          10,000","         <10,000","       2,530,000"
758,1,28,2040,Latin America-Caribbean,Brazil,"     195,020,000","          50,000","      20,330,000","         <10,000","         240,000","       8,460,000","         300,000","         100,000","     224,500,000"
759,1,29,2040,Latin America-Caribbean,British Virgin Islands,"          30,000","         <10,000","         <10,000","         <10,000","         <10,000","         <10,000","         <10,000","         <10,000","          30,000"
760,1,30,2040,Asia-Pacific,Brunei,"          50,000","         380,000","         <10,000","         <10,000","          40,000","          30,000","         <10,000","         <10,000","         510,000"
761,1,31,2040,Europe,Bulgaria,"       4,520,000","         850,000","         320,000","         <10,000","         <10,000","         <10,000","         <10,000","         <10,000","       5,700,000"
762,1,32,2040,Sub-Saharan Africa,Burkina Faso,"       7,920,000","      25,310,000","         240,000","         <10,000","         <10,000","       6,070,000","         <10,000","         <10,000","      39,540,000"
763,1,33,2040,Sub-Saharan Africa,Burundi,"      11,540,000","         390,000","         <10,000","         <10,000","         <10,000","         790,000","         <10,000","         <10,000","      12,720,000"
764,1,34,2040,Asia-Pacific,Cambodia,"          70,000","         390,000","          40,000","         <10,000","      18,400,000","         110,000","         <10,000","         <10,000","      19,020,000"
765,1,35,2040,Sub-Saharan Africa,Cameroon,"      22,860,000","       7,100,000","       1,600,000","         <10,000","         <10,000","       1,050,000","         900,000","         <10,000","      33,510,000"
766,1,36,2040,North America,Canada,"      24,740,000","       1,800,000","      10,240,000","         910,000","         530,000","         530,000","         670,000","         520,000","      39,960,000"
767,1,37,2040,Sub-Saharan Africa,Cape Verde,"         620,000","         <10,000","          60,000","         <10,000","         <10,000","         <10,000","         <10,000","         <10,000","         690,000"
768,1,38,2040,Latin America-Caribbean,Cayman Islands,"          60,000","         <10,000","         <10,000","         <10,000","         <10,000","         <10,000","         <10,000","         <10,000","          70,000"
769,1,39,2040,Sub-Saharan Africa,Central African Republic,"       6,640,000","         730,000","          70,000","         <10,000","         <10,000","          70,000","         <10,000","         <10,000","       7,520,000"
770,1,40,2040,Sub-Saharan Africa,Chad,"       9,740,000","      12,560,000","         470,000","         <10,000","         <10,000","         300,000","          30,000","         <10,000","      23,110,000"
771,1,41,2040,Europe,Channel Islands,"         120,000","         <10,000","          20,000","         <10,000","         <10,000","         <10,000","         <10,000","         <10,000","         140,000"
772,1,42,2040,Latin America-Caribbean,Chile,"      17,400,000","          20,000","       2,280,000","         <10,000","          10,000","         270,000","          40,000","          30,000","      20,060,000"
773,1,43,2040,Asia-Pacific,China,"      73,040,000","      33,260,000","     700,100,000","          40,000","     252,090,000","     299,040,000","       9,580,000","         <10,000","   1,367,150,000"
774,1,44,2040,Latin America-Caribbean,Colombia,"      55,120,000","          20,000","       4,220,000","         <10,000","         <10,000","         510,000","          50,000","         <10,000","      59,930,000"
775,1,45,2040,Sub-Saharan Africa,Comoros,"         <10,000","       1,490,000","         <10,000","         <10,000","         <10,000","          10,000","         <10,000","         <10,000","       1,510,000"
776,1,46,2040,Sub-Saharan Africa,Republic of the Congo,"       6,800,000","          90,000","         600,000","         <10,000","         <10,000","         210,000","          80,000","         <10,000","       7,770,000"
777,1,47,2040,Sub-Saharan Africa,Democratic Republic of the Congo,"     121,850,000","       2,090,000","       2,150,000","          70,000","         <10,000","         930,000","         160,000","         <10,000","     127,250,000"
778,1,48,2040,Asia-Pacific,Cook Islands,"          20,000","         <10,000","         <10,000","         <10,000","         <10,000","         <10,000","         <10,000","         <10,000","          20,000"
779,1,49,2040,Latin America-Caribbean,Costa Rica,"       5,530,000","         <10,000","         500,000","         <10,000","         <10,000","          50,000","          20,000","         <10,000","       6,110,000"
780,1,50,2040,Sub-Saharan Africa,Ivory Coast,"      14,660,000","      12,850,000","       3,000,000","         <10,000","          20,000","       3,980,000","          60,000","         <10,000","      34,580,000"
781,1,51,2040,Europe,Croatia,"       3,710,000","          70,000","         180,000","         <10,000","         <10,000","         <10,000","         <10,000","         <10,000","       3,960,000"
782,1,52,2040,Latin America-Caribbean,Cuba,"       6,080,000","         <10,000","       2,440,000","          20,000","         <10,000","       1,890,000","         <10,000","         <10,000","      10,450,000"
783,1,53,2040,Asia-Pacific,Cyprus,"         970,000","         340,000","          40,000","         <10,000","          10,000","         <10,000","         <10,000","         <10,000","       1,380,000"
784,1,54,2040,Europe,Czech Republic,"       1,860,000","          70,000","       8,000,000","         <10,000","          50,000","          50,000","         <10,000","         <10,000","      10,040,000"
785,1,55,2040,Europe,Denmark,"       4,630,000","         430,000","         660,000","          40,000","          40,000","         <10,000","         <10,000","         <10,000","       5,800,000"
786,1,56,2040,Sub-Saharan Africa,Djibouti,"          30,000","       1,360,000","         <10,000","         <10,000","         <10,000","         <10,000","         <10,000","         <10,000","       1,400,000"
787,1,57,2040,Latin America-Caribbean,Dominica,"          70,000","         <10,000","         <10,000","         <10,000","         <10,000","         <10,000","         <10,000","         <10,000","          80,000"
788,1,58,2040,Latin America-Caribbean,Dominican Republic,"      11,650,000","         <10,000","       1,420,000","         <10,000","         <10,000","         120,000","          10,000","         <10,000","      13,210,000"
789,1,59,2040,Latin America-Caribbean,Ecuador,"      18,140,000","          20,000","       1,110,000","         <10,000","         <10,000","          60,000","         <10,000","         <10,000","      19,340,000"
790,1,60,2040,Middle East-North Africa,Egypt,"       4,670,000","     111,960,000","         <10,000","         <10,000","         <10,000","         <10,000","         <10,000","         <10,000","     116,640,000"
791,1,61,2040,Latin America-Caribbean,El Salvador,"       6,130,000","         <10,000","         800,000","         <10,000","         <10,000","          30,000","          20,000","         <10,000","       6,980,000"
792,1,62,2040,Sub-Saharan Africa,Equatorial Guinea,"       1,060,000","          50,000","          60,000","         <10,000","         <10,000","          20,000","         <10,000","         <10,000","       1,200,000"
793,1,63,2040,Sub-Saharan Africa,Eritrea,"       6,140,000","       3,570,000","          10,000","         <10,000","         <10,000","          40,000","         <10,000","         <10,000","       9,760,000"
794,1,64,2040,Europe,Estonia,"         440,000","         <10,000","         670,000","         <10,000","         <10,000","         <10,000","         <10,000","         <10,000","       1,110,000"
795,1,65,2040,Sub-Saharan Africa,Ethiopia,"      79,420,000","      51,570,000","          90,000","         <10,000","         <10,000","       2,490,000","          10,000","         <10,000","     133,590,000"
796,1,66,2040,Europe,Faeroe Islands,"          50,000","         <10,000","         <10,000","         <10,000","         <10,000","         <10,000","         <10,000","         <10,000","          50,000"
797,1,67,2040,Latin America-Caribbean,Falkland Islands (Malvinas),"         <10,000","         <10,000","         <10,000","         <10,000","         <10,000","         <10,000","         <10,000","         <10,000","         <10,000"
798,1,68,2040,Asia-Pacific,Fiji,"         750,000","          70,000","         <10,000","         320,000","         <10,000","         <10,000","         <10,000","         <10,000","       1,160,000"
799,1,69,2040,Europe,Finland,"       4,140,000","         140,000","       1,260,000","         <10,000","          20,000","         <10,000","         <10,000","         <10,000","       5,580,000"
800,1,70,2040,Europe,France,"      32,780,000","       6,750,000","      27,690,000","          60,000","         380,000","         310,000","         130,000","         350,000","      68,440,000"
801,1,71,2040,Latin America-Caribbean,French Guiana,"         330,000","         <10,000","          20,000","         <10,000","         <10,000","          30,000","         <10,000","         <10,000","         390,000"
802,1,72,2040,Asia-Pacific,French Polynesia,"         310,000","         <10,000","          20,000","         <10,000","         <10,000","         <10,000","         <10,000","         <10,000","         330,000"
803,1,73,2040,Sub-Saharan Africa,Gabon,"       1,920,000","         390,000","         160,000","         <10,000","         <10,000","         150,000","          20,000","         <10,000","       2,640,000"
804,1,74,2040,Sub-Saharan Africa,Gambia,"         140,000","       3,780,000","         <10,000","         <10,000","         <10,000","          20,000","         <10,000","         <10,000","       3,950,000"
805,1,75,2040,Europe,Georgia,"       3,220,000","         500,000","          30,000","         <10,000","         <10,000","         <10,000","         <10,000","         <10,000","       3,750,000"
806,1,76,2040,Europe,Germany,"      45,670,000","       6,640,000","      21,290,000","          80,000","         250,000","          50,000","         100,000","         200,000","      74,280,000"
807,1,77,2040,Sub-Saharan Africa,Ghana,"      30,080,000","       8,870,000","       1,570,000","          20,000","         <10,000","       2,490,000","          50,000","         <10,000","      43,080,000"
808,1,78,2040,Europe,Gibraltar,"          30,000","         <10,000","         <10,000","         <10,000","         <10,000","         <10,000","         <10,000","         <10,000","          30,000"
809,1,79,2040,Europe,Greece,"       9,140,000","         760,000","         610,000","          30,000","         <10,000","          10,000","          10,000","         <10,000","      10,570,000"
810,1,80,2040,North America,Greenland,"          50,000","         <10,000","         <10,000","         <10,000","         <10,000","         <10,000","         <10,000","         <10,000","          50,000"
811,1,81,2040,Latin America-Caribbean,Grenada,"         140,000","         <10,000","         <10,000","         <10,000","         <10,000","         <10,000","         <10,000","         <10,000","         140,000"
812,1,82,2040,Latin America-Caribbean,Guadeloupe,"         500,000","         <10,000","          10,000","         <10,000","         <10,000","         <10,000","         <10,000","         <10,000","         520,000"
813,1,83,2040,Asia-Pacific,Guam,"         220,000","         <10,000","         <10,000","         <10,000","         <10,000","         <10,000","         <10,000","         <10,000","         240,000"
814,1,84,2040,Latin America-Caribbean,Guatemala,"      25,160,000","         <10,000","         960,000","         <10,000","         <10,000","         170,000","          20,000","         <10,000","      26,320,000"
815,1,85,2040,Sub-Saharan Africa,Guinea,"       1,990,000","      16,490,000","         350,000","         <10,000","          20,000","         510,000","         <10,000","         <10,000","      19,350,000"
816,1,86,2040,Sub-Saharan Africa,Guinea-Bissau,"         440,000","       1,250,000","         120,000","         <10,000","         <10,000","         800,000","         <10,000","         <10,000","       2,610,000"
817,1,87,2040,Latin America-Caribbean,Guyana,"         730,000","          60,000","          20,000","         200,000","         <10,000","         <10,000","         <10,000","         <10,000","       1,020,000"
818,1,88,2040,Latin America-Caribbean,Haiti,"      12,160,000","         <10,000","       1,550,000","         <10,000","         <10,000","         280,000","          40,000","         <10,000","      14,030,000"
819,1,89,2040,Europe,Vatican City,"         <10,000","         <10,000","         <10,000","         <10,000","         <10,000","         <10,000","         <10,000","         <10,000","         <10,000"
820,1,90,2040,Latin America-Caribbean,Honduras,"      10,120,000","          20,000","       1,170,000","         <10,000","          20,000","         140,000","          80,000","         <10,000","      11,550,000"
821,1,91,2040,Asia-Pacific,Hong Kong,"       1,360,000","         220,000","       4,040,000","          50,000","       1,060,000","       1,050,000","         110,000","         <10,000","       7,870,000"
822,1,92,2040,Europe,Hungary,"       6,830,000","          30,000","       2,040,000","         <10,000","         <10,000","         <10,000","         <10,000","         <10,000","       8,910,000"
823,1,93,2040,Europe,Iceland,"         360,000","         <10,000","          20,000","         <10,000","         <10,000","         <10,000","         <10,000","         <10,000","         390,000"
824,1,94,2040,Asia-Pacific,India,"      36,710,000","     282,120,000","         880,000","   1,260,620,000","      11,100,000","       7,640,000","      27,690,000","         <10,000","   1,626,760,000"
825,1,95,2040,Asia-Pacific,Indonesia,"      31,730,000","     254,310,000","         250,000","       4,280,000","       1,790,000","         720,000","         400,000","         <10,000","     293,480,000"
826,1,96,2040,Asia-Pacific,Iran,"          70,000","      86,330,000","          80,000","          20,000","         <10,000","         <10,000","         130,000","         <10,000","      86,640,000"
827,1,97,2040,Middle East-North Africa,Iraq,"         430,000","      66,430,000","          70,000","         <10,000","         <10,000","         <10,000","          20,000","         <10,000","      66,960,000"
828,1,98,2040,Europe,Ireland,"       5,250,000","         150,000","         670,000","          30,000","          20,000","          10,000","         <10,000","         <10,000","       6,150,000"
829,1,99,2040,Europe,Isle of Man,"          80,000","         <10,000","          10,000","         <10,000","         <10,000","         <10,000","         <10,000","         <10,000","         100,000"
830,1,100,2040,Middle East-North Africa,Israel,"         210,000","       2,510,000","         320,000","         <10,000","          30,000","          30,000","          10,000","       7,610,000","      10,720,000"
831,1,101,2040,Europe,Italy,"      43,740,000","       4,450,000","       8,950,000","         250,000","         210,000","         130,000","          60,000","          40,000","      57,830,000"
832,1,102,2040,Latin America-Caribbean,Jamaica,"       2,390,000","         <10,000","         530,000","         <10,000","         <10,000","         140,000","          30,000","         <10,000","       3,100,000"
833,1,103,2040,Asia-Pacific,Japan,"       2,430,000","         270,000","      74,780,000","          60,000","      31,100,000","         580,000","       4,600,000","         <10,000","     113,830,000"
834,1,104,2040,Middle East-North Africa,Jordan,"         220,000","      10,020,000","          20,000","          20,000","          50,000","         <10,000","         <10,000","         <10,000","      10,330,000"
835,1,105,2040,Asia-Pacific,Kazakhstan,"       4,070,000","      15,510,000","         660,000","          10,000","          90,000","         110,000","          50,000","         <10,000","      20,500,000"
836,1,106,2040,Sub-Saharan Africa,Kenya,"      67,250,000","      10,110,000","       1,910,000","          90,000","         <10,000","       1,050,000","         770,000","         <10,000","      81,180,000"
837,1,107,2040,Asia-Pacific,Kiribati,"         140,000","         <10,000","         <10,000","         <10,000","         <10,000","         <10,000","         <10,000","         <10,000","         140,000"
838,1,108,2040,Europe,Kosovo,"         100,000","       1,880,000","         <10,000","         <10,000","         <10,000","         <10,000","         <10,000","         <10,000","       1,980,000"
839,1,109,2040,Middle East-North Africa,Kuwait,"         530,000","       3,010,000","         <10,000","         470,000","         310,000","          10,000","         <10,000","         <10,000","       4,350,000"
840,1,110,2040,Asia-Pacific,Kyrgyzstan,"         600,000","       6,980,000","          30,000","         <10,000","         <10,000","         <10,000","         <10,000","         <10,000","       7,630,000"
841,1,111,2040,Asia-Pacific,Laos,"         130,000","         <10,000","          80,000","         <10,000","       5,230,000","       3,300,000","          70,000","         <10,000","       8,830,000"
842,1,112,2040,Europe,Latvia,"         990,000","         <10,000","         850,000","         <10,000","         <10,000","         <10,000","         <10,000","         <10,000","       1,850,000"
843,1,113,2040,Middle East-North Africa,Lebanon,"       1,870,000","       2,990,000","          10,000","         <10,000","         <10,000","         <10,000","         <10,000","         <10,000","       4,880,000"
844,1,114,2040,Sub-Saharan Africa,Lesotho,"       2,550,000","         <10,000","          70,000","         <10,000","         <10,000","         <10,000","         <10,000","         <10,000","       2,630,000"
845,1,115,2040,Sub-Saharan Africa,Liberia,"       7,020,000","         980,000","         110,000","         <10,000","         <10,000","          80,000","         <10,000","         <10,000","       8,190,000"
846,1,116,2040,Middle East-North Africa,Libya,"         230,000","       8,390,000","          20,000","         <10,000","          30,000","         <10,000","         <10,000","         <10,000","       8,690,000"
847,1,117,2040,Europe,Liechtenstein,"          40,000","         <10,000","         <10,000","         <10,000","         <10,000","         <10,000","         <10,000","         <10,000","          40,000"
848,1,118,2040,Europe,Lithuania,"       2,450,000","         <10,000","         250,000","         <10,000","         <10,000","         <10,000","         <10,000","         <10,000","       2,700,000"
849,1,119,2040,Europe,Luxembourg,"         370,000","          10,000","         140,000","         <10,000","         <10,000","         <10,000","         <10,000","         <10,000","         530,000"
850,1,120,2040,Asia-Pacific,Macau,"          40,000","         <10,000","          90,000","         <10,000","         100,000","         340,000","         <10,000","         <10,000","         570,000"
851,1,121,2040,Europe,Republic of Macedonia,"         840,000","         930,000","          20,000","         <10,000","         <10,000","         <10,000","         <10,000","         <10,000","       1,790,000"
852,1,122,2040,Sub-Saharan Africa,Madagascar,"      36,870,000","       1,410,000","       3,610,000","          30,000","          10,000","       2,200,000","          40,000","         <10,000","      44,170,000"
853,1,123,2040,Sub-Saharan Africa,Malawi,"      31,780,000","       4,900,000","         570,000","          30,000","         <10,000","         600,000","          30,000","         <10,000","      37,910,000"
854,1,124,2040,Asia-Pacific,Malaysia,"       3,960,000","      29,650,000","         210,000","       2,230,000","       5,140,000","         850,000","          40,000","         <10,000","      42,070,000"
855,1,125,2040,Asia-Pacific,Maldives,"         <10,000","         390,000","         <10,000","         <10,000","         <10,000","         <10,000","         <10,000","         <10,000","         400,000"
856,1,126,2040,Sub-Saharan Africa,Mali,"         800,000","      32,400,000","         210,000","         <10,000","         <10,000","       1,210,000","         <10,000","         <10,000","      34,620,000"
857,1,127,2040,Europe,Malta,"         380,000","         <10,000","         <10,000","         <10,000","         <10,000","         <10,000","         <10,000","         <10,000","         390,000"
858,1,128,2040,Asia-Pacific,Marshall Islands,"          60,000","         <10,000","         <10,000","         <10,000","         <10,000","         <10,000","         <10,000","         <10,000","          60,000"
859,1,129,2040,Latin America-Caribbean,Martinique,"         410,000","         <10,000","         <10,000","         <10,000","         <10,000","         <10,000","         <10,000","         <10,000","         420,000"
860,1,130,2040,Sub-Saharan Africa,Mauritania,"          20,000","       6,270,000","         <10,000","         <10,000","         <10,000","          30,000","         <10,000","         <10,000","       6,330,000"
861,1,131,2040,Sub-Saharan Africa,Mauritius,"         430,000","         230,000","          10,000","         630,000","         <10,000","         <10,000","         <10,000","         <10,000","       1,310,000"
862,1,132,2040,Sub-Saharan Africa,Mayotte,"         <10,000","         410,000","         <10,000","         <10,000","         <10,000","         <10,000","         <10,000","         <10,000","         420,000"
863,1,133,2040,Latin America-Caribbean,Mexico,"     129,790,000","          10,000","      10,650,000","         <10,000","          10,000","          80,000","          20,000","          90,000","     140,660,000"
864,1,134,2040,Asia-Pacific,Federated States of Micronesia,"         170,000","         <10,000","         <10,000","         <10,000","         <10,000","         <10,000","         <10,000","         <10,000","         180,000"
865,1,135,2040,Europe,Moldova,"       2,730,000","          30,000","          40,000","         <10,000","         <10,000","         <10,000","         <10,000","         <10,000","       2,810,000"
866,1,136,2040,Europe,Monaco,"          40,000","         <10,000","         <10,000","         <10,000","         <10,000","         <10,000","         <10,000","         <10,000","          50,000"
867,1,137,2040,Asia-Pacific,Mongolia,"          90,000","         150,000","       1,420,000","         <10,000","       2,040,000","         130,000","         <10,000","         <10,000","       3,830,000"
868,1,138,2040,Europe,Montenegro,"         460,000","         150,000","          20,000","         <10,000","         <10,000","         <10,000","         <10,000","         <10,000","         620,000"
869,1,139,2040,Latin America-Caribbean,Montserrat,"         <10,000","         <10,000","         <10,000","         <10,000","         <10,000","         <10,000","         <10,000","         <10,000","         <10,000"
870,1,140,2040,Middle East-North Africa,Morocco,"          10,000","      39,470,000","         <10,000","         <10,000","         <10,000","         <10,000","         <10,000","         <10,000","      39,490,000"
871,1,141,2040,Sub-Saharan Africa,Mozambique,"      25,050,000","       6,660,000","       7,160,000","          30,000","         <10,000","       3,340,000","         <10,000","         <10,000","      42,250,000"
872,1,142,2040,Asia-Pacific,Burma (Myanmar),"       4,390,000","       2,560,000","         270,000","         930,000","      44,630,000","       3,120,000","         100,000","         <10,000","      56,000,000"
873,1,143,2040,Sub-Saharan Africa,Namibia,"       3,230,000","         <10,000","          70,000","         <10,000","         <10,000","         <10,000","         <10,000","         <10,000","       3,320,000"
874,1,144,2040,Asia-Pacific,Nauru,"         <10,000","         <10,000","         <10,000","         <10,000","         <10,000","         <10,000","         <10,000","         <10,000","          10,000"
875,1,145,2040,Asia-Pacific,Nepal,"         210,000","       2,700,000","         110,000","      35,830,000","       4,210,000","       1,610,000","          40,000","         <10,000","      44,710,000"
876,1,146,2040,Europe,Netherlands,"       7,240,000","       1,470,000","       8,270,000","         120,000","          70,000","          50,000","          40,000","          30,000","      17,280,000"
877,1,148,2040,Asia-Pacific,New Caledonia,"         260,000","         <10,000","          30,000","         <10,000","         <10,000","         <10,000","         <10,000","         <10,000","         310,000"
878,1,149,2040,Asia-Pacific,New Zealand,"       2,600,000","         130,000","       2,430,000","         180,000","         120,000","          30,000","          50,000","          10,000","       5,550,000"
879,1,150,2040,Latin America-Caribbean,Nicaragua,"       6,700,000","         <10,000","       1,090,000","         <10,000","         <10,000","         110,000","          10,000","         <10,000","       7,930,000"
880,1,151,2040,Sub-Saharan Africa,Niger,"         440,000","      40,820,000","         320,000","         <10,000","         <10,000","          50,000","         <10,000","         <10,000","      41,650,000"
881,1,152,2040,Sub-Saharan Africa,Nigeria,"     134,100,000","     182,560,000","       1,110,000","         <10,000","          20,000","       5,540,000","         150,000","         <10,000","     323,480,000"
882,1,153,2040,Asia-Pacific,Niue,"         <10,000","         <10,000","         <10,000","         <10,000","         <10,000","         <10,000","         <10,000","         <10,000","         <10,000"
883,1,154,2040,Asia-Pacific,North Korea,"         520,000","         <10,000","      18,850,000","         <10,000","         400,000","       3,260,000","       3,410,000","         <10,000","      26,440,000"
884,1,155,2040,Asia-Pacific,Northern Mariana Islands,"          50,000","         <10,000","         <10,000","         <10,000","         <10,000","         <10,000","         <10,000","         <10,000","          60,000"
885,1,156,2040,Europe,Norway,"       4,330,000","         420,000","         780,000","          50,000","          70,000","          10,000","          10,000","         <10,000","       5,670,000"
886,1,157,2040,Middle East-North Africa,Oman,"         250,000","       3,740,000","          20,000","         250,000","          20,000","         <10,000","          30,000","         <10,000","       4,310,000"
887,1,158,2040,Asia-Pacific,Pakistan,"       4,020,000","     254,670,000","          30,000","       5,220,000","          30,000","          40,000","          30,000","         <10,000","     264,050,000"
888,1,159,2040,Asia-Pacific,Palau,"          20,000","         <10,000","         <10,000","         <10,000","         <10,000","         <10,000","         <10,000","         <10,000","          30,000"
889,1,160,2040,Middle East-North Africa,Palestinian territories,"         140,000","       8,270,000","         <10,000","         <10,000","         <10,000","         <10,000","         <10,000","         <10,000","       8,410,000"
890,1,161,2040,Latin America-Caribbean,Panama,"       4,410,000","          40,000","         260,000","         <10,000","          10,000","          20,000","          20,000","          20,000","       4,790,000"
891,1,162,2040,Asia-Pacific,Papua New Guinea,"      11,800,000","         <10,000","         <10,000","         <10,000","         <10,000","          50,000","          30,000","         <10,000","      11,890,000"
892,1,163,2040,Latin America-Caribbean,Paraguay,"       9,340,000","         <10,000","         110,000","         <10,000","         <10,000","         170,000","          20,000","         <10,000","       9,650,000"
893,1,164,2040,Latin America-Caribbean,Peru,"      36,550,000","         <10,000","       1,250,000","         <10,000","          60,000","         380,000","         120,000","         <10,000","      38,370,000"
894,1,165,2040,Asia-Pacific,Philippines,"     131,940,000","       8,540,000","         130,000","         <10,000","         130,000","       2,330,000","         220,000","         <10,000","     143,300,000"
895,1,167,2040,Europe,Poland,"      31,180,000","          60,000","       3,830,000","         <10,000","          10,000","         <10,000","         <10,000","          10,000","      35,110,000"
896,1,168,2040,Europe,Portugal,"       8,200,000","          90,000","         980,000","         <10,000","          20,000","          50,000","         <10,000","         <10,000","       9,350,000"
897,1,169,2040,Latin America-Caribbean,Puerto Rico,"       3,500,000","         <10,000","          90,000","         <10,000","          10,000","          30,000","         <10,000","         <10,000","       3,650,000"
898,1,170,2040,Middle East-North Africa,Qatar,"         430,000","       2,130,000","          20,000","         570,000","         140,000","          20,000","          10,000","         <10,000","       3,320,000"
899,1,171,2040,Sub-Saharan Africa,Reunion,"         920,000","          40,000","          20,000","          50,000","         <10,000","         <10,000","          10,000","         <10,000","       1,060,000"
900,1,172,2040,Europe,Romania,"      17,710,000","          70,000","          20,000","         <10,000","         <10,000","         <10,000","         <10,000","         <10,000","      17,810,000"
901,1,173,2040,Europe,Russia,"      92,690,000","      19,280,000","      16,200,000","         110,000","         170,000","         280,000","          10,000","         140,000","     128,870,000"
902,1,174,2040,Sub-Saharan Africa,Rwanda,"      20,420,000","         630,000","         690,000","          10,000","         <10,000","         110,000","          40,000","         <10,000","      21,910,000"
903,1,175,2040,Sub-Saharan Africa,St. Helena,"         <10,000","         <10,000","         <10,000","         <10,000","         <10,000","         <10,000","         <10,000","         <10,000","         <10,000"
904,1,176,2040,Latin America-Caribbean,St. Kitts and Nevis,"          60,000","         <10,000","         <10,000","         <10,000","         <10,000","         <10,000","         <10,000","         <10,000","          70,000"
905,1,177,2040,Latin America-Caribbean,St. Lucia,"         200,000","         <10,000","          10,000","         <10,000","         <10,000","         <10,000","         <10,000","         <10,000","         210,000"
906,1,178,2040,North America,St. Pierre and Miquelon,"         <10,000","         <10,000","         <10,000","         <10,000","         <10,000","         <10,000","         <10,000","         <10,000","         <10,000"
907,1,179,2040,Latin America-Caribbean,St. Vincent and the Grenadines,"         120,000","         <10,000","         <10,000","         <10,000","         <10,000","         <10,000","         <10,000","         <10,000","         130,000"
908,1,180,2040,Asia-Pacific,Samoa,"         310,000","         <10,000","         <10,000","         <10,000","         <10,000","         <10,000","         <10,000","         <10,000","         320,000"
909,1,181,2040,Europe,San Marino,"          30,000","         <10,000","         <10,000","         <10,000","         <10,000","         <10,000","         <10,000","         <10,000","          30,000"
910,1,182,2040,Sub-Saharan Africa,Sao Tome and Principe,"         230,000","         <10,000","          40,000","         <10,000","         <10,000","         <10,000","         <10,000","         <10,000","         290,000"
911,1,183,2040,Middle East-North Africa,Saudi Arabia,"       1,760,000","      39,560,000","         230,000","         650,000","         170,000","         110,000","          80,000","         <10,000","      42,560,000"
912,1,184,2040,Sub-Saharan Africa,Senegal,"         670,000","      23,460,000","         <10,000","         <10,000","         <10,000","         <10,000","         <10,000","         <10,000","      24,130,000"
913,1,185,2040,Europe,Serbia,"       6,010,000","         470,000","         230,000","         <10,000","         <10,000","         <10,000","         <10,000","         <10,000","       6,710,000"
914,1,186,2040,Sub-Saharan Africa,Seychelles,"          90,000","         <10,000","         <10,000","         <10,000","         <10,000","         <10,000","         <10,000","         <10,000","         100,000"
915,1,187,2040,Sub-Saharan Africa,Sierra Leone,"       1,880,000","       7,840,000","          10,000","         <10,000","         <10,000","          80,000","         <10,000","         <10,000","       9,820,000"
916,1,188,2040,Asia-Pacific,Singapore,"       1,270,000","       1,430,000","       1,200,000","         650,000","       2,120,000","         190,000","         480,000","          10,000","       7,360,000"
917,1,189,2040,Europe,Slovakia,"       4,360,000","          30,000","         980,000","         <10,000","          10,000","          10,000","         <10,000","         <10,000","       5,400,000"
918,1,190,2040,Europe,Slovenia,"       1,390,000","          80,000","         360,000","         <10,000","         <10,000","         <10,000","         <10,000","         <10,000","       1,840,000"
919,1,191,2040,Asia-Pacific,Solomon Islands,"         980,000","         <10,000","         <10,000","         <10,000","         <10,000","          10,000","         <10,000","         <10,000","       1,000,000"
920,1,192,2040,Sub-Saharan Africa,Somalia,"          10,000","      20,500,000","         <10,000","          10,000","         <10,000","          20,000","         <10,000","         <10,000","      20,550,000"
921,1,193,2040,Sub-Saharan Africa,South Africa,"      47,290,000","       1,380,000","       9,110,000","         480,000","          90,000","         370,000","         190,000","          40,000","      58,950,000"
922,1,194,2040,Asia-Pacific,South Korea,"      16,090,000","         280,000","      23,080,000","          40,000","       9,620,000","         440,000","         110,000","         <10,000","      49,660,000"
923,1,195,2040,Europe,Spain,"      34,950,000","       3,050,000","      12,950,000","          90,000","          50,000","         110,000","          30,000","          60,000","      51,300,000"
924,1,196,2040,Asia-Pacific,Sri Lanka,"       1,690,000","       2,830,000","         <10,000","       3,370,000","      16,320,000","         <10,000","         <10,000","         <10,000","      24,220,000"
925,1,197,2040,Middle East-North Africa,Sudan,"       3,320,000","      56,080,000","         650,000","         <10,000","         <10,000","       1,750,000","         <10,000","         <10,000","      61,800,000"
926,1,198,2040,Latin America-Caribbean,Suriname,"         350,000","          80,000","          50,000","         110,000","         <10,000","          40,000","          10,000","         <10,000","         660,000"
927,1,199,2040,Sub-Saharan Africa,Swaziland,"       1,380,000","         <10,000","         140,000","         <10,000","         <10,000","          20,000","         <10,000","         <10,000","       1,550,000"
928,1,200,2040,Europe,Sweden,"       5,880,000","       1,090,000","       3,390,000","          50,000","         110,000","          30,000","          30,000","          20,000","      10,600,000"
929,1,201,2040,Europe,Switzerland,"       5,160,000","         560,000","       2,130,000","          50,000","          60,000","          10,000","          20,000","          20,000","       8,000,000"
930,1,202,2040,Middle East-North Africa,Syria,"       1,610,000","      29,130,000","         640,000","         <10,000","         <10,000","         <10,000","         <10,000","         <10,000","      31,390,000"
931,1,203,2040,Asia-Pacific,Taiwan,"       1,370,000","          10,000","       3,470,000","         <10,000","       4,520,000","       9,340,000","       3,120,000","         <10,000","      21,840,000"
932,1,204,2040,Asia-Pacific,Tajikistan,"         230,000","      10,750,000","         170,000","         <10,000","         <10,000","         <10,000","         <10,000","         <10,000","      11,170,000"
933,1,205,2040,Sub-Saharan Africa,Tanzania,"      71,650,000","      34,740,000","       2,230,000","          50,000","         <10,000","         480,000","          20,000","         <10,000","     109,180,000"
934,1,206,2040,Asia-Pacific,Thailand,"         710,000","       5,230,000","         210,000","         110,000","      64,460,000","          60,000","         <10,000","         <10,000","      70,790,000"
935,1,207,2040,Asia-Pacific,Timor-Leste,"       2,530,000","         <10,000","         <10,000","         <10,000","         <10,000","         <10,000","         <10,000","         <10,000","       2,540,000"
936,1,208,2040,Sub-Saharan Africa,Togo,"       3,710,000","       1,350,000","         610,000","         <10,000","         <10,000","       3,900,000","          50,000","         <10,000","       9,640,000"
937,1,209,2040,Asia-Pacific,Tokelau,"         <10,000","         <10,000","         <10,000","         <10,000","         <10,000","         <10,000","         <10,000","         <10,000","         <10,000"
938,1,210,2040,Asia-Pacific,Tonga,"         180,000","         <10,000","         <10,000","         <10,000","         <10,000","         <10,000","         <10,000","         <10,000","         180,000"
939,1,211,2040,Latin America-Caribbean,Trinidad and Tobago,"         880,000","          70,000","          20,000","         280,000","         <10,000","          30,000","          20,000","         <10,000","       1,310,000"
940,1,212,2040,Middle East-North Africa,Tunisia,"          30,000","      12,410,000","          30,000","         <10,000","         <10,000","         <10,000","         <10,000","         <10,000","      12,470,000"
941,1,213,2040,Asia-Pacific,Turkey,"         450,000","      88,160,000","       1,070,000","         <10,000","          50,000","          30,000","         190,000","          30,000","      89,980,000"
942,1,214,2040,Asia-Pacific,Turkmenistan,"         430,000","       6,210,000","          30,000","         <10,000","         <10,000","         <10,000","         <10,000","         <10,000","       6,680,000"
943,1,215,2040,Latin America-Caribbean,Turks and Caicos Islands,"          40,000","         <10,000","         <10,000","         <10,000","         <10,000","         <10,000","         <10,000","         <10,000","          40,000"
944,1,216,2040,Asia-Pacific,Tuvalu,"          10,000","         <10,000","         <10,000","         <10,000","         <10,000","         <10,000","         <10,000","         <10,000","          10,000"
945,1,217,2040,Sub-Saharan Africa,Uganda,"      65,940,000","      10,380,000","         400,000","         240,000","         <10,000","         670,000","          90,000","         <10,000","      77,720,000"
946,1,218,2040,Europe,Ukraine,"      33,810,000","       1,120,000","       3,230,000","          60,000","          30,000","          30,000","          10,000","          30,000","      38,310,000"
947,1,219,2040,Middle East-North Africa,United Arab Emirates,"       1,290,000","       7,310,000","         110,000","         900,000","         270,000","          20,000","          60,000","         <10,000","       9,970,000"
948,1,220,2040,Europe,United Kingdom,"      33,410,000","       6,360,000","      24,850,000","       1,260,000","         560,000","         170,000","         540,000","         240,000","      67,380,000"
949,1,221,2040,North America,United States,"     260,640,000","       6,610,000","      89,050,000","       4,020,000","       5,160,000","       1,610,000","       4,790,000","       5,510,000","     377,390,000"
950,1,222,2040,Latin America-Caribbean,U.S. Virgin Islands,"         110,000","         <10,000","         <10,000","         <10,000","         <10,000","         <10,000","         <10,000","         <10,000","         110,000"
951,1,223,2040,Latin America-Caribbean,Uruguay,"       2,030,000","         <10,000","       1,510,000","         <10,000","         <10,000","          30,000","          10,000","         <10,000","       3,590,000"
952,1,224,2040,Asia-Pacific,Uzbekistan,"         580,000","      34,500,000","         240,000","         <10,000","          10,000","          20,000","         <10,000","         <10,000","      35,360,000"
953,1,225,2040,Asia-Pacific,Vanuatu,"         410,000","         <10,000","         <10,000","         <10,000","         <10,000","          20,000","         <10,000","         <10,000","         440,000"
954,1,226,2040,Latin America-Caribbean,Venezuela,"      34,730,000","         120,000","       3,640,000","         <10,000","         <10,000","         240,000","          30,000","         <10,000","      38,770,000"
955,1,227,2040,Asia-Pacific,Vietnam,"       9,060,000","         200,000","      31,460,000","         <10,000","      16,640,000","      46,230,000","         430,000","         <10,000","     104,020,000"
956,1,228,2040,Asia-Pacific,Wallis and Futuna,"          10,000","         <10,000","         <10,000","         <10,000","         <10,000","         <10,000","         <10,000","         <10,000","          10,000"
957,1,229,2040,Middle East-North Africa,Western Sahara,"         <10,000","         710,000","         <10,000","         <10,000","         <10,000","         <10,000","         <10,000","         <10,000","         710,000"
958,1,230,2040,Middle East-North Africa,Yemen,"          70,000","      50,920,000","          50,000","         320,000","         <10,000","         <10,000","         <10,000","         <10,000","      51,370,000"
959,1,231,2040,Sub-Saharan Africa,Zambia,"      32,190,000","         300,000","         210,000","          40,000","         <10,000","         120,000","         340,000","         <10,000","      33,200,000"
960,1,232,2040,Sub-Saharan Africa,Zimbabwe,"      15,350,000","         180,000","       1,340,000","         <10,000","         <10,000","         820,000","          50,000","         <10,000","      17,760,000"
961,1,237,2040,Sub-Saharan Africa,South Sudan,"      11,040,000","       1,130,000","          90,000","         <10,000","         <10,000","       6,000,000","         <10,000","         <10,000","      18,260,000"
962,1,238,2040,Latin America-Caribbean,Curacao,"         170,000","         <10,000","         <10,000","         <10,000","         <10,000","         <10,000","         <10,000","         <10,000","         180,000"
963,1,239,2040,Latin America-Caribbean,Sint Maarten,"          60,000","         <10,000","         <10,000","         <10,000","         <10,000","         <10,000","         <10,000","         <10,000","          60,000"
964,1,240,2040,Latin America-Caribbean,Caribbean Netherlands,"          20,000","         <10,000","         <10,000","         <10,000","         <10,000","         <10,000","         <10,000","         <10,000","          20,000"
965,3,10000,2050, World, All Countries,"   2,918,070,000","   2,761,480,000","   1,230,340,000","   1,384,360,000","     486,270,000","     449,140,000","      61,450,000","      16,090,000","   9,307,190,000"
966,2,1001,2050,North America, All Countries,"     286,710,000","      10,350,000","     111,340,000","       5,850,000","       6,080,000","       2,630,000","       6,540,000","       5,920,000","     435,420,000"
967,2,1002,2050,Latin America-Caribbean, All Countries,"     665,500,000","         940,000","      65,150,000","         640,000","         450,000","      14,310,000","       1,170,000","         460,000","     748,620,000"
968,2,1003,2050,Europe, All Countries,"     454,090,000","      70,870,000","     162,320,000","       2,660,000","       2,490,000","       1,590,000","       1,100,000","       1,200,000","     696,330,000"
969,2,1004,2050,Middle East-North Africa, All Countries,"      18,180,000","     551,900,000","       3,280,000","       3,700,000","       1,190,000","       2,270,000","         260,000","       8,200,000","     588,960,000"
970,2,1005,2050,Sub-Saharan Africa, All Countries,"   1,112,390,000","     669,710,000","      50,460,000","       1,900,000","         220,000","      61,470,000","       3,740,000","          70,000","   1,899,960,000"
971,2,1006,2050,Asia-Pacific, All Countries,"     381,200,000","   1,457,720,000","     837,790,000","   1,369,600,000","     475,840,000","     366,860,000","      48,650,000","         240,000","   4,937,900,000"
972,1,1,2050,Asia-Pacific,Afghanistan,"          70,000","      72,190,000","          20,000","          30,000","          20,000","         <10,000","          60,000","         <10,000","      72,380,000"
973,1,2,2050,Europe,Albania,"         380,000","       2,420,000","          10,000","         <10,000","         <10,000","         <10,000","         <10,000","         <10,000","       2,810,000"
974,1,3,2050,Middle East-North Africa,Algeria,"          70,000","      45,620,000","         850,000","         <10,000","         <10,000","          10,000","         <10,000","         <10,000","      46,580,000"
975,1,4,2050,Asia-Pacific,American Samoa,"          60,000","         <10,000","         <10,000","         <10,000","         <10,000","         <10,000","         <10,000","         <10,000","          60,000"
976,1,5,2050,Europe,Andorra,"          90,000","         <10,000","         <10,000","         <10,000","         <10,000","         <10,000","         <10,000","         <10,000","         100,000"
977,1,6,2050,Sub-Saharan Africa,Angola,"      37,550,000","          80,000","       2,150,000","         <10,000","         <10,000","       1,690,000","         <10,000","         <10,000","      41,470,000"
978,1,7,2050,Latin America-Caribbean,Anguilla,"          10,000","         <10,000","         <10,000","         <10,000","         <10,000","         <10,000","         <10,000","         <10,000","          20,000"
979,1,8,2050,Latin America-Caribbean,Antigua and Barbuda,"         110,000","         <10,000","         <10,000","         <10,000","         <10,000","         <10,000","         <10,000","         <10,000","         110,000"
980,1,9,2050,Latin America-Caribbean,Argentina,"      43,220,000","         370,000","       5,720,000","         <10,000","          20,000","         290,000","         110,000","         170,000","      49,910,000"
981,1,10,2050,Asia-Pacific,Armenia,"       3,140,000","          40,000","          40,000","         <10,000","         <10,000","         <10,000","         <10,000","         <10,000","       3,230,000"
982,1,11,2050,Latin America-Caribbean,Aruba,"          90,000","         <10,000","         <10,000","         <10,000","         <10,000","         <10,000","         <10,000","         <10,000","         100,000"
983,1,12,2050,Asia-Pacific,Australia,"      13,700,000","       1,420,000","      11,780,000","         660,000","         890,000","         250,000","         280,000","         150,000","      29,120,000"
984,1,13,2050,Europe,Austria,"       6,140,000","         750,000","       1,460,000","          20,000","          40,000","          20,000","          20,000","          20,000","       8,460,000"
985,1,14,2050,Asia-Pacific,Azerbaijan,"         210,000","      11,080,000","          10,000","         <10,000","         <10,000","         <10,000","         <10,000","         <10,000","      11,300,000"
986,1,15,2050,Latin America-Caribbean,Bahamas,"         400,000","         <10,000","          10,000","         <10,000","         <10,000","         <10,000","         <10,000","         <10,000","         410,000"
987,1,16,2050,Middle East-North Africa,Bahrain,"         220,000","       1,260,000","          40,000","         190,000","          70,000","         <10,000","         <10,000","         <10,000","       1,790,000"
988,1,17,2050,Asia-Pacific,Bangladesh,"         650,000","     182,360,000","         <10,000","      14,470,000","       1,200,000","         130,000","         130,000","         <10,000","     198,960,000"
989,1,18,2050,Latin America-Caribbean,Barbados,"         250,000","         <10,000","         <10,000","         <10,000","         <10,000","         <10,000","         <10,000","         <10,000","         260,000"
990,1,19,2050,Europe,Belarus,"       6,060,000","         200,000","       2,230,000","         <10,000","         <10,000","         <10,000","         <10,000","         <10,000","       8,510,000"
991,1,20,2050,Europe,Belgium,"       5,870,000","       1,310,000","       3,740,000","          40,000","          60,000","          50,000","          20,000","          30,000","      11,120,000"
992,1,21,2050,Latin America-Caribbean,Belize,"         470,000","         <10,000","          50,000","         <10,000","         <10,000","         <10,000","         <10,000","         <10,000","         540,000"
993,1,22,2050,Sub-Saharan Africa,Benin,"      10,450,000","       5,880,000","       1,240,000","         <10,000","         <10,000","       3,960,000","         <10,000","         <10,000","      21,530,000"
994,1,23,2050,North America,Bermuda,"          50,000","         <10,000","          10,000","         <10,000","         <10,000","         <10,000","         <10,000","         <10,000","          60,000"
995,1,24,2050,Asia-Pacific,Bhutan,"         <10,000","         <10,000","         <10,000","         220,000","         740,000","          20,000","         <10,000","         <10,000","         990,000"
996,1,25,2050,Latin America-Caribbean,Bolivia,"      16,010,000","         <10,000","         690,000","         <10,000","          10,000","         130,000","         140,000","         <10,000","      17,000,000"
997,1,26,2050,Europe,Bosnia-Herzegovina,"       1,270,000","       1,290,000","          50,000","         <10,000","         <10,000","         <10,000","         <10,000","         <10,000","       2,620,000"
998,1,27,2050,Sub-Saharan Africa,Botswana,"       2,250,000","          50,000","         320,000","         <10,000","         <10,000","          50,000","          10,000","         <10,000","       2,680,000"
999,1,28,2050,Latin America-Caribbean,Brazil,"     192,640,000","          50,000","      20,740,000","         <10,000","         220,000","       9,000,000","         280,000","          90,000","     223,020,000"
1000,1,29,2050,Latin America-Caribbean,British Virgin Islands,"          30,000","         <10,000","         <10,000","         <10,000","         <10,000","         <10,000","         <10,000","         <10,000","          30,000"
1001,1,30,2050,Asia-Pacific,Brunei,"          50,000","         380,000","         <10,000","         <10,000","          40,000","          30,000","         <10,000","         <10,000","         510,000"
1002,1,31,2050,Europe,Bulgaria,"       4,080,000","         770,000","         320,000","         <10,000","         <10,000","         <10,000","         <10,000","         <10,000","       5,180,000"
1003,1,32,2050,Sub-Saharan Africa,Burkina Faso,"       9,610,000","      32,200,000","         320,000","         <10,000","         <10,000","       7,720,000","         <10,000","         <10,000","      49,860,000"
1004,1,33,2050,Sub-Saharan Africa,Burundi,"      12,490,000","         440,000","         <10,000","         <10,000","         <10,000","         870,000","         <10,000","         <10,000","      13,800,000"
1005,1,34,2050,Asia-Pacific,Cambodia,"          70,000","         410,000","          40,000","         <10,000","      19,090,000","         120,000","         <10,000","         <10,000","      19,740,000"
1006,1,35,2050,Sub-Saharan Africa,Cameroon,"      25,820,000","       8,410,000","       1,750,000","         <10,000","         <10,000","       1,180,000","       1,030,000","         <10,000","      38,200,000"
1007,1,36,2050,North America,Canada,"      24,640,000","       2,260,000","      10,470,000","       1,070,000","         600,000","         570,000","         780,000","         560,000","      40,940,000"
1008,1,37,2050,Sub-Saharan Africa,Cape Verde,"         650,000","         <10,000","          60,000","         <10,000","         <10,000","         <10,000","         <10,000","         <10,000","         720,000"
1009,1,38,2050,Latin America-Caribbean,Cayman Islands,"          60,000","         <10,000","         <10,000","         <10,000","         <10,000","         <10,000","         <10,000","         <10,000","          70,000"
1010,1,39,2050,Sub-Saharan Africa,Central African Republic,"       7,560,000","         860,000","          80,000","         <10,000","         <10,000","          90,000","         <10,000","         <10,000","       8,590,000"
1011,1,40,2050,Sub-Saharan Africa,Chad,"      11,790,000","      14,900,000","         520,000","         <10,000","         <10,000","         360,000","          40,000","         <10,000","      27,620,000"
1012,1,41,2050,Europe,Channel Islands,"         120,000","         <10,000","          20,000","         <10,000","         <10,000","         <10,000","         <10,000","         <10,000","         140,000"
1013,1,42,2050,Latin America-Caribbean,Chile,"      17,330,000","          20,000","       2,420,000","         <10,000","          10,000","         260,000","          40,000","          30,000","      20,120,000"
1014,1,43,2050,Asia-Pacific,China,"      70,800,000","      35,290,000","     663,080,000","          50,000","     241,580,000","     284,950,000","       9,250,000","         <10,000","   1,305,010,000"
1015,1,44,2050,Latin America-Caribbean,Colombia,"      56,560,000","          20,000","       4,430,000","         <10,000","         <10,000","         530,000","          50,000","         <10,000","      61,590,000"
1016,1,45,2050,Sub-Saharan Africa,Comoros,"         <10,000","       1,800,000","         <10,000","         <10,000","         <10,000","          20,000","         <10,000","         <10,000","       1,830,000"
1017,1,46,2050,Sub-Saharan Africa,Republic of the Congo,"       8,100,000","         100,000","         680,000","         <10,000","         <10,000","         250,000","          90,000","         <10,000","       9,230,000"
1018,1,47,2050,Sub-Saharan Africa,Democratic Republic of the Congo,"     141,790,000","       2,490,000","       2,490,000","          80,000","         <10,000","       1,080,000","         190,000","         <10,000","     148,120,000"
1019,1,48,2050,Asia-Pacific,Cook Islands,"          20,000","         <10,000","         <10,000","         <10,000","         <10,000","         <10,000","         <10,000","         <10,000","          20,000"
1020,1,49,2050,Latin America-Caribbean,Costa Rica,"       5,720,000","         <10,000","         530,000","         <10,000","         <10,000","          60,000","          20,000","         <10,000","       6,330,000"
1021,1,50,2050,Sub-Saharan Africa,Ivory Coast,"      16,490,000","      14,820,000","       3,550,000","         <10,000","          20,000","       4,770,000","          80,000","         <10,000","      39,740,000"
1022,1,51,2050,Europe,Croatia,"       3,520,000","          70,000","         160,000","         <10,000","         <10,000","         <10,000","         <10,000","         <10,000","       3,760,000"
1023,1,52,2050,Latin America-Caribbean,Cuba,"       5,580,000","         <10,000","       2,270,000","          20,000","         <10,000","       1,770,000","         <10,000","         <10,000","       9,670,000"
1024,1,53,2050,Asia-Pacific,Cyprus,"         990,000","         360,000","          50,000","          10,000","          20,000","         <10,000","         <10,000","         <10,000","       1,430,000"
1025,1,54,2050,Europe,Czech Republic,"       1,820,000","         100,000","       7,700,000","         <10,000","          60,000","          70,000","         <10,000","         <10,000","       9,760,000"
1026,1,55,2050,Europe,Denmark,"       4,570,000","         500,000","         640,000","          50,000","          50,000","         <10,000","         <10,000","         <10,000","       5,820,000"
1027,1,56,2050,Sub-Saharan Africa,Djibouti,"          40,000","       1,500,000","         <10,000","         <10,000","         <10,000","         <10,000","         <10,000","         <10,000","       1,550,000"
1028,1,57,2050,Latin America-Caribbean,Dominica,"          70,000","         <10,000","         <10,000","         <10,000","         <10,000","         <10,000","         <10,000","         <10,000","          80,000"
1029,1,58,2050,Latin America-Caribbean,Dominican Republic,"      12,080,000","          10,000","       1,450,000","         <10,000","         <10,000","         120,000","          10,000","         <10,000","      13,690,000"
1030,1,59,2050,Latin America-Caribbean,Ecuador,"      18,780,000","          20,000","       1,170,000","         <10,000","         <10,000","          60,000","         <10,000","         <10,000","      20,050,000"
1031,1,60,2050,Middle East-North Africa,Egypt,"       4,600,000","     119,530,000","         <10,000","         <10,000","         <10,000","         <10,000","         <10,000","         <10,000","     124,130,000"
1032,1,61,2050,Latin America-Caribbean,El Salvador,"       6,040,000","         <10,000","         800,000","         <10,000","         <10,000","          30,000","          20,000","         <10,000","       6,890,000"
1033,1,62,2050,Sub-Saharan Africa,Equatorial Guinea,"       1,210,000","          60,000","          70,000","         <10,000","         <10,000","          20,000","         <10,000","         <10,000","       1,360,000"
1034,1,63,2050,Sub-Saharan Africa,Eritrea,"       7,040,000","       4,090,000","          10,000","         <10,000","         <10,000","          40,000","         <10,000","         <10,000","      11,190,000"
1035,1,64,2050,Europe,Estonia,"         420,000","         <10,000","         620,000","         <10,000","         <10,000","         <10,000","         <10,000","         <10,000","       1,040,000"
1036,1,65,2050,Sub-Saharan Africa,Ethiopia,"      84,770,000","      57,960,000","          90,000","         <10,000","         <10,000","       2,500,000","          20,000","         <10,000","     145,350,000"
1037,1,66,2050,Europe,Faeroe Islands,"          50,000","         <10,000","         <10,000","         <10,000","         <10,000","         <10,000","         <10,000","         <10,000","          50,000"
1038,1,67,2050,Latin America-Caribbean,Falkland Islands (Malvinas),"         <10,000","         <10,000","         <10,000","         <10,000","         <10,000","         <10,000","         <10,000","         <10,000","         <10,000"
1039,1,68,2050,Asia-Pacific,Fiji,"         790,000","          80,000","          10,000","         340,000","         <10,000","         <10,000","         <10,000","         <10,000","       1,230,000"
1040,1,69,2050,Europe,Finland,"       4,040,000","         190,000","       1,290,000","          10,000","          30,000","         <10,000","         <10,000","         <10,000","       5,570,000"
1041,1,70,2050,Europe,France,"      29,900,000","       7,540,000","      30,570,000","          70,000","         400,000","         330,000","         130,000","         350,000","      69,300,000"
1042,1,71,2050,Latin America-Caribbean,French Guiana,"         360,000","         <10,000","          20,000","         <10,000","         <10,000","          30,000","         <10,000","         <10,000","         440,000"
1043,1,72,2050,Asia-Pacific,French Polynesia,"         310,000","         <10,000","          20,000","         <10,000","         <10,000","         <10,000","         <10,000","         <10,000","         330,000"
1044,1,73,2050,Sub-Saharan Africa,Gabon,"       2,180,000","         490,000","         190,000","         <10,000","         <10,000","         170,000","          20,000","         <10,000","       3,050,000"
1045,1,74,2050,Sub-Saharan Africa,Gambia,"         160,000","       4,620,000","         <10,000","         <10,000","         <10,000","          30,000","         <10,000","         <10,000","       4,830,000"
1046,1,75,2050,Europe,Georgia,"       2,950,000","         490,000","          30,000","         <10,000","         <10,000","         <10,000","         <10,000","         <10,000","       3,470,000"
1047,1,76,2050,Europe,Germany,"      41,650,000","       7,000,000","      20,910,000","          80,000","         260,000","          50,000","          90,000","         190,000","      70,220,000"
1048,1,77,2050,Sub-Saharan Africa,Ghana,"      33,490,000","      11,030,000","       1,730,000","          30,000","         <10,000","       3,030,000","          50,000","         <10,000","      49,360,000"
1049,1,78,2050,Europe,Gibraltar,"          20,000","         <10,000","         <10,000","         <10,000","         <10,000","         <10,000","         <10,000","         <10,000","          30,000"
1050,1,79,2050,Europe,Greece,"       8,720,000","         790,000","         550,000","          30,000","         <10,000","          10,000","          10,000","         <10,000","      10,120,000"
1051,1,80,2050,North America,Greenland,"          50,000","         <10,000","         <10,000","         <10,000","         <10,000","         <10,000","         <10,000","         <10,000","          50,000"
1052,1,81,2050,Latin America-Caribbean,Grenada,"         140,000","         <10,000","         <10,000","         <10,000","         <10,000","         <10,000","         <10,000","         <10,000","         150,000"
1053,1,82,2050,Latin America-Caribbean,Guadeloupe,"         500,000","         <10,000","          10,000","         <10,000","         <10,000","         <10,000","         <10,000","         <10,000","         520,000"
1054,1,83,2050,Asia-Pacific,Guam,"         230,000","         <10,000","         <10,000","         <10,000","         <10,000","         <10,000","         <10,000","         <10,000","         250,000"
1055,1,84,2050,Latin America-Caribbean,Guatemala,"      28,900,000","         <10,000","       1,060,000","         <10,000","         <10,000","         200,000","          20,000","         <10,000","      30,210,000"
1056,1,85,2050,Sub-Saharan Africa,Guinea,"       2,300,000","      19,560,000","         410,000","         <10,000","          20,000","         600,000","         <10,000","         <10,000","      22,890,000"
1057,1,86,2050,Sub-Saharan Africa,Guinea-Bissau,"         490,000","       1,480,000","         140,000","         <10,000","         <10,000","         930,000","         <10,000","         <10,000","       3,040,000"
1058,1,87,2050,Latin America-Caribbean,Guyana,"         780,000","          60,000","          20,000","         190,000","         <10,000","         <10,000","         <10,000","         <10,000","       1,050,000"
1059,1,88,2050,Latin America-Caribbean,Haiti,"      12,830,000","         <10,000","       1,670,000","         <10,000","         <10,000","         290,000","          40,000","         <10,000","      14,830,000"
1060,1,89,2050,Europe,Vatican City,"         <10,000","         <10,000","         <10,000","         <10,000","         <10,000","         <10,000","         <10,000","         <10,000","         <10,000"
1061,1,90,2050,Latin America-Caribbean,Honduras,"      10,860,000","          20,000","       1,250,000","         <10,000","          20,000","         150,000","          80,000","         <10,000","      12,380,000"
1062,1,91,2050,Asia-Pacific,Hong Kong,"       1,470,000","         250,000","       3,820,000","          60,000","       1,040,000","       1,040,000","         100,000","         <10,000","       7,770,000"
1063,1,92,2050,Europe,Hungary,"       6,500,000","          30,000","       1,990,000","         <10,000","         <10,000","         <10,000","         <10,000","         <10,000","       8,540,000"
1064,1,93,2050,Europe,Iceland,"         370,000","         <10,000","          20,000","         <10,000","         <10,000","         <10,000","         <10,000","         <10,000","         410,000"
1065,1,94,2050,Asia-Pacific,India,"      36,740,000","     310,660,000","         830,000","   1,297,960,000","      11,080,000","       7,960,000","      26,050,000","         <10,000","   1,691,280,000"
1066,1,95,2050,Asia-Pacific,Indonesia,"      33,200,000","     256,820,000","         240,000","       4,150,000","       1,740,000","         700,000","         410,000","         <10,000","     297,260,000"
1067,1,96,2050,Asia-Pacific,Iran,"          60,000","      86,190,000","          70,000","          20,000","         <10,000","         <10,000","         120,000","         <10,000","      86,460,000"
1068,1,97,2050,Middle East-North Africa,Iraq,"         490,000","      80,190,000","          90,000","         <10,000","         <10,000","         <10,000","          20,000","         <10,000","      80,790,000"
1069,1,98,2050,Europe,Ireland,"       5,540,000","         200,000","         800,000","          40,000","          20,000","          20,000","         <10,000","         <10,000","       6,640,000"
1070,1,99,2050,Europe,Isle of Man,"          80,000","         <10,000","          20,000","         <10,000","         <10,000","         <10,000","         <10,000","         <10,000","         100,000"
1071,1,100,2050,Middle East-North Africa,Israel,"         230,000","       2,870,000","         340,000","         <10,000","          30,000","          30,000","          20,000","       8,180,000","      11,690,000"
1072,1,101,2050,Europe,Italy,"      40,800,000","       5,320,000","       9,160,000","         300,000","         240,000","         150,000","          60,000","          40,000","      56,080,000"
1073,1,102,2050,Latin America-Caribbean,Jamaica,"       2,370,000","         <10,000","         520,000","         <10,000","         <10,000","         140,000","          30,000","         <10,000","       3,070,000"
1074,1,103,2050,Asia-Pacific,Japan,"       2,570,000","         310,000","      72,980,000","          80,000","      27,030,000","         630,000","       4,180,000","         <10,000","     107,780,000"
1075,1,104,2050,Middle East-North Africa,Jordan,"         240,000","      10,990,000","          20,000","          20,000","          60,000","         <10,000","         <10,000","         <10,000","      11,340,000"
1076,1,105,2050,Asia-Pacific,Kazakhstan,"       3,980,000","      16,770,000","         610,000","          10,000","         100,000","         130,000","          60,000","         <10,000","      21,680,000"
1077,1,106,2050,Sub-Saharan Africa,Kenya,"      79,810,000","      12,920,000","       2,270,000","         100,000","         <10,000","       1,180,000","         860,000","         <10,000","      97,150,000"
1078,1,107,2050,Asia-Pacific,Kiribati,"         150,000","         <10,000","         <10,000","         <10,000","         <10,000","         <10,000","         <10,000","         <10,000","         160,000"
1079,1,108,2050,Europe,Kosovo,"          90,000","       1,880,000","         <10,000","         <10,000","         <10,000","         <10,000","         <10,000","         <10,000","       1,970,000"
1080,1,109,2050,Middle East-North Africa,Kuwait,"         550,000","       3,260,000","         <10,000","         510,000","         340,000","          20,000","          10,000","         <10,000","       4,710,000"
1081,1,110,2050,Asia-Pacific,Kyrgyzstan,"         580,000","       7,600,000","          30,000","         <10,000","         <10,000","         <10,000","         <10,000","         <10,000","       8,220,000"
1082,1,111,2050,Asia-Pacific,Laos,"         140,000","         <10,000","          80,000","         <10,000","       5,270,000","       3,680,000","          70,000","         <10,000","       9,260,000"
1083,1,112,2050,Europe,Latvia,"         930,000","         <10,000","         770,000","         <10,000","         <10,000","         <10,000","         <10,000","         <10,000","       1,720,000"
1084,1,113,2050,Middle East-North Africa,Lebanon,"       1,860,000","       2,990,000","          10,000","         <10,000","         <10,000","         <10,000","         <10,000","         <10,000","       4,870,000"
1085,1,114,2050,Sub-Saharan Africa,Lesotho,"       2,620,000","         <10,000","          70,000","         <10,000","         <10,000","         <10,000","         <10,000","         <10,000","       2,700,000"
1086,1,115,2050,Sub-Saharan Africa,Liberia,"       8,410,000","       1,190,000","         130,000","         <10,000","         <10,000","         110,000","          10,000","         <10,000","       9,840,000"
1087,1,116,2050,Middle East-North Africa,Libya,"         240,000","       8,750,000","          20,000","         <10,000","          30,000","         <10,000","         <10,000","         <10,000","       9,050,000"
1088,1,117,2050,Europe,Liechtenstein,"          40,000","         <10,000","         <10,000","         <10,000","         <10,000","         <10,000","         <10,000","         <10,000","          40,000"
1089,1,118,2050,Europe,Lithuania,"       2,270,000","         <10,000","         210,000","         <10,000","         <10,000","         <10,000","         <10,000","         <10,000","       2,490,000"
1090,1,119,2050,Europe,Luxembourg,"         370,000","          10,000","         130,000","         <10,000","         <10,000","         <10,000","         <10,000","         <10,000","         520,000"
1091,1,120,2050,Asia-Pacific,Macau,"          40,000","         <10,000","          80,000","         <10,000","          90,000","         320,000","         <10,000","         <10,000","         540,000"
1092,1,121,2050,Europe,Republic of Macedonia,"         710,000","         930,000","          20,000","         <10,000","         <10,000","         <10,000","         <10,000","         <10,000","       1,650,000"
1093,1,122,2050,Sub-Saharan Africa,Madagascar,"      44,400,000","       1,730,000","       4,620,000","          40,000","          20,000","       2,760,000","          50,000","         <10,000","      53,620,000"
1094,1,123,2050,Sub-Saharan Africa,Malawi,"      41,880,000","       6,420,000","         690,000","          40,000","         <10,000","         780,000","          30,000","         <10,000","      49,840,000"
1095,1,124,2050,Asia-Pacific,Malaysia,"       4,230,000","      32,720,000","         200,000","       2,270,000","       4,870,000","         870,000","          30,000","         <10,000","      45,190,000"
1096,1,125,2050,Asia-Pacific,Maldives,"         <10,000","         400,000","         <10,000","         <10,000","         <10,000","         <10,000","         <10,000","         <10,000","         410,000"
1097,1,126,2050,Sub-Saharan Africa,Mali,"         970,000","      39,830,000","         270,000","         <10,000","         <10,000","       1,580,000","         <10,000","         <10,000","      42,660,000"
1098,1,127,2050,Europe,Malta,"         350,000","         <10,000","         <10,000","         <10,000","         <10,000","         <10,000","         <10,000","         <10,000","         360,000"
1099,1,128,2050,Asia-Pacific,Marshall Islands,"          70,000","         <10,000","         <10,000","         <10,000","         <10,000","         <10,000","         <10,000","         <10,000","          70,000"
1100,1,129,2050,Latin America-Caribbean,Martinique,"         400,000","         <10,000","         <10,000","         <10,000","         <10,000","         <10,000","         <10,000","         <10,000","         420,000"
1101,1,130,2050,Sub-Saharan Africa,Mauritania,"          20,000","       7,270,000","         <10,000","         <10,000","         <10,000","          40,000","         <10,000","         <10,000","       7,340,000"
1102,1,131,2050,Sub-Saharan Africa,Mauritius,"         410,000","         220,000","          10,000","         600,000","         <10,000","         <10,000","         <10,000","         <10,000","       1,260,000"
1103,1,132,2050,Sub-Saharan Africa,Mayotte,"         <10,000","         490,000","         <10,000","         <10,000","         <10,000","         <10,000","         <10,000","         <10,000","         490,000"
1104,1,133,2050,Latin America-Caribbean,Mexico,"     130,150,000","          10,000","      11,950,000","         <10,000","          10,000","          80,000","          20,000","         100,000","     142,330,000"
1105,1,134,2050,Asia-Pacific,Federated States of Micronesia,"         190,000","         <10,000","         <10,000","         <10,000","         <10,000","         <10,000","         <10,000","         <10,000","         200,000"
1106,1,135,2050,Europe,Moldova,"       2,470,000","          40,000","          30,000","         <10,000","         <10,000","         <10,000","         <10,000","         <10,000","       2,550,000"
1107,1,136,2050,Europe,Monaco,"          50,000","         <10,000","         <10,000","         <10,000","         <10,000","         <10,000","         <10,000","         <10,000","          50,000"
1108,1,137,2050,Asia-Pacific,Mongolia,"          90,000","         170,000","       1,540,000","         <10,000","       2,170,000","         140,000","         <10,000","         <10,000","       4,110,000"
1109,1,138,2050,Europe,Montenegro,"         430,000","         160,000","          20,000","         <10,000","         <10,000","         <10,000","         <10,000","         <10,000","         610,000"
1110,1,139,2050,Latin America-Caribbean,Montserrat,"         <10,000","         <10,000","         <10,000","         <10,000","         <10,000","         <10,000","         <10,000","         <10,000","         <10,000"
1111,1,140,2050,Middle East-North Africa,Morocco,"          10,000","      39,950,000","         <10,000","         <10,000","         <10,000","         <10,000","         <10,000","         <10,000","      39,970,000"
1112,1,141,2050,Sub-Saharan Africa,Mozambique,"      29,400,000","       7,390,000","       8,220,000","          30,000","         <10,000","       3,950,000","         <10,000","         <10,000","      49,000,000"
1113,1,142,2050,Asia-Pacific,Burma (Myanmar),"       4,420,000","       2,630,000","         260,000","         910,000","      44,710,000","       3,040,000","          90,000","         <10,000","      56,060,000"
1114,1,143,2050,Sub-Saharan Africa,Namibia,"       3,450,000","          10,000","          70,000","         <10,000","         <10,000","         <10,000","         <10,000","         <10,000","       3,550,000"
1115,1,144,2050,Asia-Pacific,Nauru,"         <10,000","         <10,000","         <10,000","         <10,000","         <10,000","         <10,000","         <10,000","         <10,000","          10,000"
1116,1,145,2050,Asia-Pacific,Nepal,"         220,000","       3,160,000","         120,000","      38,120,000","       4,380,000","       1,710,000","          40,000","         <10,000","      47,740,000"
1117,1,146,2050,Europe,Netherlands,"       6,750,000","       1,600,000","       8,380,000","         130,000","          80,000","          50,000","          40,000","          30,000","      17,050,000"
1118,1,148,2050,Asia-Pacific,New Caledonia,"         270,000","         <10,000","          30,000","         <10,000","         <10,000","         <10,000","         <10,000","         <10,000","         310,000"
1119,1,149,2050,Asia-Pacific,New Zealand,"       2,610,000","         160,000","       2,640,000","         210,000","         130,000","          30,000","          60,000","          10,000","       5,850,000"
1120,1,150,2050,Latin America-Caribbean,Nicaragua,"       6,930,000","         <10,000","       1,160,000","         <10,000","         <10,000","         110,000","          10,000","         <10,000","       8,220,000"
1121,1,151,2050,Sub-Saharan Africa,Niger,"         630,000","      53,660,000","         430,000","         <10,000","         <10,000","          80,000","         <10,000","         <10,000","      54,810,000"
1122,1,152,2050,Sub-Saharan Africa,Nigeria,"     154,840,000","     230,700,000","       1,290,000","         <10,000","          30,000","       7,120,000","         170,000","         <10,000","     394,150,000"
1123,1,153,2050,Asia-Pacific,Niue,"         <10,000","         <10,000","         <10,000","         <10,000","         <10,000","         <10,000","         <10,000","         <10,000","         <10,000"
1124,1,154,2050,Asia-Pacific,North Korea,"         520,000","         <10,000","      18,800,000","         <10,000","         400,000","       3,260,000","       3,400,000","         <10,000","      26,380,000"
1125,1,155,2050,Asia-Pacific,Northern Mariana Islands,"          40,000","         <10,000","         <10,000","         <10,000","         <10,000","         <10,000","         <10,000","         <10,000","          50,000"
1126,1,156,2050,Europe,Norway,"       4,310,000","         520,000","         850,000","          50,000","          90,000","          10,000","          10,000","         <10,000","       5,850,000"
1127,1,157,2050,Middle East-North Africa,Oman,"         250,000","       4,010,000","          20,000","         260,000","          20,000","         <10,000","          30,000","         <10,000","       4,590,000"
1128,1,158,2050,Asia-Pacific,Pakistan,"       4,250,000","     273,110,000","          30,000","       5,630,000","          30,000","          40,000","          30,000","         <10,000","     283,110,000"
1129,1,159,2050,Asia-Pacific,Palau,"          20,000","         <10,000","         <10,000","         <10,000","         <10,000","         <10,000","         <10,000","         <10,000","          30,000"
1130,1,160,2050,Middle East-North Africa,Palestinian territories,"         140,000","       9,850,000","         <10,000","         <10,000","         <10,000","         <10,000","         <10,000","         <10,000","      10,000,000"
1131,1,161,2050,Latin America-Caribbean,Panama,"       4,610,000","          40,000","         280,000","         <10,000","          10,000","          30,000","          20,000","          20,000","       5,020,000"
1132,1,162,2050,Asia-Pacific,Papua New Guinea,"      13,400,000","         <10,000","         <10,000","         <10,000","         <10,000","          60,000","          30,000","         <10,000","      13,510,000"
1133,1,163,2050,Latin America-Caribbean,Paraguay,"      10,060,000","         <10,000","         120,000","         <10,000","         <10,000","         190,000","          20,000","         <10,000","      10,390,000"
1134,1,164,2050,Latin America-Caribbean,Peru,"      37,740,000","         <10,000","       1,320,000","         <10,000","          60,000","         390,000","         130,000","         <10,000","      39,640,000"
1135,1,165,2050,Asia-Pacific,Philippines,"     143,550,000","       9,440,000","         140,000","         <10,000","         140,000","       2,560,000","         250,000","         <10,000","     156,090,000"
1136,1,167,2050,Europe,Poland,"      28,880,000","          80,000","       4,270,000","         <10,000","          10,000","         <10,000","         <10,000","          10,000","      33,280,000"
1137,1,168,2050,Europe,Portugal,"       7,500,000","         110,000","         980,000","          10,000","          20,000","          60,000","         <10,000","         <10,000","       8,690,000"
1138,1,169,2050,Latin America-Caribbean,Puerto Rico,"       3,330,000","         <10,000","          90,000","         <10,000","         <10,000","          30,000","         <10,000","         <10,000","       3,480,000"
1139,1,170,2050,Middle East-North Africa,Qatar,"         470,000","       2,390,000","          20,000","         630,000","         150,000","          30,000","          10,000","         <10,000","       3,700,000"
1140,1,171,2050,Sub-Saharan Africa,Reunion,"         950,000","          50,000","          20,000","          50,000","         <10,000","         <10,000","          10,000","         <10,000","       1,080,000"
1141,1,172,2050,Europe,Romania,"      16,270,000","          70,000","          20,000","         <10,000","         <10,000","         <10,000","         <10,000","         <10,000","      16,370,000"
1142,1,173,2050,Europe,Russia,"      88,440,000","      20,860,000","      13,960,000","         140,000","         170,000","         270,000","          20,000","         110,000","     123,960,000"
1143,1,174,2050,Sub-Saharan Africa,Rwanda,"      24,610,000","         850,000","         810,000","          20,000","         <10,000","         120,000","          50,000","         <10,000","      26,470,000"
1144,1,175,2050,Sub-Saharan Africa,St. Helena,"         <10,000","         <10,000","         <10,000","         <10,000","         <10,000","         <10,000","         <10,000","         <10,000","         <10,000"
1145,1,176,2050,Latin America-Caribbean,St. Kitts and Nevis,"          60,000","         <10,000","         <10,000","         <10,000","         <10,000","         <10,000","         <10,000","         <10,000","          70,000"
1146,1,177,2050,Latin America-Caribbean,St. Lucia,"         200,000","         <10,000","          10,000","         <10,000","         <10,000","         <10,000","         <10,000","         <10,000","         210,000"
1147,1,178,2050,North America,St. Pierre and Miquelon,"         <10,000","         <10,000","         <10,000","         <10,000","         <10,000","         <10,000","         <10,000","         <10,000","         <10,000"
1148,1,179,2050,Latin America-Caribbean,St. Vincent and the Grenadines,"         120,000","         <10,000","         <10,000","         <10,000","         <10,000","         <10,000","         <10,000","         <10,000","         130,000"
1149,1,180,2050,Asia-Pacific,Samoa,"         360,000","         <10,000","         <10,000","         <10,000","         <10,000","         <10,000","         <10,000","         <10,000","         370,000"
1150,1,181,2050,Europe,San Marino,"          30,000","         <10,000","         <10,000","         <10,000","         <10,000","         <10,000","         <10,000","         <10,000","          30,000"
1151,1,182,2050,Sub-Saharan Africa,Sao Tome and Principe,"         260,000","         <10,000","          50,000","         <10,000","         <10,000","          10,000","         <10,000","         <10,000","         320,000"
1152,1,183,2050,Middle East-North Africa,Saudi Arabia,"       1,830,000","      42,490,000","         230,000","         710,000","         180,000","         110,000","          80,000","         <10,000","      45,630,000"
1153,1,184,2050,Sub-Saharan Africa,Senegal,"         720,000","      27,560,000","         <10,000","         <10,000","         <10,000","          10,000","         <10,000","         <10,000","      28,290,000"
1154,1,185,2050,Europe,Serbia,"       5,480,000","         500,000","         210,000","         <10,000","         <10,000","         <10,000","         <10,000","         <10,000","       6,200,000"
1155,1,186,2050,Sub-Saharan Africa,Seychelles,"          90,000","         <10,000","         <10,000","         <10,000","         <10,000","         <10,000","         <10,000","         <10,000","         100,000"
1156,1,187,2050,Sub-Saharan Africa,Sierra Leone,"       2,040,000","       8,850,000","          10,000","         <10,000","         <10,000","          90,000","          10,000","         <10,000","      11,000,000"
1157,1,188,2050,Asia-Pacific,Singapore,"       1,350,000","       1,690,000","       1,270,000","         790,000","       2,140,000","         220,000","         450,000","          10,000","       7,910,000"
1158,1,189,2050,Europe,Slovakia,"       4,160,000","          40,000","         990,000","         <10,000","          10,000","          10,000","         <10,000","         <10,000","       5,230,000"
1159,1,190,2050,Europe,Slovenia,"       1,300,000","          80,000","         350,000","         <10,000","         <10,000","         <10,000","         <10,000","         <10,000","       1,740,000"
1160,1,191,2050,Asia-Pacific,Solomon Islands,"       1,130,000","         <10,000","         <10,000","         <10,000","         <10,000","          20,000","         <10,000","         <10,000","       1,160,000"
1161,1,192,2050,Sub-Saharan Africa,Somalia,"          20,000","      26,100,000","          10,000","          10,000","         <10,000","          20,000","         <10,000","         <10,000","      26,170,000"
1162,1,193,2050,Sub-Saharan Africa,South Africa,"      48,550,000","       1,580,000","       9,330,000","         460,000","          90,000","         430,000","         200,000","          30,000","      60,660,000"
1163,1,194,2050,Asia-Pacific,South Korea,"      15,920,000","         340,000","      22,010,000","          50,000","       8,620,000","         470,000","         110,000","         <10,000","      47,520,000"
1164,1,195,2050,Europe,Spain,"      34,100,000","       3,940,000","      13,850,000","         120,000","          70,000","         150,000","          30,000","          60,000","      52,310,000"
1165,1,196,2050,Asia-Pacific,Sri Lanka,"       1,670,000","       3,010,000","         <10,000","       3,430,000","      16,310,000","         <10,000","         <10,000","         <10,000","      24,420,000"
1166,1,197,2050,Middle East-North Africa,Sudan,"       3,830,000","      64,720,000","         750,000","         <10,000","         <10,000","       2,020,000","         <10,000","         <10,000","      71,330,000"
1167,1,198,2050,Latin America-Caribbean,Suriname,"         370,000","          80,000","          60,000","         100,000","         <10,000","          50,000","          10,000","         <10,000","         670,000"
1168,1,199,2050,Sub-Saharan Africa,Swaziland,"       1,470,000","         <10,000","         140,000","         <10,000","         <10,000","          20,000","         <10,000","         <10,000","       1,640,000"
1169,1,200,2050,Europe,Sweden,"       5,730,000","       1,350,000","       3,590,000","          60,000","         130,000","          40,000","          40,000","          20,000","      10,960,000"
1170,1,201,2050,Europe,Switzerland,"       4,870,000","         600,000","       2,230,000","          50,000","          60,000","          10,000","          20,000","          20,000","       7,860,000"
1171,1,202,2050,Middle East-North Africa,Syria,"       1,720,000","      31,220,000","         680,000","         <10,000","         <10,000","         <10,000","         <10,000","         <10,000","      33,630,000"
1172,1,203,2050,Asia-Pacific,Taiwan,"       1,310,000","          10,000","       3,450,000","         <10,000","       4,130,000","       8,520,000","       2,740,000","         <10,000","      20,150,000"
1173,1,204,2050,Asia-Pacific,Tajikistan,"         260,000","      11,800,000","         190,000","         <10,000","         <10,000","         <10,000","         <10,000","         <10,000","      12,280,000"
1174,1,205,2050,Sub-Saharan Africa,Tanzania,"      93,550,000","      43,250,000","       3,190,000","          50,000","         <10,000","         420,000","          20,000","         <10,000","     140,470,000"
1175,1,206,2050,Asia-Pacific,Thailand,"         720,000","       5,610,000","         210,000","         120,000","      61,190,000","          60,000","         <10,000","         <10,000","      67,910,000"
1176,1,207,2050,Asia-Pacific,Timor-Leste,"       3,070,000","         <10,000","         <10,000","         <10,000","         <10,000","         <10,000","         <10,000","         <10,000","       3,080,000"
1177,1,208,2050,Sub-Saharan Africa,Togo,"       3,910,000","       1,490,000","         690,000","         <10,000","         <10,000","       4,500,000","          60,000","         <10,000","      10,650,000"
1178,1,209,2050,Asia-Pacific,Tokelau,"         <10,000","         <10,000","         <10,000","         <10,000","         <10,000","         <10,000","         <10,000","         <10,000","         <10,000"
1179,1,210,2050,Asia-Pacific,Tonga,"         210,000","         <10,000","         <10,000","         <10,000","         <10,000","         <10,000","         <10,000","         <10,000","         210,000"
1180,1,211,2050,Latin America-Caribbean,Trinidad and Tobago,"         840,000","          70,000","          20,000","         260,000","         <10,000","          30,000","          20,000","         <10,000","       1,230,000"
1181,1,212,2050,Middle East-North Africa,Tunisia,"          30,000","      12,510,000","          30,000","         <10,000","         <10,000","         <10,000","         <10,000","         <10,000","      12,570,000"
1182,1,213,2050,Asia-Pacific,Turkey,"         480,000","      89,320,000","       1,080,000","         <10,000","          50,000","          30,000","         190,000","          30,000","      91,180,000"
1183,1,214,2050,Asia-Pacific,Turkmenistan,"         450,000","       6,420,000","          40,000","         <10,000","         <10,000","         <10,000","         <10,000","         <10,000","       6,910,000"
1184,1,215,2050,Latin America-Caribbean,Turks and Caicos Islands,"          40,000","         <10,000","         <10,000","         <10,000","         <10,000","         <10,000","         <10,000","         <10,000","          40,000"
1185,1,216,2050,Asia-Pacific,Tuvalu,"          10,000","         <10,000","         <10,000","         <10,000","         <10,000","         <10,000","         <10,000","         <10,000","          10,000"
1186,1,217,2050,Sub-Saharan Africa,Uganda,"      81,020,000","      13,370,000","         490,000","         290,000","         <10,000","         830,000","         110,000","         <10,000","      96,120,000"
1187,1,218,2050,Europe,Ukraine,"      32,470,000","       1,340,000","       2,420,000","          70,000","          30,000","          30,000","          10,000","          20,000","      36,400,000"
1188,1,219,2050,Middle East-North Africa,United Arab Emirates,"       1,320,000","       7,510,000","         100,000","         980,000","         280,000","          30,000","          60,000","         <10,000","      10,280,000"
1189,1,220,2050,Europe,United Kingdom,"      31,150,000","       7,760,000","      26,710,000","       1,370,000","         640,000","         210,000","         550,000","         240,000","      68,610,000"
1190,1,221,2050,North America,United States,"     261,960,000","       8,090,000","     100,860,000","       4,780,000","       5,480,000","       2,070,000","       5,760,000","       5,360,000","     394,350,000"
1191,1,222,2050,Latin America-Caribbean,U.S. Virgin Islands,"         110,000","         <10,000","         <10,000","         <10,000","         <10,000","         <10,000","         <10,000","         <10,000","         110,000"
1192,1,223,2050,Latin America-Caribbean,Uruguay,"       2,020,000","         <10,000","       1,500,000","         <10,000","         <10,000","          30,000","          10,000","         <10,000","       3,570,000"
1193,1,224,2050,Asia-Pacific,Uzbekistan,"         530,000","      35,300,000","         240,000","         <10,000","          10,000","          20,000","         <10,000","         <10,000","      36,110,000"
1194,1,225,2050,Asia-Pacific,Vanuatu,"         480,000","         <10,000","         <10,000","         <10,000","         <10,000","          20,000","         <10,000","         <10,000","         510,000"
1195,1,226,2050,Latin America-Caribbean,Venezuela,"      36,100,000","         120,000","       3,720,000","         <10,000","         <10,000","         290,000","          30,000","         <10,000","      40,270,000"
1196,1,227,2050,Asia-Pacific,Vietnam,"       9,310,000","         200,000","      31,720,000","         <10,000","      16,590,000","      45,790,000","         430,000","         <10,000","     104,040,000"
1197,1,228,2050,Asia-Pacific,Wallis and Futuna,"          10,000","         <10,000","         <10,000","         <10,000","         <10,000","         <10,000","         <10,000","         <10,000","          10,000"
1198,1,229,2050,Middle East-North Africa,Western Sahara,"         <10,000","         730,000","         <10,000","         <10,000","         <10,000","         <10,000","         <10,000","         <10,000","         730,000"
1199,1,230,2050,Middle East-North Africa,Yemen,"          80,000","      61,050,000","          60,000","         380,000","         <10,000","         <10,000","         <10,000","         <10,000","      61,580,000"
1200,1,231,2050,Sub-Saharan Africa,Zambia,"      43,170,000","         470,000","         290,000","          50,000","         <10,000","         160,000","         480,000","         <10,000","      44,640,000"
1201,1,232,2050,Sub-Saharan Africa,Zimbabwe,"      16,230,000","         200,000","       1,430,000","         <10,000","         <10,000","         930,000","          50,000","         <10,000","      18,850,000"
1202,1,237,2050,Sub-Saharan Africa,South Sudan,"      12,750,000","       1,300,000","         100,000","         <10,000","         <10,000","       6,930,000","         <10,000","         <10,000","      21,080,000"
1203,1,238,2050,Latin America-Caribbean,Curacao,"         170,000","         <10,000","         <10,000","         <10,000","         <10,000","         <10,000","         <10,000","         <10,000","         180,000"
1204,1,239,2050,Latin America-Caribbean,Sint Maarten,"          60,000","         <10,000","         <10,000","         <10,000","         <10,000","         <10,000","         <10,000","         <10,000","          60,000"
1205,1,240,2050,Latin America-Caribbean,Caribbean Netherlands,"          20,000","         <10,000","         <10,000","         <10,000","         <10,000","         <10,000","         <10,000","         <10,000","          20,000"
