country,name,count
ID,Sari,976439
ID,Setiawan,690352
ID,Hidayat,590281
ID,Lestari,581907
ID,Saputra,555250
ID,Wati,521880
ID,Rahayu,512793
ID,Dewi,425291
ID,Kurniawan,422909
ID,Santoso,419243
ID,Putra,414440
ID,Susanti,408434
ID,Wahyuni,405454
ID,Ningsih,349157
ID,Susanto,339334
ID,Gunawan,331286
ID,Arifin,329057
ID,Siregar,313483
ID,Astuti,312933
ID,Wijaya,311194
ID,Handayani,310580
ID,Rahman,293103
ID,Irawan,274010
ID,Hasanah,252172
ID,Nurhayati,239175
ID,Putri,234608
ID,Wulandari,231816
ID,Wibowo,230546
ID,Aminah,227610
ID,Efendi,224462
ID,Yanti,224001
ID,Maulana,223089
ID,Sinaga,221905
ID,Hadi,221409
ID,Suryani,219188
ID,Fatimah,217422
ID,Wahyudi,214282
ID,Lubis,211628
ID,Pratama,206687
ID,Utami,205979
ID,Anwar,205464
ID,Nasution,203322
ID,Hermawan,198684
ID,Ali,198278
ID,Prasetyo,188112
ID,Rahmawati,186147
ID,Nugroho,184989
ID,Harahap,184229
ID,Purba,182586
ID,Rohman,179956
ID,Yusuf,179647
ID,Mulyani,179355
ID,Purwanto,178760
ID,Purnomo,176001
ID,Widodo,174811
ID,Hasan,170833
ID,Utomo,164819
ID,Hartono,157807
ID,Ginting,157039
ID,Ahmad,155496
ID,Fauzi,152100
ID,Abidin,151686
ID,Simanjuntak,151443
ID,Yani,151400
ID,Hayati,149642
ID,Aisyah,149079
ID,Hakim,146604
ID,Marlina,140971
ID,Nugraha,139327
ID,Hasibuan,139071
ID,Permana,138764
ID,Sumiati,138061
ID,Supriatna,132362
ID,Iskandar,132309
ID,Salim,132113
ID,Suryana,131156
ID,Amin,130768
ID,Mulyana,130081
ID,Bahri,128509
ID,Mulyadi,127831
ID,Sumarni,126678
ID,Supriadi,126004
ID,Sihombing,125705
ID,Sulastri,124390
ID,Nurjanah,123337
ID,Agustina,121611
ID,Aisah,121372
ID,Tarigan,120920
ID,Sembiring,119802
ID,Riyadi,118804
ID,Kurnia,118144
ID,Riyanto,117640
ID,Ismail,117361
ID,Yulianti,117060
ID,Huda,116886
ID,Pratiwi,116071
ID,Aini,115166
ID,Safitri,113896
ID,Nur,113588
ID,Nuraeni,112658
PK,Khan,15132422
PK,Ali,10374718
PK,Hussain,7416781
PK,Ahmad,6180429
PK,Mohammad,4976942
PK,Ahmed,3483295
PK,Shah,3428431
PK,Bakhash,3175072
PK,Muhammad,3118060
PK,Iqbal,2101515
PK,Ullah,1990622
PK,Din,1983532
PK,Khaw,1470140
PK,Allah,1401288
PK,Nawaz,1366634
PK,Mehmood,1186019
PK,Aslam,1043134
PK,Gul,916573
PK,Ashraf,865850
PK,Abbas,863410
PK,Akhtar,814508
PK,Rehman,812504
PK,Bux,791993
PK,Zaman,780479
PK,Rasool,772461
PK,Hassan,765726
PK,Uddin,703853
PK,Akbar,682529
PK,Begum,681766
PK,Akram,669977
PK,Sharif,635656
PK,Hayat,635469
PK,Saleem,615900
PK,Afzal,603961
PK,Anwar,595949
PK,Siddique,569520
PK,Haider,568456
PK,Sadiq,562246
PK,Maseeh,553694
PK,Dad,529132
PK,Alam,521114
PK,Dutt,509850
PK,Ramzan,509608
PK,Jaan,500228
PK,Bibi,497325
PK,Qadir,487111
PK,Imran,472101
PK,Jan,465210
PK,Ramadan,456670
PK,Riaz,453990
PK,Rasheed,451476
PK,Bi,442335
PK,Arshad,440418
PK,Khatoon,439271
PK,Nabi,436977
PK,Malik,435904
PK,Saeed,434025
PK,Arif,432632
PK,Mahmood,426471
PK,Farooq,426093
PK,Ibrahim,425175
PK,Raza,424536
PK,Javed,413045
PK,Yousaf,412645
PK,Mustafa,404043
PK,Asif,402751
PK,Yar,402049
PK,Shafi,400772
PK,Shahzad,396263
PK,Rafeeq,384659
PK,Sher,378316
PK,Yaqoob,378123
PK,Sultan,377245
PK,Aziz,358944
PK,Hanif,357605
PK,Elahi,349226
PK,Latif,345581
PK,Bashir,344277
PK,Alrehman,343603
PK,Asghar,342754
PK,Yousuf,338223
PK,Hameed,336315
PK,Nadeem,330862
PK,Ur Rehman,330258
PK,Majeed,325157
PK,Ishaq,323795
PK,Bano,311625
PK,Server,305737
PK,Khalid,304550
PK,Ahammad,298660
PK,Azam,293570
PK,Rafique,288429
PK,Tariq,281233
PK,Shahid,279875
PK,Sarwar,273329
PK,Usman,271062
PK,Sardar,270103
PK,Bahadur,267575
PK,Al Rahman,267135
PK,Qureshi,266083
TH,Saetang,112738
TH,Saelim,86176
TH,Saeli,66024
TH,Bunmi,50091
TH,Sukkasem,47605
TH,Saeueng,47551
TH,Thongkham,46759
TH,Sangthong,42881
TH,Chanthara,39051
TH,Cherinsuk,38907
TH,Saengthong,38501
TH,Suwan,38327
TH,Sitwat,35730
TH,Saetan,34964
TH,Rungrueang,33807
TH,Ayutthaya,33281
TH,Bunma,32871
TH,Sisuk,32313
TH,Chaichana,30163
TH,Photsi,29974
TH,Sichantha,29696
TH,Thongsuk,29525
TH,Thongdi,29449
TH,Bunsi,29328
TH,Sopha,28734
TH,Kongkaeo,28008
TH,Panya,27452
TH,Sombun,27094
TH,Hongthong,26309
TH,Bunrueang,25718
TH,Buathong,25432
TH,Ketukaeo,25269
TH,Chairat,24975
TH,Sithong,24825
TH,Photthong,24760
TH,Bunchu,24754
TH,Phasuk,23855
TH,Saetiao,23625
TH,Sisuwan,23100
TH,Saelao,23086
TH,Sukhotwat,22175
TH,Chaiwong,21740
TH,Saengsawang,21580
TH,Chaimongkhon,21353
TH,Saithong,21299
TH,Thongsi,21130
TH,Wongsa,21083
TH,Panthong,20909
TH,Bunloet,20507
TH,Saengchan,20416
TH,Bunchuai,20375
TH,Wongsuwan,20238
TH,Suksai,20171
TH,Saensuk,20170
TH,Phakdi,20091
TH,Klahan,19912
TH,Sinuan,19612
TH,Saeheng,19556
TH,Chanthotri,19490
TH,Saengarun,19398
TH,Bunrot,19177
TH,Simueang,19048
TH,Thawon,18899
TH,Cherinphon,18742
TH,Sukpraserit,18334
TH,Somsi,18205
TH,Saechueng,18127
TH,Namuang,17913
TH,Suriya,17767
TH,Chaiya,17734
TH,Kongthong,17731
TH,Thongchai,17706
TH,Mongkhon,17682
TH,Bunmak,17400
TH,Sihawong,17279
TH,Khanthong,17160
TH,Singthong,17037
TH,Mali,16950
TH,Sutthiprapha,16799
TH,Sibunrueang,16767
TH,Saetae,16723
TH,Chomchuen,16638
TH,Saengkaeo,16550
TH,Chantha,16513
TH,Phulotwat,16508
TH,Bunkoet,16477
TH,Samat,16473
TH,Chantharat,16319
TH,Sikaeo,16222
TH,Phanthong,16211
TH,Wongchai,16054
TH,Suksamran,16020
TH,Chaiyuang,15967
TH,Pinthong,15923
TH,Phanit,15883
TH,Buncherin,15775
TH,Suwanrat,15694
TH,Chaisit,15663
TH,Wongyai,15473
TH,Kaeomani,15412
NG,Ibrahim,1871538
NG,Abubakar,1685287
NG,Aliyu,1342157
NG,Mohammed,1284727
NG,Abdullahi,1209146
NG,Musa,1198170
NG,Usman,1097599
NG,Akpan,1052412
NG,Adamu,946424
NG,Bello,916188
NG,Yusuf,828836
NG,Sunday,795638
NG,Muhammed,763011
NG,Isah,741897
NG,Umar,724943
NG,Sani,719750
NG,John,704140
NG,Salisu,677293
NG,Lawal,660856
NG,Udo,598464
NG,Adebayo,595396
NG,Hassan,582565
NG,Ojo,559743
NG,Jimoh,543791
NG,Muhammad,534741
NG,Umaru,525916
NG,Ajayi,523094
NG,Garba,508756
NG,Okon,495231
NG,Emmanuel,479503
NG,Samuel,474905
NG,Joseph,468616
NG,James,465619
NG,Saidu,452437
NG,Rabiu,446354
NG,Yakubu,440035
NG,Ali,439116
NG,Haruna,429954
NG,Eze,420880
NG,Audu,413605
NG,Dauda,410220
NG,Balogun,401855
NG,Shehu,400725
NG,Peter,380139
NG,Muhammadu,368193
NG,Yahaya,364889
NG,Azeez,364365
NG,Adeyemi,360849
NG,Idris,347801
NG,Ahmed,339870
NG,Afolabi,333175
NG,Bassey,329677
NG,Chukwu,326509
NG,Daniel,325649
NG,Idowu,322081
NG,Okoro,315810
NG,David,314344
NG,Kabiru,311575
NG,Salami,311000
NG,Igwe,307549
NG,Sule,304540
NG,Salihu,296694
NG,Taiwo,295502
NG,Kalu,281700
NG,Nwankwo,279915
NG,Lawan,275792
NG,Dahiru,274404
NG,Nuhu,269942
NG,Shuaibu,267641
NG,Isa,266249
NG,Aminu,265919
NG,Mustapha,265260
NG,Alabi,264818
NG,Johnson,262522
NG,Etim,257028
NG,Moses,256033
NG,Ogbonna,255438
NG,Alhaji,250622
NG,Nura,249606
NG,Udoh,247230
NG,Tijani,246877
NG,Adeniyi,245575
NG,Nasiru,244901
NG,Adeleke,243956
NG,Amadi,238262
NG,Bala,232715
NG,Yunusa,225220
NG,Okafor,225084
NG,Bukar,222358
NG,Suleiman,221910
NG,Abu,220321
NG,Nwachukwu,218001
NG,Babatunde,216205
NG,Effiong,211989
NG,Magaji,211765
NG,Sanni,211753
NG,Adekunle,209704
NG,Nweke,206701
NG,Okorie,205924
NG,Paul,204728
CD,Ilunga,1360893
CD,Ngoy,1332777
CD,Kasongo,840091
CD,Banza,535933
CD,Ntumba,458242
CD,Mujinga,429496
CD,Ngalula,420378
CD,Nkulu,367689
CD,Kyungu,360842
CD,Ngoie,336078
CD,Kapinga,326494
CD,Mbuyi,314440
CD,Mwamba,284628
CD,Mutombo,283253
CD,Kazadi,278683
CD,Mbombo,277109
CD,Kalenga,267156
CD,Monga,203129
CD,Mputu,198460
CD,Mbuyu,195484
CD,Umba,194479
CD,Numbi,193302
CD,Mukalay,158147
CD,Tshibola,155937
CD,Kayembe,154713
CD,Kanku,150362
CD,Banze,150116
CD,Kabange,149233
CD,Mumba,146750
CD,Kabamba,146620
CD,Nzuzi,144759
CD,Mbayo,134498
CD,Kisimba,133164
CD,Bahati,128444
CD,Ngalamulume,128252
CD,Nsenga,127028
CD,Kabeya,125639
CD,Nlandu,123922
CD,Nsimba,120312
CD,Ngoyi,119667
CD,Nyembo,118867
CD,Yumba,117081
CD,Maloba,116726
CD,Kabongo,114961
CD,Kalala,111465
CD,Misenga,110281
CD,Mbumba,108893
CD,Furaha,108742
CD,Muamba,107080
CD,Kongolo,106368
CD,Mwilambwe,105589
CD,Mulumba,104925
CD,Kakudji,104734
CD,Kabulo,103824
CD,Kalunga,103488
CD,Kabila,102531
CD,Ngombe,101511
CD,Kayumba,101436
CD,Mbuya,100773
CD,Matondo,98927
CD,Mwanza,95594
CD,Ngoma,93092
CD,Mande,90732
CD,Masengo,90101
CD,Mukendi,89848
CD,Tshibuabua,87330
CD,Kitenge,87105
CD,Tsimba,84656
CD,Mulongo,83554
CD,Fatuma,83486
CD,Beya,82735
CD,Mwepu,82330
CD,Ngandu,81502
CD,Mboyo,79080
CD,Lunda,78787
CD,Nkongolo,78725
CD,Sifa,78341
CD,Muteba,76741
CD,Mwape,76269
CD,Feza,75516
CD,Nsimire,75256
CD,Mpanga,74880
CD,Tshimanga,73662
CD,Kalombo,73519
CD,Muzinga,72452
CD,Ngongo,71316
CD,Lenge,70729
CD,Kishimba,70208
CD,Mwange,69455
CD,Mwenze,69380
CD,Milolo,68860
CD,Ndala,68032
CD,Safi,67903
CD,Tshibangu,67827
CD,Nyota,67553
CD,Nday,66958
CD,Kabwe,66924
CD,Amisi,66733
CD,Kapya,64954
CD,Lelo,64763
IR,Mohammadi,914359
IR,Hosseini,713424
IR,Ahmadi,551104
IR,Ali,470706
IR,Moradi,441315
IR,Heydari,429148
IR,Karimi,419536
IR,Mousavi,419421
IR,Jafari,418658
IR,Mohammad,374624
IR,Pour,370666
IR,Ghasemi,339566
IR,Rahimi,330504
IR,Ebrahimi,325775
IR,Sadeghi,297022
IR,Abbasi,284093
IR,Gholami,258200
IR,Akbari,250249
IR,Asadi,248972
IR,Zare,245627
IR,Mahmoudi,239645
IR,Ghorbani,239262
IR,Bagheri,232573
IR,Amiri,232256
IR,Kazemi,230551
IR,Zarei,229404
IR,Haji,229098
IR,Hashemi,221192
IR,Nouri,219718
IR,Yousefi,217872
IR,Alizadeh,212721
IR,Esmaeili,208259
IR,Rezaei,205312
IR,Salehi,204636
IR,Nazari,201443
IR,Mir,199853
IR,Razaee,199643
IR,Norouzi,197434
IR,Shah,190519
IR,Soleimani,190506
IR,Sharifi,187842
IR,Karami,183759
IR,Rahmani,181589
IR,Azizi,180783
IR,Rostami,179979
IR,Najafi,179197
IR,Safari,168412
IR,Amini,167376
IR,Soltani,166207
IR,Taheri,164795
IR,Ramezani,163854
IR,Razaie,155727
IR,Khosravi,155081
IR,Bahrami,152950
IR,Abdollahi,151947
IR,Mirzaei,145395
IR,Zamani,143640
IR,Dehghani,142966
IR,Maleki,138960
IR,Hasani,137966
IR,Ghanbari,134227
IR,Fathi,133727
IR,Hosseinzadeh,131551
IR,Rajabi,130855
IR,Abdi,130411
IR,Dehghan,128535
IR,Saeedi,122498
IR,Shabani,122120
IR,Hossein,121800
IR,Abbas,121483
IR,Mansouri,119386
IR,Asgari,117030
IR,Ranjbar,114951
IR,Naderi,112147
IR,Arab,111467
IR,Nassiri,109312
IR,Salimi,109239
IR,Sheikh,109139
IR,Jalali,107503
IR,Lotfi,106629
IR,Khalili,105737
IR,Habibi,104316
IR,Mohammadzadeh,103255
IR,Shafiee,102969
IR,Fallah,102644
IR,Goodarzi,101366
IR,Rashidi,100981
IR,Ghaffari,99951
IR,Eskandari,99726
IR,Rigi,99513
IR,Nasseri,98888
IR,Salari,98128
IR,Kiani,97169
IR,Tavakoli,95251
IR,Rasooli,94899
IR,Babaei,91830
IR,Azimi,90910
IR,Ghaderi,89911
IR,Bayat,88879
IR,Mirzaie,88195
AO,Manuel,693211
AO,Domingos,518527
AO,Francisco,500960
AO,António,455906
AO,Da Silva,421989
AO,Pedro,410163
AO,Dos Santos,382551
AO,Neto,326867
AO,Miguel,295089
AO,Da Costa,270941
AO,Gomes,259560
AO,Paulo,243769
AO,João,241165
AO,Fernandes,240611
AO,Mateus,225215
AO,Ferreira,222649
AO,Sántos,216122
AO,Afonso,186528
AO,Antonio,185146
AO,Gonçalves,184177
AO,Lopes,179422
AO,José,177669
AO,Pereira,172119
AO,Martins,166000
AO,Pinto,163039
AO,Gaspar,159486
AO,André,157359
AO,Joaquim,146261
AO,Mendes,145472
AO,Dias,144090
AO,Agostinho,143301
AO,Correia,136787
AO,Bernardo,133826
AO,Baptista,133629
AO,Pascoal,131260
AO,Cardoso,129878
AO,Joao,129286
AO,Almeida,127115
AO,Fernando,124549
AO,Augusto,121983
AO,Oliveira,118035
AO,Alberto,116062
AO,Lourenço,115751
AO,Teixeira,112509
AO,Monteiro,111522
AO,Jorge,107771
AO,Diogo,104021
AO,Simão,102145
AO,De Almeida,98596
AO,Filipe,96718
AO,Morais,95731
AO,Rodriguês,95638
AO,Carlos,93560
AO,De Sousa,91694
AO,De Carvalho,90708
AO,Sebastiao,89217
AO,Dala,82426
AO,Eduardo,81717
AO,Luís,81046
AO,Alexandre,79743
AO,De Oliveira,74341
AO,Bento,72835
AO,Nunes,72566
AO,Tavares,71650
AO,Alfredo,71650
AO,Miranda,69676
AO,Simao,69282
AO,Panzo,68492
AO,Luis,67900
AO,Machado,66716
AO,Barros,65334
AO,Neves,62768
AO,Lima,61781
AO,Bartolomeu,59610
AO,Junior,59215
AO,Salvador,58426
AO,Nascimento,57636
AO,Marquês,57580
AO,Paulino,56649
AO,Cunha,56057
AO,Andrade,55267
AO,Samuel,55267
AO,Lemos,55267
AO,Matias,54478
AO,Gonga,54478
AO,Alves,54478
AO,Gabriel,51912
AO,Andre,51517
AO,Adão,51270
AO,Caetano,50925
AO,Jamba,50530
AO,Ventura,50333
AO,Fonsêca,49495
AO,Da Cruz,49298
AO,Vunge,49298
AO,Bumba,48951
AO,Henriques,48754
AO,Coelho,47964
AO,Borges,47569
AO,Faria,46583
MY,Tan,696362
MY,Lim,591908
MY,Lee,589092
MY,Wong,528652
MY,Ng,367254
MY,Chong,316536
MY,Rahman,245773
MY,Chan,226113
MY,Chin,214308
MY,Bin Ismail,202765
MY,Bin Abdullah,199713
MY,Bin Ahmad,197291
MY,Binti Ismail,196692
MY,Binti Abdullah,195588
MY,Binti Ahmad,190416
MY,Ong,189447
MY,Yap,165673
MY,Yong,150389
MY,Goh,145845
MY,Liew,141850
MY,Leong,130602
MY,Low,128882
MY,Bakar,128639
MY,Mohamed,125302
MY,Lai,120943
MY,Lau,115869
MY,Ali,112910
MY,Bin Ibrahim,111694
MY,Binti Ibrahim,110051
MY,Hamid,107872
MY,Ho,106740
MY,Chua,98265
MY,Ahmad,97074
MY,Loh,94519
MY,Chew,94338
MY,Abdullah,94030
MY,Nor,91999
MY,Yusof,91467
MY,Aziz,89937
MY,Chai,89794
MY,Bin Othman,87121
MY,Ooi,85422
MY,Binti Othman,84907
MY,Bin Mohamad,83444
MY,Teh,81535
MY,Hassan,81443
MY,Ang,81251
MY,Noor,81166
MY,Binti Mohamad,79681
MY,Teo,76417
MY,Ismail,75215
MY,Sim,74341
MY,Ling,74319
MY,Tang,73131
MY,Bin Hassan,72473
MY,Bin Mohamed,71865
MY,Chang,71624
MY,Kong,70789
MY,Binti Hassan,70721
MY,Gan,70473
MY,Ghani,69032
MY,Chia,68671
MY,Isa,68166
MY,Koh,67800
MY,Bin Zakaria,66083
MY,Wan,65780
MY,Bin Ali,65632
MY,Binti Mohamed,65405
MY,Salleh,64842
MY,Bin Abu Bakar,63760
MY,Khoo,63651
MY,Binti Ali,62974
MY,Bin Hashim,62916
MY,Binti Hashim,62722
MY,Binti Zakaria,62619
MY,Teoh,62011
MY,Rahim,61753
MY,Tee,61667
MY,Foo,61041
MY,Chee,60658
MY,Bin Ramli,60477
MY,Abdul,59037
MY,Bin Omar,58917
MY,Binti Omar,58722
MY,Pang,58614
MY,Binti Ramli,58086
MY,Chen,57982
MY,Tay,57451
MY,Ting,57237
MY,Choo,55747
MY,Wahab,54925
MY,Loo,54051
MY,Ibrahim,53920
MY,Cheong,53891
MY,Bin Abdul Rahman,52171
MY,Chung,51948
MY,Yee,51746
MY,Cheah,50466
MY,Law,49213
MY,Binti Awang,48871
IQ,Mohamed,1751601
IQ,Hussein,1222285
IQ,Ali,1221971
IQ,Hassan,1015167
IQ,Kazem,846840
IQ,Abbas,740207
IQ,Jassim,717954
IQ,Abdel,673325
IQ,Ahmed,632558
IQ,Abdullah,501450
IQ,Salman,499700
IQ,Ibrahim,493386
IQ,Saleh,419901
IQ,Mahmoud,416459
IQ,Khalaf,377526
IQ,Hamid,363058
IQ,Mahdi,335627
IQ,Mohsen,310492
IQ,Khudair,278532
IQ,Karim,275746
IQ,Gabr,267571
IQ,Alwan,266974
IQ,Jabbar,251894
IQ,Aboud,245218
IQ,Obaid,225547
IQ,Rashid,211494
IQ,Jawad,210320
IQ,Nasser,201590
IQ,Hashem,192656
IQ,Dawood,187207
IQ,Ismail,186945
IQ,Hadi,180112
IQ,Majid,179357
IQ,Hamad,177801
IQ,Fadel,167400
IQ,Yousef,166252
IQ,Saeed,165079
IQ,Abdelhossein,162720
IQ,Hamoud,151497
IQ,Mousa,151476
IQ,Khalil,148405
IQ,Radi,147918
IQ,Hamza,147357
IQ,Qasim,145350
IQ,Farhan,142180
IQ,Attieh,131024
IQ,Hammadi,128823
IQ,Aziz,128273
IQ,Lafet,127183
IQ,Faleh,125800
IQ,Alawi,125627
IQ,Eawda,124049
IQ,Yassin,122986
IQ,Najm,120377
IQ,Jaber,115760
IQ,Salem,114194
IQ,Naima,113041
IQ,Hassoun,111060
IQ,Abdul Karim,107968
IQ,Jaafar,105522
IQ,Shaker,102021
IQ,Eisaa,99982
IQ,Abdul Razzaq,97090
IQ,Abdelraza,92935
IQ,Katie,90457
IQ,Faraj,89959
IQ,Abdelhassen,89948
IQ,Rahim,88455
IQ,Jamil,85458
IQ,Kamel,83189
IQ,Habib,81528
IQ,Abdul Amir,80846
IQ,Awad,80805
IQ,Matar,79416
IQ,Mansour,78001
IQ,Taher,77850
IQ,Abdaly,75984
IQ,Zaher,74905
IQ,Mostafa,73893
IQ,Taha,73637
IQ,Jumah,73636
IQ,Zghir,73112
IQ,Naji,73076
IQ,Fayad,70938
IQ,Latif,67045
IQ,Shehab,66468
IQ,Rassin,64681
IQ,Sadiq,64488
IQ,Abdul Jabbar,63052
IQ,Idan,62884
IQ,Abdel Rahman,62826
IQ,Sultan,60490
IQ,Nayef,57618
IQ,Hamoudi,57000
IQ,Saad,56565
IQ,Hatem,55805
IQ,Khamis,55496
IQ,Nasif,55486
IQ,Reda,55244
IQ,Zidan,54825
TZ,Juma,657139
TZ,John,619047
TZ,Joseph,495811
TZ,Charles,408365
TZ,Ally,386272
TZ,Ramadhani,298635
TZ,Mohamed,279989
TZ,Saidi,277423
TZ,Hamisi,260373
TZ,Peter,260345
TZ,Said,250753
TZ,Abdallah,230356
TZ,Mussa,215086
TZ,Mohamedi,212105
TZ,Bakari,204652
TZ,Shabani,202426
TZ,Paul,201169
TZ,Elias,199117
TZ,Ali,198835
TZ,Michael,198550
TZ,James,194184
TZ,Athumani,190144
TZ,Issa,189700
TZ,Simon,183037
TZ,Emmanuel,180237
TZ,Selemani,179686
TZ,Samwel,175100
TZ,Komba,174995
TZ,Omary,173166
TZ,Hassan,171344
TZ,William,167393
TZ,Rashidi,163868
TZ,Omari,160691
TZ,Julius,159000
TZ,Mathias,153853
TZ,Rajabu,153304
TZ,Khamis,152199
TZ,Thomas,150366
TZ,Daniel,147025
TZ,Richard,146003
TZ,Sanga,144336
TZ,Edward,141157
TZ,Lucas,140626
TZ,Haji,140382
TZ,Daudi,138774
TZ,Petro,137759
TZ,Salum,137069
TZ,Hussein,134873
TZ,Hassani,132698
TZ,George,130293
TZ,Musa,119332
TZ,Jackson,119264
TZ,Robert,119129
TZ,Haule,117054
TZ,Jumanne,113629
TZ,Paulo,112991
TZ,Rashid,110229
TZ,Mapunda,110051
TZ,Salumu,109213
TZ,Masanja,105916
TZ,Mushi,105010
TZ,Yusuph,104309
TZ,Samson,103124
TZ,Yohana,98601
TZ,Shija,94938
TZ,Ndunguru,94882
TZ,Leonard,94834
TZ,Francis,93886
TZ,Stephano,93741
TZ,Marco,93031
TZ,Mwita,89611
TZ,Raphael,86907
TZ,Iddi,86526
TZ,Hamis,85977
TZ,Chacha,85962
TZ,Ibrahim,85510
TZ,Mollel,85033
TZ,Maganga,81585
TZ,Daud,81298
TZ,Andrea,76260
TZ,Paschal,75030
TZ,Ernest,73687
TZ,Ramadhan,73530
TZ,Wilson,72353
TZ,Andrew,71604
TZ,Philipo,71358
TZ,Gabriel,70764
TZ,Zacharia,69218
TZ,Christopher,69208
TZ,Jacob,69153
TZ,Hamad,68875
TZ,Emanuel,68609
TZ,Lazaro,67266
TZ,Marwa,67246
TZ,Kapinga,67143
TZ,Anthony,67125
TZ,Mabula,66837
TZ,Massawe,65703
TZ,Suleiman,64365
TZ,Pius,64329
SD,Ahmed,1226855
SD,Hassan,1110424
SD,Ali,1057163
SD,Mohamed,1003903
SD,Osman,818729
SD,Ibrahim,766087
SD,Mohammed,712207
SD,Abdalla,701679
SD,Adam,655231
SD,Yousif,469438
SD,Omer,449620
SD,Awad,374683
SD,Mustafa,320184
SD,Musa,307178
SD,Deng,296031
SD,Salih,296031
SD,Taha,253298
SD,Suliman,245866
SD,Abdallah,242150
SD,Abbas,242150
SD,Bashir,239673
SD,Hussein,234719
SD,Babiker,224282
SD,Hashim,202515
SD,Ismail,201276
SD,Saeed,198799
SD,Salah,198179
SD,Hamid,196322
SD,Elamin,195702
SD,Idris,192606
SD,Omar,174026
SD,Alamin,167833
SD,Eltayeb,160721
SD,Mahmoud,160401
SD,Amin,153589
SD,Kamal,141822
SD,Khalil,139964
SD,Khalid,130675
SD,Siddig,129361
SD,Abdo,128817
SD,Hamed,123243
SD,Sudan,119527
SD,Elsheikh,117050
SD,Hamad,117050
SD,Saad,113334
SD,Elhassan,110237
SD,Khalifa,108999
SD,Yassin,108999
SD,Mahgoub,106521
SD,Mukhtar,105902
SD,Abu,104664
SD,Juma,101567
SD,Abdel,99709
SD,Elnour,92681
SD,Ahmad,92277
SD,Chol,89181
SD,Malik,87323
SD,Eltahir,85681
SD,Elhag,83607
SD,Eisa,83607
SD,Yagoub,82368
SD,Elhaj,81130
SD,Hamza,80510
SD,Fadul,78033
SD,John,76795
SD,Hussien,76175
SD,Abdelrahman,74937
SD,Suleiman,73698
SD,Farah,73698
SD,Abass,73079
SD,Alhaj,73079
SD,Abdelrahim,72459
SD,Ishag,72241
SD,Khamis,71840
SD,Makki,70601
SD,Salim,69363
SD,Haroun,69363
SD,Bakri,68743
SD,Babikir,67760
SD,Yahya,66266
SD,Abdelgadir,65800
SD,Bol,65647
SD,Nasr,65028
SD,Nour,63789
SD,Satti,63789
SD,Saleh,63170
SD,Mansour,61931
SD,Wani,60073
SD,Taban,58835
SD,Idriss,58215
SD,Hussain,58215
SD,Yahia,57596
SD,Aziz,57596
SD,Elsayed,56977
SD,Mubarak,56977
SD,Mohamad,56357
SD,Mekki,55738
SD,Gamal,53880
SD,Sulieman,53880
SD,Issa,53261
HK,Chan,716396
HK,Leung,322785
HK,Cheung,283639
HK,Lau,253649
HK,Li,225968
HK,Cheng,179155
HK,Lai,153654
HK,Yeung,146856
HK,Tang,141129
HK,Chow,131390
HK,Fung,121782
HK,Tsang,119616
HK,Kwok,113853
HK,Yu,109686
HK,Chu,95757
HK,Tse,95590
HK,Yip,94066
HK,Law,91721
HK,Liu,90768
HK,Wong,87101
HK,Hui,86756
HK,Mak,81482
HK,Yuen,80327
HK,Wu,80125
HK,Chiu,78636
HK,Choi,78160
HK,So,77982
HK,Au,76279
HK,Poon,73327
HK,Kwan,70386
HK,Ma,63754
HK,Chen,61326
HK,Wang,61290
HK,Wan,61147
HK,Lui,59540
HK,Tong,59242
HK,Siu,58945
HK,Man,55456
HK,Ip,53909
HK,Tsui,53135
HK,Pang,52647
HK,Zhang,44551
HK,Mok,43610
HK,Kong,43134
HK,Lam,42860
HK,Ko,42265
HK,Kwong,40908
HK,Luk,38562
HK,Ng,38205
HK,Yiu,38062
HK,Chong,35622
HK,Lin,33812
HK,Ho,33538
HK,Yung,33395
HK,Yan,33086
HK,Chui,31228
HK,Fan,30169
HK,Yang,29300
HK,Chang,27264
HK,Choy,26121
HK,Huang,26097
HK,Sin,25216
HK,Tai,24978
HK,Sze,24895
HK,Kan,24692
HK,Shum,24680
HK,Fu,24156
HK,Yim,23406
HK,Sun,23228
HK,Ling,22656
HK,Tan,21823
HK,Ngai,20751
HK,Fok,19049
HK,Xu,17942
HK,Hong,17299
HK,Lee,16784
HK,Lu,16680
HK,Suen,16537
HK,Tam,15668
HK,Chung,15596
HK,Zhou,14430
HK,Pun,13572
HK,Yin,13049
HK,Zhao,12668
HK,Zhu,12549
HK,Hu,12227
HK,Szeto,12191
HK,Cheuk,12072
HK,Tsoi,11453
HK,Cho,11406
HK,Yue,11132
HK,Keung,10846
HK,Liang,10203
HK,He,10144
HK,Lung,10132
HK,Mo,10108
HK,Kim,10060
HK,Shiu,9846
HK,Zheng,9810
HK,Kung,9679
SA,Khan,408298
SA,Ali,293012
SA,Hassan,276356
SA,Ahmed,268502
SA,Abu,208076
SA,Mohamed,200893
SA,Saleh,155149
SA,Hussain,132376
SA,Abdullah,131508
SA,Alghamdi,127798
SA,Alharbi,119865
SA,Ahmad,109643
SA,Saad,89751
SA,Salem,80436
SA,Alotaibi,75621
SA,Khalil,72779
SA,Alzahrani,72661
SA,Alqahtani,69661
SA,Mahmoud,69464
SA,Salim,68319
SA,Omar,65517
SA,Ismail,64767
SA,Hussein,63228
SA,Shaikh,60307
SA,Abo,59242
SA,Alshehri,57877
SA,Kumar,56597
SA,Mansour,56400
SA,Alam,56282
SA,Awad,56203
SA,Malik,55769
SA,Taha,55334
SA,Osman,51940
SA,Siddiqui,50361
SA,Al-Ghamdi,49569
SA,Iqbal,48664
SA,Rahman,47559
SA,Salah,47559
SA,Abbas,47164
SA,Kamal,46494
SA,Othman,43691
SA,Nasser,43297
SA,Ansari,43060
SA,Saeed,42310
SA,Almalki,39472
SA,Abdallah,39034
SA,Mohammad,39034
SA,Alshammari,38280
SA,Abdel,37732
SA,Yousef,37692
SA,Shah,37140
SA,Alamri,36849
SA,Mousa,36390
SA,Shaik,35956
SA,Mostafa,35956
SA,Soliman,35877
SA,Abbasi,35521
SA,Hamed,35127
SA,Abdulaziz,34969
SA,Eid,34850
SA,Zain,34614
SA,Hamdan,34219
SA,Al-Harbi,33669
SA,Alanazi,33629
SA,Sayed,33548
SA,Aziz,33508
SA,Hadi,33272
SA,Syed,32995
SA,Suliman,32561
SA,Gamal,32522
SA,Elsayed,32403
SA,Abou,31890
SA,Sultan,31732
SA,Uddin,31653
SA,Khaled,31535
SA,Saleem,31022
SA,Hashim,31022
SA,Salamah,30926
SA,Shaheen,30746
SA,Zaki,30627
SA,Jaber,30627
SA,Mir,30509
SA,Almutairi,30449
SA,Hamad,29996
SA,Amer,29798
SA,Sam,29641
SA,Khalid,29562
SA,Anwar,29325
SA,Said,29325
SA,Mahmood,29246
SA,Baig,28772
SA,Abdo,28693
SA,Alali,28180
SA,Maher,28180
SA,Al-Qahtani,28104
SA,Adel,27904
SA,Al-Zahrani,27786
SA,Salman,27233
SA,Sami,27154
SA,Amin,27154
ET,Tesfaye,1572462
ET,Tadesse,1538986
ET,Abebe,1495557
ET,Kebede,1452129
ET,Bekele,1313702
ET,Getachew,1235893
ET,Assefa,1193370
ET,Hailu,1130037
ET,Girma,1108323
ET,Mekonnen,1021467
ET,Alemu,1008800
ET,Ahmed,824230
ET,Alemayehu,807040
ET,Solomon,769945
ET,Haile,742803
ET,Teshome,731041
ET,Mohammed,698470
ET,Worku,698470
ET,Ali,670422
ET,Tilahun,664089
ET,Abera,633327
ET,Abdi,626994
ET,Tsegaye,618851
ET,Kassa,590804
ET,Belay,584471
ET,Tefera,555519
ET,Ayele,554614
ET,Desta,551900
ET,Mohamed,544662
ET,Mamo,537424
ET,Berhanu,537424
ET,Almaz,520124
ET,Mulu,510465
ET,Ayalew,494900
ET,Beyene,493091
ET,Asfaw,492186
ET,Negash,476805
ET,Lemma,465043
ET,Shiferaw,435186
ET,Mengistu,432472
ET,Mulugeta,429758
ET,Taye,415282
ET,Seid,400806
ET,Demissie,391758
ET,Seyoum,387234
ET,Tsehay,381843
ET,Amare,377282
ET,Legesse,376377
ET,Abebech,368803
ET,Getahun,360092
ET,Abate,346521
ET,Hassen,341997
ET,Birhanu,339505
ET,Yeshi,329524
ET,Meseret,327915
ET,Kedir,326144
ET,Tessema,325711
ET,Gebre,323902
ET,Hagos,310330
ET,Belete,309426
ET,Moges,303092
ET,Wolde,302188
ET,Zeleke,294950
ET,Eshetu,287187
ET,Zewdie,281378
ET,Mengesha,280474
ET,Berhe,275045
ET,Bogale,272331
ET,Mesfin,260569
ET,Ibrahim,257855
ET,Tekle,256950
ET,Molla,255140
ET,Hassan,254236
ET,Tigist,251289
ET,Dereje,250162
ET,Belaynesh,248874
ET,Fatuma,247425
ET,Yilma,246093
ET,Kidane,245188
ET,Zenebech,244044
ET,Hailemariam,240664
ET,Yohannes,239760
ET,Hussein,235236
ET,Teklu,230712
ET,Berhane,228903
ET,Gizaw,226188
ET,Kifle,222569
ET,Tesfay,221665
ET,Abeba,221507
ET,Hussen,220760
ET,Asrat,218950
ET,Gebru,216236
ET,Desalegn,214746
ET,Addis,214427
ET,Feleke,213522
ET,Sisay,213522
ET,Dejene,208093
ET,Emebet,205248
ET,Seifu,200855
ET,Tsige,199936
CI,Kone,852694
CI,Ouattara,774209
CI,Kouassi,736416
CI,Koffi,709367
CI,Kouadio,653384
CI,Kouame,642007
CI,Yao,628973
CI,Coulibaly,612471
CI,Kouakou,586866
CI,Konan,517173
CI,N'Guessan,407996
CI,Traore,372695
CI,Soro,324041
CI,Bamba,294388
CI,Toure,248675
CI,Fofana,233415
CI,Yeo,206999
CI,Diomande,195860
CI,Konate,182838
CI,Silue,153235
CI,Doumbia,152022
CI,Brou,136276
CI,N'Dri,133829
CI,Sanogo,124572
CI,Cisse,112672
CI,Hien,107106
CI,Diarrassouba,101346
CI,Dosso,101324
CI,N'Goran,99186
CI,Sangare,96057
CI,Soumahoro,95893
CI,Bakayoko,95088
CI,Aka,91383
CI,Amani,80478
CI,Sylla,80464
CI,Kra,78873
CI,Kambou,77017
CI,Diabate,75789
CI,Dah,72826
CI,Tuo,71447
CI,Kamagate,70325
CI,Camara,70321
CI,Oulai,66099
CI,Dje,63245
CI,Sidibe,62219
CI,Adou,56628
CI,Sekongo,56416
CI,Irie,54017
CI,Yapo,53960
CI,Pale,53674
CI,Kanga,52993
CI,Yapi,52617
CI,Kambire,52463
CI,Guei,52066
CI,N'Da,51152
CI,Keita,50138
CI,Diarra,47768
CI,Diakite,47544
CI,Gueu,45211
CI,Tra,45124
CI,Tanoh,42590
CI,Diallo,42431
CI,Tano,41208
CI,Assi,39017
CI,Karamoko,37460
CI,Bah,36517
CI,Yoboue,36447
CI,Diaby,36332
CI,Mamadou,36132
CI,N'Zi,35597
CI,Seri,34766
CI,Ble,34634
CI,Kacou,34627
CI,Dembele,33701
CI,Tape,32957
CI,Dagnogo,32915
CI,Koua,31993
CI,Tia,31503
CI,Komenan,31233
CI,Meite,31202
CI,Kassi,30810
CI,Loukou,30462
CI,Diby,30273
CI,N'Cho,30146
CI,Fanny,29984
CI,Zamble,29272
CI,Ballo,28790
CI,Kobenan,28551
CI,Dao,27803
CI,Seka,27524
CI,Kakou,26328
CI,Sery,25084
CI,Dago,25043
CI,Beugre,24544
CI,Kouman,24176
CI,Diabagate,24087
CI,Djaha,23979
CI,Diarassouba,23918
CI,Alla,23533
CI,Adama,23516
SG,Tan,276329
SG,Lim,196492
SG,Lee,151278
SG,Ng,125122
SG,Wong,90861
SG,Ong,80354
SG,Goh,72248
SG,Chan,69355
SG,Chua,67321
SG,Koh,61941
SG,Teo,59487
SG,Ang,52131
SG,Ho,50949
SG,Tay,49438
SG,Yeo,48889
SG,Low,43122
SG,Chong,41552
SG,Chen,35895
SG,Leong,32898
SG,Loh,32808
SG,Chia,32718
SG,Sim,32621
SG,Chew,31051
SG,Wang,28888
SG,Yap,28636
SG,Toh,28268
SG,Li,26363
SG,Wee,25278
SG,Tang,24548
SG,Yong,24503
SG,Foo,24438
SG,Soh,23818
SG,Kumar,23295
SG,Chin,23211
SG,Lin,23056
SG,Chng,21339
SG,Lau,21047
SG,Zhang,19549
SG,Cheng,19401
SG,Choo,19181
SG,Liu,18374
SG,Lai,18303
SG,Cheong,17993
SG,Chee,17870
SG,Heng,17631
SG,Quek,17418
SG,Peh,16845
SG,Khoo,16572
SG,Poh,16527
SG,Seah,16197
SG,Singh,15790
SG,Pang,15778
SG,Huang,15519
SG,Liew,14906
SG,Yang,14809
SG,Neo,14550
SG,Lam,13640
SG,Chang,13252
SG,Gan,13130
SG,Han,12962
SG,Song,12878
SG,Wu,12839
SG,Hong,12645
SG,Chow,12096
SG,Kok,11903
SG,Tham,11715
SG,Ling,11321
SG,Wei,11276
SG,See,11063
SG,Oh,10617
SG,Mohamed,10501
SG,Yu,10475
SG,Seet,10361
SG,Fong,10346
SG,Loo,10340
SG,Kong,9642
SG,Aung,9558
SG,Phua,9545
SG,Yee,9487
SG,Seow,9442
SG,Teng,9339
SG,Xu,8822
SG,Nguyen,8422
SG,Kang,8292
SG,Tong,8150
SG,Leow,8021
SG,Chai,7950
SG,Teh,7711
SG,Png,7687
SG,Soon,7608
SG,Wan,7498
SG,Tee,7466
SG,Hui,7272
SG,Yip,7220
SG,Woo,7123
SG,Liang,7098
SG,Chung,6923
SG,Lu,6910
SG,Abdul,6730
SG,Soo,6568
AF,Habibullah,185020
AF,Sayyid,184645
AF,Mullah,172838
AF,Ahmadi,157889
AF,Qurban,144530
AF,Muhammad,112242
AF,Abdullah,104559
AF,Amanullah,104493
AF,Rahmatullah,102549
AF,Hazrat,96944
AF,Bismillah,94116
AF,Asadullah,79006
AF,Rahimi,78597
AF,Nuri,78314
AF,Nik,74639
AF,Noorullah,67719
AF,Hamidullah,67616
AF,Jamaah,66979
AF,Azizullah,66218
AF,Daulat,66143
AF,Nimatullah,64796
AF,Amiri,63726
AF,Azizi,55587
AF,Qalandar,55485
AF,Rahmani,54494
AF,Najibullah,53745
AF,Esmatullah,52028
AF,Nazari,50629
AF,Pir,50339
AF,Hayatullah,50302
AF,Karimi,49987
AF,Aminullah,49785
AF,Nasrullah,48760
AF,Hafizullah,47791
AF,Faizullah,46594
AF,Nooruddin,44687
AF,Khudadad,44478
AF,Rozi,43226
AF,Mahmud,42861
AF,Sadat,42660
AF,Hashimi,40784
AF,Nowruz,40655
AF,Ghausuddin,39921
AF,Siddiqi,38805
AF,Ahmad,38251
AF,Obaidullah,37821
AF,Jamaluddin,37555
AF,Nizamuddin,37258
AF,Khada,36680
AF,Khudaidad,36468
AF,Khairullah,36147
AF,Rahmat,36093
AF,Sakhidad,34479
AF,Ibrahimi,34165
AF,Sirajuddin,34140
AF,Saifullah,33263
AF,Zalmai,32033
AF,Payenda,31656
AF,Sharifi,30767
AF,Habib-Ur-Rehman,30501
AF,Ezzatullah,29923
AF,Habibi,29857
AF,Rustam,29516
AF,Shirin,29363
AF,Ibrahim,28993
AF,Hamidi,28631
AF,Mohibullah,28543
AF,Khudai,28490
AF,Kamaluddin,28402
AF,Amini,27804
AF,Yousfi,27552
AF,Malang,27255
AF,Ashur,27157
AF,Safi,27079
AF,Inayatullah,26453
AF,Jalaluddin,25912
AF,Sultani,25699
AF,Ramadan,25353
AF,Najmuddin,25204
AF,Sharafuddin,25103
AF,Naqibullah,25080
AF,Saifuddin,24809
AF,Fazl-Ur-Rehman,24780
AF,Ajab,24425
AF,Azimi,24162
AF,Ahmadullah,23955
AF,Birdi,23529
AF,Torah,23209
AF,Mohammadullah,23094
AF,Janat,22892
AF,Gulab,22111
AF,Nasruddin,21813
AF,Baraath,21590
AF,Mahmad,21352
AF,Muhammaduddin,21196
AF,Khayal,20588
AF,Qudratullah,20532
AF,Imam-Ud-Din,20493
AF,Wazeer,19959
AF,Rahimullah,19685
MM,Maung,19688507
MM,Ei,1228097
MM,Aung,1088865
MM,Aye,910980
MM,Khin,852510
MM,Win,797510
MM,Khine,689519
MM,Zin,681067
MM,Phyo,630035
MM,Hnin,621360
MM,May,617643
MM,Thin,551989
MM,Soe,545795
MM,Myat,509828
MM,Myint,506403
MM,Su,504173
MM,Tun,480389
MM,Oo,471470
MM,Yu,454375
MM,Thet,450659
MM,Nwe,429276
MM,Than,421424
MM,Lwin,419938
MM,San,396649
MM,Yin,381041
MM,Hlaing,376086
MM,Moe,373856
MM,Kyaw,353045
MM,Saw,352054
MM,Sri,351452
MM,Nanda,343135
MM,Phyu,330384
MM,Thandar,328154
MM,Cho,310679
MM,Wai,304981
MM,Naing,301017
MM,Lei,297549
MM,Lin,292841
MM,Min,292346
MM,Mon,286648
MM,Htet,282301
MM,Ko,273269
MM,Ma,272774
MM,Naw,272387
MM,Lay,255927
MM,Htay,251963
MM,Mya,237440
MM,Nang,235115
MM,Zaw,222480
MM,Mi,218764
MM,Wah,210340
MM,Tin,209845
MM,Sai,206872
MM,Myo,196545
MM,Thein,193246
MM,Htun,191588
MM,Moh,188786
MM,Yi,180858
MM,Zar,176646
MM,Simeon,173426
MM,Khaing,172256
MM,Thinzar,170025
MM,Swe,167727
MM,Nu,162838
MM,Zen,150880
MM,Wei,150632
MM,Thant,149206
MM,Ni,144686
MM,Nyein,143505
MM,Thu,137749
MM,Shwe,135767
MM,Han,129078
MM,Kyi,128335
MM,Kay,124866
MM,Karen,121646
MM,Linn,116938
MM,Let,111488
MM,Sui,111240
MM,Htwe,110789
MM,Vasana,105336
MM,Chan,104055
MM,Hein,103560
MM,Maw,100835
MM,Yee,98357
MM,Gem,98149
MM,Tint,93898
MM,Ja,91420
MM,Htoo,90465
MM,Htut,87739
MM,Latt,86713
MM,Nyunt,77825
MM,Paing,74603
MM,Gyi,67415
MM,Seng,66893
MM,Ye,65158
MM,Khun,62929
MM,Sein,62681
MM,Pan,59460
MM,Sandar,58717
MM,Htike,57749
AE,Ali,331816
AE,Ahmed,192864
AE,Khan,174391
AE,Al Shehhi,135999
AE,Kumar,89500
AE,Al Zaabi,78018
AE,Saeed,76379
AE,Al Mansouri,75238
AE,Mohamed,67196
AE,Al Shamsi,59905
AE,Rashid,56385
AE,Hussain,51158
AE,Allah,50795
AE,Nair,48856
AE,Singh,41800
AE,Salim,39890
AE,Al Balushi,35406
AE,Ibrahim,34573
AE,Malik,34446
AE,Mathew,33057
AE,Shah,32549
AE,Al Mazroui,32023
AE,Al Zaheri,31434
AE,Abbas,30887
AE,El Sewedy,30715
AE,Shaikh,29498
AE,Ahmad,28611
AE,El Amery,28448
AE,Al Habsi,27791
AE,Al Muhairi,27360
AE,El Kutby,27073
AE,Al Mazrouei,26606
AE,Varghese,26181
AE,El Kaaby,25060
AE,Hassan,24603
AE,Hanafi,23503
AE,Al Qasimi,23409
AE,Al Nuaimi,22391
AE,Iqbal,21936
AE,Al Naimi,21352
AE,Rahman,21183
AE,Rao,20872
AE,Abdullah,20850
AE,Hajar,20611
AE,Dsouza,19946
AE,Al Taniji,19367
AE,Babu,19289
AE,Al Khatiri,18681
AE,Mohammed,18285
AE,Raj,18092
AE,Sharma,17941
AE,Aloam,17925
AE,Sultan,17652
AE,Alam,17517
AE,Menon,17387
AE,Shetty,16232
AE,El Nekby,16120
AE,Krishnan,15645
AE,Murad,15395
AE,Hussein,15319
AE,Pillai,15235
AE,Al Shihi,15024
AE,Sheikh,14493
AE,Suleiman,14396
AE,Siddiqui,13526
AE,Al Qubaisi,13044
AE,Ahamed,12957
AE,Salem,12883
AE,Al Rumaithi,12609
AE,Khamis,12578
AE,George,12517
AE,Das,12446
AE,Mia,12347
AE,Ansari,12314
AE,Anwar,12276
AE,Raza,12198
AE,M,12149
AE,Amin,12043
AE,Abdul,11896
AE,Rajan,11773
AE,Ramadan,11709
AE,Thani,11678
AE,Mahmood,11322
AE,Saleem,11275
AE,D'Souza,11189
AE,Hameed,11182
AE,Rehman,11176
AE,Sam,11108
AE,Mirza,11015
AE,Mohan,10991
AE,Ashraf,10982
AE,Aziz,10890
AE,Patel,10863
AE,Islam,10724
AE,El Nayady,10716
AE,John,10309
AE,Bhatia,10267
AE,Rahma,10204
AE,Bashir,10138
AE,Mohammad,10023
ZA,Dlamini,310094
ZA,Nkosi,300929
ZA,Ndlovu,281656
ZA,Khumalo,273217
ZA,Sithole,216358
ZA,Botha,215864
ZA,Mahlangu,215528
ZA,Mokoena,209762
ZA,Smith,182680
ZA,Naidoo,179257
ZA,Mkhize,173326
ZA,Mthembu,171793
ZA,Ngcobo,163802
ZA,Gumede,163265
ZA,Jacobs,153800
ZA,Buthelezi,149129
ZA,Zulu,148867
ZA,Nel,148684
ZA,Pretorius,147892
ZA,Venter,145242
ZA,Khoza,143494
ZA,Coetzee,137352
ZA,Fourie,136803
ZA,Sibiya,133461
ZA,Van Wyk,131929
ZA,Du Plessis,131218
ZA,Govender,130275
ZA,Mofokeng,129329
ZA,Mhlongo,126648
ZA,Pillay,124997
ZA,Baloyi,124602
ZA,Mbatha,121567
ZA,Smit,121120
ZA,Radebe,119966
ZA,Kruger,116869
ZA,Mathebula,114416
ZA,Ntuli,113766
ZA,Zwane,112699
ZA,Mazibuko,111243
ZA,Williams,110685
ZA,Tshabalala,110309
ZA,Van Zyl,110031
ZA,Nxumalo,107776
ZA,Chauke,103812
ZA,Ngwenya,103436
ZA,Cele,102346
ZA,Du Toit,101199
ZA,Van der Merwe,100825
ZA,Mthethwa,99131
ZA,Erasmus,97511
ZA,Louw,97379
ZA,Ngobeni,93651
ZA,Van Niekerk,92936
ZA,Joubert,91542
ZA,Meyer,91137
ZA,Steyn,90518
ZA,Ngubane,89112
ZA,Maluleke,89002
ZA,Maseko,87560
ZA,Molefe,85700
ZA,Mtshali,85146
ZA,Mabaso,84533
ZA,Marais,83196
ZA,Viljoen,81772
ZA,Potgieter,81460
ZA,Dube,80132
ZA,Swanepoel,79915
ZA,Swart,79205
ZA,Mkhwanazi,77971
ZA,Mnisi,77670
ZA,Zondi,73932
ZA,Moloi,73321
ZA,Van Rooyen,73307
ZA,Singh,72490
ZA,Adams,72390
ZA,Muller,72304
ZA,Mchunu,71375
ZA,Motaung,71351
ZA,Engelbrecht,69254
ZA,Hlongwane,68782
ZA,Zungu,68399
ZA,Mnguni,68130
ZA,Olivier,67465
ZA,Nkuna,67255
ZA,Hlatshwayo,67225
ZA,Moodley,66099
ZA,Shabangu,64692
ZA,Vilakazi,64486
ZA,Xaba,64220
ZA,Shabalala,63914
ZA,Jansen,63656
ZA,Malatji,63611
ZA,Dladla,62971
ZA,Cloete,62873
ZA,Roux,62725
ZA,Barnard,62513
ZA,Pienaar,62090
ZA,Visser,62018
ZA,Hadebe,59176
ZA,Skosana,58671
KE,Mwangi,633977
KE,Maina,450347
KE,Otieno,425223
KE,Kamau,373371
KE,Odhiambo,351165
KE,Njoroge,291168
KE,Kariuki,282442
KE,Ochieng,267224
KE,Omondi,262542
KE,Kimani,237336
KE,Onyango,229242
KE,Wambui,223175
KE,Atieno,223143
KE,Wanjiku,217242
KE,Njeri,212140
KE,Akinyi,196693
KE,Njuguna,194126
KE,Macharia,187213
KE,Wafula,186183
KE,Achieng,184543
KE,Muthoni,180418
KE,Ouma,179723
KE,Juma,179203
KE,Karanja,170393
KE,Mohamed,162467
KE,Mutua,149385
KE,Adhiambo,145622
KE,Cheruiyot,143087
KE,Kibet,139911
KE,Simiyu,137516
KE,Chege,135066
KE,Mbugua,130598
KE,Waweru,129080
KE,Wanjala,128037
KE,Ngugi,125413
KE,Barasa,124948
KE,Ndungu,123979
KE,Wambua,123243
KE,Wairimu,119924
KE,Chebet,119331
KE,Mburu,119216
KE,Koech,118907
KE,Mwaura,116096
KE,Nyambura,115856
KE,Rotich,113639
KE,Anyango,112185
KE,Ali,109225
KE,Mungai,108340
KE,Wangui,108021
KE,Wekesa,107571
KE,Okoth,106593
KE,Langat,105620
KE,Chepkemoi,105284
KE,Mutuku,104688
KE,Abdi,99108
KE,Hassan,98813
KE,Owino,98774
KE,Wangari,97627
KE,Njoki,97558
KE,Awuor,96435
KE,Njenga,95271
KE,Musyoka,95060
KE,Nyongesa,94747
KE,Cherotich,94101
KE,Wanyonyi,93738
KE,Chepkoech,93226
KE,Korir,92624
KE,Chelangat,91903
KE,Kiptoo,91734
KE,Mwendwa,89760
KE,Kinyua,87525
KE,Kinyanjui,86377
KE,Kiprotich,86286
KE,Kipkoech,84973
KE,Oduor,83470
KE,Akoth,81526
KE,Kirui,81350
KE,Mwende,81107
KE,Kioko,80994
KE,Gitonga,80981
KE,Kuria,79885
KE,Auma,78833
KE,Muriithi,77143
KE,Gitau,77120
KE,Munene,76782
KE,Nganga,75627
KE,Wachira,75169
KE,Irungu,74541
KE,Njeru,73665
KE,Kemboi,73012
KE,Mutai,72829
KE,Cherono,71825
KE,Kimutai,71460
KE,Nyaga,70171
KE,Mutinda,70015
KE,Ndung'U,69993
KE,Chepkorir,69975
KE,Ahmed,69388
KE,Ng'Ang'A,69050
KE,Chepkirui,68470
ML,Traore,1388336
ML,Coulibaly,1206406
ML,Diarra,864634
ML,Dembele,614505
ML,Diallo,536748
ML,Kone,491669
ML,Keita,444394
ML,Sidibe,390468
ML,Toure,372772
ML,Doumbia,347197
ML,Diakite,328274
ML,Cisse,310966
ML,Maiga,309997
ML,Konate,277771
ML,Samake,272539
ML,Sangare,265629
ML,Sissoko,263692
ML,Sanogo,260785
ML,Camara,218031
ML,Guindo,168496
ML,Fofana,139305
ML,Sacko,123870
ML,Bagayoko,121222
ML,Sylla,119026
ML,Diawara,117670
ML,Keïta,115388
ML,Berthe,114570
ML,Togo,113020
ML,Diabate,108047
ML,Kante,104043
ML,Tangara,100426
ML,Dao,97843
ML,Togola,97391
ML,Dicko,94743
ML,Goïta,92284
ML,Haidara,88220
ML,Ouattara,86412
ML,Ballo,81697
ML,Sow,81439
ML,Bah,78081
ML,Kane,76660
ML,Tounkara,76337
ML,Mariko,73754
ML,Doucoure,72979
ML,Malle,68651
ML,Daou,64777
ML,Sogoba,63115
ML,Fomba,62581
ML,Bouare,58060
ML,Fane,57802
ML,Kouyate,57350
ML,Diaby,55606
ML,Maïga,55306
ML,Drame,54637
ML,Sagara,50697
ML,Kamissoko,50310
ML,Djire,50116
ML,Câmara,49756
ML,N'Diaye,47046
ML,Konare,46177
ML,Barry,44239
ML,Bengaly,41625
ML,Koita,41010
ML,Bamba,40816
ML,Niare,39718
ML,Dolo,39589
ML,Sogodogo,36914
ML,Kanoute,36425
ML,Bocoum,36204
ML,Soumare,35973
ML,Bathily,35779
ML,Thera,35365
ML,Kamate,35236
ML,Ba,35133
ML,Ouologuem,33106
ML,Yattara,31235
ML,Sy,30871
ML,Kouma,30612
ML,Kodio,30267
ML,Traoré,30138
ML,Simpara,29750
ML,Tamboura,29514
ML,Dabo,28804
ML,Bagayogo,28610
ML,Kassogue,28589
ML,Dakouo,27492
ML,Goita,27363
ML,Haïdara,26459
ML,Douyon,26350
ML,Poudiougo,26072
ML,Sanou,25639
ML,Diop,25510
ML,Thiam,24800
ML,Diamoutene,24588
ML,Ongoiba,23491
ML,Dia,23314
ML,Tall,23121
ML,Mohamed,23056
ML,Magassa,22862
ML,Yalcouye,22264
JO,Allah,81030
JO,Saleh,62775
JO,Khatib,60142
JO,Ali,59454
JO,Hassan,54984
JO,Mohamed,53816
JO,Al Zubi,52610
JO,Ahmed,52436
JO,Hussein,52370
JO,Awad,46204
JO,Mostafa,40547
JO,Ibrahim,39720
JO,Khalil,39279
JO,El Omry,38517
JO,Hamdan,37126
JO,Khalayleh,35614
JO,Obeidat,33717
JO,El Masry,32744
JO,Momani,32262
JO,Yassin,31860
JO,Al Khawaldeh,31547
JO,Eysy,30395
JO,Odeh,30200
JO,Yousef,29016
JO,Suleiman,28652
JO,Hammad,28196
JO,Salama,27774
JO,El Zayyoud,26907
JO,Mahmoud,25300
JO,El Qadah,25063
JO,Ismail,24301
JO,Salem,24103
JO,Al Zawahiri,22311
JO,Shehadeh,22260
JO,Mousa,22041
JO,Najjar,21555
JO,Hamad,21389
JO,Qasim,21220
JO,Salman,21015
JO,Al-Masaeed,20771
JO,Al Rawashdeh,20578
JO,Alyan,20575
JO,Jaber,20488
JO,Al Tarawneh,19350
JO,Omar,19298
JO,Mansour,18357
JO,Osman,18335
JO,Saad,17983
JO,Al Qaisi,17549
JO,Al Mashaba,17294
JO,Adwan,17263
JO,Al Sharafat,17203
JO,Dawood,17040
JO,Eid,17020
JO,Ababneh,17003
JO,Alawneh,16883
JO,Al Manasir,16762
JO,Al Rifai,16594
JO,Rahman,16353
JO,Jaradat,16121
JO,Yahya,16033
JO,Haddad,15741
JO,Younis,15578
JO,Nasser,15305
JO,Salah,15003
JO,Al Saud,14913
JO,Hani,14836
JO,Khader,14818
JO,Zaid,14770
JO,Gabr,14633
JO,Khaled,14549
JO,Darwish,14535
JO,Shaheen,14529
JO,Al Hourani,14494
JO,Al Qaraan,14061
JO,El Samady,13930
JO,Elkader,13804
JO,Naimat,13692
JO,Assaf,13632
JO,Obaid,13597
JO,Al Khazaalah,13521
JO,Shawabek,13096
JO,Salim,13001
JO,El Sherman,12952
JO,Taha,12792
JO,Al-Jarrah,12749
JO,Amer,12588
JO,Attieh,12588
JO,Khalaf,12546
JO,Nassar,12409
JO,Al Maaitah,12379
JO,Al Dajah,12374
JO,Al Zoghoul,12367
JO,Al Azzam,12326
JO,Al Majali,12317
JO,Al Sarayrah,12253
JO,Shabool,12030
JO,El Gamal,11737
JO,Saeed,11600
JO,Al Tamimi,11571
CM,Ngo,253551
CM,Hamadou,210115
CM,Bouba,154936
CM,Oumarou,150549
CM,Moussa,126334
CM,Mohamadou,110315
CM,Mahamat,100824
CM,Adamou,87533
CM,Ngono,86805
CM,Kenfack,84539
CM,Ahmadou,71796
CM,Sali,66873
CM,Kenne,65481
CM,Haman,62313
CM,Hamidou,61224
CM,Aboubakar,61108
CM,Abdoulaye,58251
CM,Yaya,56309
CM,Nana,55534
CM,Alhadji,54117
CM,Issa,51627
CM,Kamgaing,50926
CM,Ousmanou,50356
CM,Amadou,48200
CM,Kengne,48024
CM,Mengue,45813
CM,Abba,45430
CM,Ali,44950
CM,Nga,44431
CM,Abdou,43495
CM,Ibrahima,43257
CM,Mamoudou,38736
CM,Saidou,38293
CM,Boukar,38262
CM,Ngah,38124
CM,Atangana,38056
CM,Ibrahim,37366
CM,Harouna,37068
CM,Hassana,36898
CM,Dongmo,36729
CM,Manga,35136
CM,Youssoufa,34594
CM,Onana,34557
CM,Yaouba,32344
CM,Che,30020
CM,Ndongo,29937
CM,Mana,29556
CM,Bello,28688
CM,Aissatou,28085
CM,Mai,27834
CM,Ngong,27015
CM,Mvondo,26950
CM,Ndi,26626
CM,Djibrilla,26338
CM,Zra,26001
CM,Mballa,25560
CM,Mbah,25480
CM,Souleymanou,25249
CM,Asta,25158
CM,Ze,25104
CM,Ngwa,24794
CM,Oumar,24588
CM,Baba,24168
CM,Abakar,23841
CM,Fotso,23826
CM,Madi,23784
CM,Abdoul,23650
CM,Amougou,23604
CM,Simo,23019
CM,Mbarga,22821
CM,Mal,22724
CM,Adoum,22669
CM,Eyenga,22613
CM,Nfor,21792
CM,Essomba,21562
CM,Ndjidda,21359
CM,Kamdem,21206
CM,Hadja,20891
CM,Agbor,20789
CM,Ngum,19775
CM,Biloa,19493
CM,Fouda,19325
CM,Kum,19170
CM,Fadimatou,19002
CM,Tchinda,18949
CM,Njoya,18938
CM,Talla,18921
CM,Nanga,18831
CM,Souaibou,18672
CM,Bih,18521
CM,Tata,18514
CM,Nsangou,18030
CM,Djidda,17953
CM,Mba,17748
CM,Bakari,17745
CM,Mbida,17586
CM,Mvogo,17336
CM,Belinga,17218
CM,Magne,17206
CM,Doudou,17096
MA,Alaoui,161358
MA,Ait,139562
MA,Alami,110206
MA,Bennani,99069
MA,Mohamed,93791
MA,Idrissi,92190
MA,Berrada,77818
MA,Hassan,76286
MA,Lahlou,67125
MA,Tazi,66069
MA,Aziz,65490
MA,El Idrissi,59878
MA,Benjelloun,55648
MA,Amine,52446
MA,Ayoub,52038
MA,Saidi,51936
MA,Tahiri,51425
MA,El Mostafa,47269
MA,Cherkaoui,46657
MA,Filali,46248
MA,Amrani,46146
MA,Daoudi,44852
MA,El Alaoui,44713
MA,Yassine,42843
MA,Mohammed,42604
MA,Karim,42570
MA,Said,42264
MA,El Mehdi,41850
MA,Naji,41310
MA,Bennis,40561
MA,Rachid,39369
MA,Chakir,38279
MA,Khalil,37598
MA,Kamal,36747
MA,Naciri,36508
MA,El Alami,36159
MA,Ben,35555
MA,Youssef,35452
MA,Ahmed,35282
MA,Salhi,34976
MA,Drissi,34976
MA,Hajji,34908
MA,El Amrani,34046
MA,Fatima,33443
MA,Hamza,32864
MA,Mansouri,31706
MA,El Hassan,31456
MA,Benkirane,30787
MA,Sbai,30446
MA,Sabri,30378
MA,Hassani,29663
MA,Bel,28846
MA,Kadiri,28846
MA,Chraibi,28471
MA,Benali,28130
MA,Rachidi,27960
MA,Sara,27722
MA,Talbi,27347
MA,Benchekroun,27177
MA,Slimani,27075
MA,Ali,26598
MA,Belhaj,26462
MA,Zaki,26019
MA,Sabir,25781
MA,Abou,25270
MA,Bakkali,25167
MA,Hicham,25167
MA,Es,25133
MA,Mounir,25031
MA,Khalid,24929
MA,Rami,24895
MA,Fathi,24691
MA,Abid,24146
MA,Lotfi,23941
MA,Chaoui,23873
MA,Jamal,23737
MA,Choukri,23499
MA,Ouazzani,22818
MA,Marsli,22613
MA,Bensaid,22613
MA,Saadi,22409
MA,El Hassane,22390
MA,Badr,22375
MA,Dahbi,22273
MA,Abdo,22137
MA,Tahri,22102
MA,Chahid,21898
MA,Benmoussa,21626
MA,Slaoui,21626
MA,Kabbaj,21626
MA,Ismaili,21523
MA,Zine,21489
MA,Mehdi,21489
MA,Moussaoui,21319
MA,Lamrani,20808
MA,Zakaria,20774
MA,Radi,20740
MA,Saber,20570
MA,Amal,20400
MA,Salmi,20297
GH,Mensah,505856
GH,Owusu,407611
GH,Osei,305281
GH,Boateng,275161
GH,Appiah,242381
GH,Asare,229269
GH,Tetteh,210932
GH,Adjei,209601
GH,Yeboah,207891
GH,Asante,195254
GH,Opoku,185278
GH,Addo,180527
GH,Ofori,174541
GH,Arthur,151073
GH,Adu,142046
GH,Amoah,142046
GH,Asamoah,140431
GH,Obeng,137486
GH,Frimpong,132260
GH,Antwi,131310
GH,Boakye,120288
GH,Oppong,117438
GH,Acheampong,113352
GH,Ansah,109646
GH,Asiedu,101760
GH,Amponsah,99575
GH,Acquah,98055
GH,Nyarko,97485
GH,Sarpong,97295
GH,Agyemang,95869
GH,Quaye,93494
GH,Darko,87318
GH,Alhassan,86368
GH,Donkor,85608
GH,Sackey,84468
GH,Annan,83137
GH,Mohammed,81997
GH,Danso,80762
GH,Nartey,80762
GH,Aboagye,78672
GH,Lamptey,78672
GH,Lartey,78102
GH,Amoako,77057
GH,Agyei,72116
GH,Oduro,70881
GH,Okyere,70691
GH,Aidoo,70501
GH,Otoo,69265
GH,Eshun,65465
GH,Kofi,63279
GH,Sam,62329
GH,Gyamfi,61379
GH,Baah,59384
GH,Laryea,59289
GH,Quartey,58624
GH,Quansah,56819
GH,Nkrumah,56628
GH,Armah,56343
GH,Quarshie,56248
GH,Dadzie,55868
GH,Kwame,55773
GH,Baidoo,54728
GH,Agyeman,54063
GH,Koomson,52448
GH,Ofosu,51878
GH,Danquah,50358
GH,Yakubu,50263
GH,Kwarteng,49027
GH,Larbi,48647
GH,Musah,48552
GH,Andoh,47887
GH,Nana,47792
GH,Cudjoe,47602
GH,Aryee,46367
GH,Amankwah,45987
GH,Sarfo,45702
GH,Addai,45607
GH,Tawiah,45037
GH,Afful,44657
GH,Ankrah,44467
GH,Agyekum,43992
GH,Kyei,43992
GH,Ibrahim,43802
GH,Bonsu,43707
GH,Iddrisu,43612
GH,Kwakye,43041
GH,Afriyie,42946
GH,Kumah,42671
GH,Anim,41711
GH,Salifu,41331
GH,Seidu,41331
GH,Nkansah,41141
GH,Ampofo,41046
GH,Koranteng,40524
GH,Arhin,40177
GH,Tagoe,39621
GH,Amissah,39431
GH,Manu,39415
GH,Forson,39336
GH,Awuah,39146
EC,Garcia,192147
EC,Sanchez,189402
EC,Zambrano,166993
EC,Lopez,160113
EC,Rodriguez,149128
EC,Vera,111910
EC,Gonzalez,93231
EC,Torres,92121
EC,Mendoza,77996
EC,Castro,77277
EC,Perez,75200
EC,Jimenez,71574
EC,Flores,69459
EC,Delgado,69059
EC,Macias,69052
EC,Romero,68997
EC,Espinoza,66230
EC,Gomez,65966
EC,Salazar,64037
EC,Martinez,63780
EC,Leon,62579
EC,Andrade,61499
EC,Castillo,59536
EC,Ortiz,59424
EC,Loor,59384
EC,Moreira,59346
EC,Ramirez,58338
EC,Alvarado,58152
EC,Bravo,57710
EC,Morales,57305
EC,Cevallos,57155
EC,Reyes,56430
EC,Ruiz,56086
EC,Suarez,54689
EC,Diaz,54312
EC,Alvarez,54298
EC,Vargas,53917
EC,Herrera,53053
EC,Velez,52791
EC,Guerrero,50337
EC,Guaman,49385
EC,Chavez,49292
EC,Mora,46857
EC,Cabrera,46008
EC,Jaramillo,44990
EC,Paredes,44879
EC,Molina,44840
EC,Rivera,43803
EC,Moran,42012
EC,Cruz,40927
EC,Moreno,40477
EC,Ortega,39175
EC,Vasquez,38991
EC,Alcivar,38516
EC,Medina,38458
EC,Fernandez,37678
EC,Arias,36930
EC,Vega,35059
EC,Valencia,34229
EC,Silva,34071
EC,Aguilar,33552
EC,Mejia,33454
EC,Morocho,33329
EC,Calderon,33311
EC,Maldonado,32759
EC,Hidalgo,32304
EC,Solorzano,31543
EC,Ponce,31539
EC,Cordova,30625
EC,Ramos,30430
EC,Aguirre,30409
EC,Cardenas,30393
EC,Intriago,30299
EC,Palacios,30167
EC,Tapia,30012
EC,Mera,29886
EC,Hernandez,29222
EC,Naranjo,29035
EC,Murillo,28951
EC,Franco,28752
EC,Rojas,28444
EC,Ochoa,27437
EC,Acosta,26984
EC,Briones,26664
EC,Narvaez,26081
EC,Avila,25592
EC,Pacheco,25480
EC,Mero,25381
EC,Freire,25320
EC,Chicaiza,23824
EC,Orellana,23683
EC,Palma,23670
EC,Lema,23386
EC,Campoverde,23353
EC,Almeida,23317
EC,Armijos,23175
EC,Rosero,23132
EC,Mosquera,23073
EC,Vaca,23033
EC,Caicedo,23030
BF,Ouedraogo,1689084
BF,Sawadogo,1027543
BF,Kabore,509493
BF,Traore,372771
BF,Diallo,359890
BF,Ouattara,296559
BF,Dicko,237280
BF,Zongo,235227
BF,Sanou,210371
BF,Savadogo,202223
BF,Compaore,197199
BF,Nikiema,186027
BF,Barry,175911
BF,Some,170109
BF,Ilboudo,164850
BF,Coulibaly,139745
BF,Ouoba,125278
BF,Konate,124049
BF,Belem,123676
BF,Maiga,122425
BF,Yameogo,118695
BF,Sankara,117340
BF,Zoungrana,110717
BF,Lompo,108975
BF,Sana,105504
BF,Tapsoba,103182
BF,Lankoande,102232
BF,Tamboura,101210
BF,Sore,96706
BF,Nana,89003
BF,Hien,86438
BF,Kabre,85462
BF,Tiendrebeogo,80601
BF,Sidibe,78322
BF,Kafando,77486
BF,Bamogo,77311
BF,Dao,74123
BF,Tindano,72511
BF,Dabire,71522
BF,Kindo,71431
BF,Tankoano,69732
BF,Sonde,69215
BF,Kambou,67888
BF,Tall,66855
BF,Cisse,66362
BF,Kone,66213
BF,Bande,65468
BF,Bonkoungou,62291
BF,Koanda,58357
BF,Sanfo,56272
BF,Drabo,52204
BF,Somda,50622
BF,Kinda,49889
BF,Yonli,49860
BF,Millogo,49514
BF,Thiombiano,49092
BF,Barro,48333
BF,Nebie,48075
BF,Dembele,46248
BF,Porgo,45376
BF,Simpore,44328
BF,Zerbo,43700
BF,Sebgo,42708
BF,Ouali,42551
BF,Congo,42549
BF,Zida,41763
BF,Kiendrebeogo,41166
BF,Ganame,41102
BF,Bouda,38984
BF,Badini,38940
BF,Bado,37587
BF,Sanogo,37383
BF,Tiemtore,36952
BF,Sangare,36913
BF,Kambire,36463
BF,Zabre,35095
BF,Dah,34819
BF,Diande,34477
BF,Rouamba,34474
BF,Kouraogo,33680
BF,Zalle,32908
BF,Sanon,30603
BF,Koudougou,30099
BF,Nignan,29752
BF,Pare,29623
BF,Bance,29445
BF,Diarra,28452
BF,Sory,28375
BF,Guira,28045
BF,Soulama,27761
BF,Guigma,27548
BF,Zango,27430
BF,Kienou,27354
BF,Kere,27297
BF,Yarga,27154
BF,Dabre,27016
BF,Toe,27011
BF,Sia,26989
BF,Gansonre,26921
BF,Boly,26745
DZ,Saidi,89157
DZ,Slimani,83542
DZ,Touati,83272
DZ,Mansouri,79694
DZ,Brahimi,75470
DZ,Messaoudi,75022
DZ,Haddad,73780
DZ,Yahiaoui,71861
DZ,Rahmani,68134
DZ,Dahmani,67753
DZ,Sahraoui,67424
DZ,Benaissa,66806
DZ,Moussaoui,62553
DZ,Salhi,62039
DZ,Bouziane,62020
DZ,Saadi,59520
DZ,Aissaoui,58857
DZ,Benyahia,58144
DZ,Belhadj,57558
DZ,Amara,57558
DZ,Abbas,56568
DZ,Merabet,56415
DZ,Mokhtari,56259
DZ,Taleb,55737
DZ,Bouzid,54394
DZ,Mebarki,53860
DZ,Khaldi,51683
DZ,Bouzidi,51339
DZ,Hadji,50285
DZ,Zitouni,49170
DZ,Hamdi,49147
DZ,Hamidi,49082
DZ,Talbi,48047
DZ,Cherifi,47858
DZ,Kadri,47769
DZ,Bouras,46438
DZ,Abed,45970
DZ,Toumi,45886
DZ,Belaid,45790
DZ,Benali,45085
DZ,Achour,44827
DZ,Taibi,44763
DZ,Chaib,44556
DZ,Larbi,44091
DZ,Chergui,44074
DZ,Ziani,43004
DZ,Nasri,42761
DZ,Madani,42727
DZ,Belarbi,42694
DZ,Yousfi,42034
DZ,Kadi,41868
DZ,Boukhalfa,41806
DZ,Abid,40962
DZ,Gasmi,40309
DZ,Bensalem,40127
DZ,Abdelli,39984
DZ,Amari,39427
DZ,Azzouz,38736
DZ,Zaidi,38681
DZ,Arab,38309
DZ,Meziane,38081
DZ,Daoudi,37909
DZ,Amrani,36790
DZ,Khelifa,35952
DZ,Cherif,35664
DZ,Zaoui,35607
DZ,Ameur,35593
DZ,Zerrouki,35492
DZ,Soltani,35297
DZ,Hassani,34911
DZ,Belkacem,34685
DZ,Hachemi,34533
DZ,Khelifi,33512
DZ,Salmi,33317
DZ,Rahal,33268
DZ,Benamara,33150
DZ,Mahmoudi,33061
DZ,Ziane,33030
DZ,Hamadi,32987
DZ,Ayad,32730
DZ,Dahmane,32618
DZ,Boukhari,32370
DZ,Abdi,32222
DZ,Mansour,32116
DZ,Dib,32082
DZ,Laib,32041
DZ,Zouaoui,32017
DZ,Daoud,31971
DZ,Gacem,31300
DZ,Chabane,31078
DZ,Ferhat,31027
DZ,Ramdani,30856
DZ,Benahmed,30822
DZ,Hamza,30810
DZ,Latreche,30809
DZ,Benamar,30639
DZ,Rahmouni,30604
DZ,Houari,30541
DZ,Bensaid,30456
DZ,Saoudi,30295
KW,Ali,100647
KW,Ahmed,63279
KW,Al Mutairi,59788
KW,Al Azmi,55729
KW,Al Anzi,42153
KW,Mohamed,41275
KW,Khan,30553
KW,Al Rashidi,28298
KW,Al Ajmi,25724
KW,Kumar,24735
KW,Hassan,19551
KW,Al Shammari,19515
KW,Hussein,18889
KW,Al Otaibi,17432
KW,Abdullah,17165
KW,Al Hajri,16796
KW,Mathew,16708
KW,Abbas,16083
KW,Hussain,13286
KW,El Agamy,12929
KW,Allah,12894
KW,Altaeawuniuh,12592
KW,Varghese,12335
KW,Al Shamry,12110
KW,Al Kandari,11078
KW,Nair,10284
KW,Al Kuwait,9844
KW,Ahmad,9109
KW,Singh,8755
KW,Al-Zafairi,8649
KW,Saeed,8568
KW,Saleh,8428
KW,Al Dosari,8253
KW,El Otaibi,8060
KW,Dsouza,7962
KW,Mahmoud,7832
KW,Ismail,7608
KW,Al Qattan,7453
KW,Ramadan,7366
KW,Alghanim,7231
KW,Yousef,7207
KW,El Din,7183
KW,Sultan,7151
KW,Al Dehani,7106
KW,Malik,6806
KW,Amin,6741
KW,Ibrahim,6629
KW,Rashid,6536
KW,El Shatti,6412
KW,Al Saleh,6383
KW,Shaikh,6377
KW,Salem,6303
KW,Babu,6303
KW,Al Mutawa,6094
KW,Al Sabah,5987
KW,Dashti,5986
KW,Jamal,5818
KW,El Harbi,5756
KW,Shaik,5697
KW,Khalil,5659
KW,Al Qallaf,5563
KW,Abdul Aziz,5438
KW,Salim,5221
KW,Mostafa,5184
KW,Shah,5175
KW,Awad,5137
KW,Al Rifai,5091
KW,D'Souza,5014
KW,Behbehani,4792
KW,Raj,4774
KW,Sadiq,4699
KW,Aziz,4680
KW,Al Awadhi,4541
KW,Anwar,4522
KW,Habib,4522
KW,El Sayed,4426
KW,Al-Zafiri,4426
KW,Al Subaie,4416
KW,Sheikh,4326
KW,Akbar,4326
KW,Mohammad,4326
KW,Sharma,4307
KW,Saad,4307
KW,Al Khalidi,4242
KW,El Said,4242
KW,Abu,4196
KW,Al Adwani,4194
KW,Iqbal,4158
KW,Pillai,4149
KW,Murad,4149
KW,Altaeawunia,4059
KW,Krishnan,4056
KW,Rahman,4000
KW,Alam,4000
KW,Abdel Rahman,3934
KW,Patel,3907
KW,Al Balushi,3895
KW,Rajan,3860
KW,Chacko,3841
KW,Mansour,3823
YE,Mohamed,1114136
YE,Ali,950066
YE,Ahmed,945526
YE,Saleh,524638
YE,Abdullah,515306
YE,Saeed,427775
YE,Hassan,392730
YE,Qasim,308666
YE,Abdo,237295
YE,Salem,201709
YE,Hussein,185657
YE,Ghaleb,184957
YE,Naji,178629
YE,Yahya,174912
YE,Nasser,166381
YE,Saif,140817
YE,Mohsen,111016
YE,Omar,109724
YE,El Haddad,102548
YE,El Hajj,99606
YE,Al Faqih,99497
YE,Moqbel,96888
YE,Thabet,96692
YE,Awad,94754
YE,Ibrahim,94410
YE,Saad,91571
YE,El Amery,90429
YE,Qaid,89643
YE,Osman,85427
YE,Ismail,84693
YE,Al-Qadi,84598
YE,Mahdi,81657
YE,Hadi,78346
YE,El Shami,77796
YE,Al Jabri,77158
YE,Faree,76684
YE,Al Wasabi,75483
YE,El Omry,73529
YE,Amer,71979
YE,Muthanna,71724
YE,Kayed,71261
YE,Morshed,69121
YE,Al Baadani,68890
YE,Al Khulani,68746
YE,Obaid,66708
YE,Haidar,66442
YE,El Din,65698
YE,Noman,65347
YE,Hazem,64569
YE,Al Najjar,64310
YE,Rajeh,64186
YE,Hamid,62495
YE,Al Ahdal,62248
YE,Al Shmeiri,61679
YE,Salah,58724
YE,El Ansy,58414
YE,Al Ariqi,58396
YE,Al Sharabi,55353
YE,El Sherfi,55057
YE,Al Sabri,54316
YE,Hamoud,53161
YE,Farhan,52859
YE,Jaber,52799
YE,Al Mokhtary,52619
YE,Al Qubati,51708
YE,Al Ashool,51530
YE,Al Awadi,50265
YE,Al Nahari,49846
YE,Zaid,48682
YE,Alagamaoe,48406
YE,Al Raimi,47940
YE,Musleh,47373
YE,Al Abssi,45922
YE,Al Saqqaf,45558
YE,Allah,45297
YE,Abdel Rahman,44434
YE,Ghanim,44147
YE,Mansour,43891
YE,El Matry,43519
YE,Aklan,43385
YE,El Amary,43292
YE,El Hammady,43101
YE,El Harazi,43030
YE,Al Habishi,42977
YE,Rashid,42359
YE,Suleiman,41807
YE,Salam,41730
YE,Al Jaradi,40390
YE,Al Kahlani,40341
YE,Mahyoub,39631
YE,Al Qudsi,39566
YE,Massad,38978
YE,Al Maamri,38830
YE,El Feky,38011
YE,El Solawy,37871
YE,Taher,37741
YE,Shamsan,37550
YE,Alwan,37506
YE,Al Yousuf,37473
YE,Yousef,37180
HT,Jean,668437
HT,Pierre,622508
HT,Joseph,521212
HT,Louis,274612
HT,Charles,238444
HT,Francois,142435
HT,Paul,114397
HT,Michel,114304
HT,Etienne,95376
HT,Augustin,89720
HT,Saint,89439
HT,Noel,87926
HT,Chery,84419
HT,Antoine,79754
HT,Toussaint,78271
HT,Alexis,69100
HT,Desir,62004
HT,Auguste,58048
HT,Cadet,54078
HT,Jean-Baptiste,52728
HT,Laguerre,48926
HT,Alexandre,47033
HT,Georges,46059
HT,Sanon,43921
HT,Guerrier,40049
HT,Moise,38742
HT,Germain,37818
HT,Victor,37660
HT,Jacques,37210
HT,Jules,36049
HT,Jean-Louis,36010
HT,Saintil,33052
HT,Felix,32100
HT,Bien-Aime,31735
HT,Baptiste,31249
HT,Marcelin,30427
HT,Petit,29865
HT,Louissaint,29657
HT,Rene,29371
HT,Gabriel,29098
HT,Thomas,28981
HT,Julien,28948
HT,Laurent,28030
HT,Bernard,27993
HT,Andre,27924
HT,Edouard,27915
HT,Pierre-Louis,27709
HT,Nicolas,27617
HT,Simon,27551
HT,Jeune,27473
HT,Celestin,25314
HT,Dorvil,25135
HT,Calixte,23799
HT,Philippe,23750
HT,Saint-Louis,23280
HT,Altidor,23171
HT,Jean-Pierre,22857
HT,Mathieu,22509
HT,Mondesir,22365
HT,Guillaume,22280
HT,Hyppolite,21825
HT,Nelson,21823
HT,Delva,21795
HT,Petit-Frere,20873
HT,Blanc,20805
HT,Raymond,20178
HT,Janvier,19968
HT,Belizaire,19941
HT,Eugene,19724
HT,Hilaire,19575
HT,Jeudy,19509
HT,Bazile,19488
HT,Denis,19232
HT,Ulysse,18558
HT,Fils-Aime,18208
HT,Salomon,17990
HT,Henry,17972
HT,Jeanty,17901
HT,Simeon,17861
HT,Jerome,17857
HT,Lubin,17599
HT,Orelus,17513
HT,St Louis,17433
HT,Severe,17358
HT,Casseus,17124
HT,Fortune,17064
HT,Innocent,17040
HT,Casimir,16975
HT,Brutus,16893
HT,Mathurin,16764
HT,Metellus,16094
HT,Petion,16026
HT,Marcellus,15963
HT,Sylvain,15915
HT,Raphael,15702
HT,Saint-Fleur,15566
HT,Blaise,15171
HT,Lafleur,15124
HT,Lindor,15111
HT,Philogene,14791
KP,Kim,6767955
KP,Ri,3283228
KP,Pak,1896450
KP,Choe,1600129
KP,Kang,1019342
KP,Han,782285
KP,Hong,580788
KP,Jang,533376
KP,Jong,414848
KP,Jo,391143
KP,Rim,379290
KP,An,367437
KP,Jon,343731
KP,O,331879
KP,Cha,331879
KP,Song,308173
KP,Jeong,296320
KP,Ju,284467
KP,Hwang,272615
KP,Paek,260762
KP,Shin,237056
KP,Mun,237056
KP,Ro,225203
KP,Lee,225203
KP,Baek,213351
KP,Li,213351
KP,Choi,213351
KP,Heo,201498
KP,Son,189645
KP,Yun,177792
KP,Jeon,165939
KP,Ryu,154087
KP,Go,142234
KP,Cho,142234
KP,Hyon,130381
KP,Jung,130381
KP,Seo,118528
KP,Gwon,118528
KP,Yang,118528
KP,Ryang,118416
KP,Park,106675
KP,So,106675
KP,Chang,106675
KP,Nam,106675
KP,Hyeon,106575
KP,Kwon,94822
KP,Ko,94822
KP,Chon,94822
KP,Yu,94822
KP,Sin,94822
KP,Ahn,94822
KP,Jin,94822
KP,Chae,49
KP,Sim,49
KP,Ji,49
KP,Won,49
KP,Byeon,36
KP,Chong,36
KP,Ham,36
KP,Ha,25
KP,Wang,25
KP,Bang,25
KP,Chu,25
KP,Gu,16
KP,Pae,16
KP,Lim,16
KP,Phyo,16
KP,Tae,16
KP,Kwak,16
KP,Chol,16
KP,Sung,16
KP,Pang,16
KP,Oh,16
KP,Ho,16
KP,Sen,16
KP,Gye,16
KP,Ryo,9
KP,Sun,9
KP,Seok,9
KP,Cheon,9
KP,Tong,9
KP,Pyon,9
KP,Ma,9
KP,Gil,9
KP,Ra,9
KP,Om,9
KP,Tak,9
KP,Myong,4
KP,Chin,4
KP,Eom,4
KP,Woo,4
KP,U,4
KP,Kye,4
KP,Gwak,4
KP,Wong,4
KP,Min,4
KP,Sol,4
KP,Ung,4
KP,Kyong,4
KP,Im,4
CG,Ngoma,110288
CG,Goma,98034
CG,Malonga,86722
CG,Samba,63157
CG,Massamba,58443
CG,Mabiala,51555
CG,Malanda,49960
CG,Mavoungou,47202
CG,Mboungou,44919
CG,Itoua,41033
CG,Elenga,40193
CG,Milandou,33595
CG,Makosso,33498
CG,Makaya,32799
CG,Mouanda,32228
CG,Jean,32050
CG,Nganga,32050
CG,Kaya,29222
CG,Sita,28279
CG,Ganga,26394
CG,Ibara,25451
CG,Mbemba,25105
CG,Oko,24509
CG,Matondo,24509
CG,Loemba,22638
CG,Mahoungou,22622
CG,Ndinga,22495
CG,Banzouzi,21974
CG,Taty,21940
CG,Nguimbi,21724
CG,Mbama,20637
CG,Mboumba,20413
CG,Ondongo,20270
CG,Nkouka,20104
CG,Tati,19795
CG,Makita,19276
CG,Bongo,18853
CG,Nkounkou,18144
CG,Bakala,17980
CG,Koumba,17362
CG,Nzaou,16313
CG,Mabika,16259
CG,Ndongo,16025
CG,Madzou,16005
CG,Nkaya,15833
CG,Likibi,15705
CG,Pambou,15519
CG,Ngakosso,15210
CG,Ngolo,15108
CG,Sylla,15082
CG,Mbani,14988
CG,Ngouala,14718
CG,Poaty,14589
CG,Mbongo,14309
CG,Kombo,14222
CG,Bantsimba,14169
CG,Diop,14140
CG,Ngoy,14140
CG,Alain,14140
CG,Emmanuel,14140
CG,Ibata,14140
CG,Bayonne,14140
CG,Mongo,14140
CG,Bienvenu,14140
CG,Tchicaya,13937
CG,Ngatse,13814
CG,Ngoulou,13598
CG,Nguie,12946
CG,Mouanga,12346
CG,Rodrigue,12254
CG,Oba,12254
CG,Dinga,12254
CG,Bouanga,12114
CG,Nianga,12003
CG,Nkoua,11949
CG,Mboussa,11891
CG,Atipo,11528
CG,Massengo,11488
CG,Tsiba,11399
CG,Badila,11312
CG,Kaba,11312
CG,Singh,11312
CG,Augustin,11312
CG,Mampouya,11113
CG,Okemba,11064
CG,Moukala,11012
CG,Massala,11010
CG,Mampassi,10538
CG,Nzoussi,10477
CG,Mpassi,10468
CG,Yoka,10428
CG,Moukoko,10382
CG,Claude,10369
CG,Diallo,10369
CG,Shabani,10369
CG,Justin,10369
CG,Michel,10369
CG,Kim,10369
CG,Mfoutou,10082
CG,Missamou,9892
SY,Khaled,1476550
SY,Mohamed,1027808
SY,Al Numan,696170
SY,Ahmed,682753
SY,Ali,679873
SY,Hussein,380968
SY,Hassan,351994
SY,Ibrahim,320766
SY,Mahmoud,281388
SY,Samaan,275405
SY,Alzuhur,211434
SY,Saleh,183394
SY,Alththania,183034
SY,Allah,180633
SY,Mostafa,180523
SY,Suleiman,173968
SY,Yousef,154248
SY,Aldaman,148263
SY,Khalil,127176
SY,Khalaf,125976
SY,El Din,119760
SY,Ismail,117121
SY,Eisaa,117073
SY,Hamoud,98004
SY,Abdel,95742
SY,Saeed,92471
SY,Mousa,92311
SY,Omar,90392
SY,Jassim,86041
SY,Sheikh,83926
SY,Awad,78743
SY,Deeb,73845
SY,Al-Karim,70384
SY,Azza,70030
SY,Abdo,69718
SY,Qasim,65177
SY,Elkader,65099
SY,Osman,60812
SY,Abbas,59179
SY,Badr,57522
SY,Al-Razzaq,56584
SY,El Hajj,55252
SY,Khader,54973
SY,Abdullah,54299
SY,Hamad,54046
SY,El Abd,52718
SY,Yassin,52106
SY,Al Jassim,49636
SY,Aboud,49485
SY,Shamalieh,49072
SY,Al Aziz,46951
SY,Haj,46463
SY,Ramadan,45855
SY,Hamid,44173
SY,Asaad,43852
SY,El Arab,43215
SY,Obaid,40834
SY,Jerash,39843
SY,Khalif,38897
SY,Nasser,37342
SY,Salim,37009
SY,Shams,36445
SY,Al Hamoud,36086
SY,Fares,36069
SY,Rashid,35900
SY,Khair,34984
SY,Juma,34752
SY,Hamdan,34703
SY,Eid,34293
SY,Salem,33216
SY,Darwish,32835
SY,Salloum,32801
SY,Adnan,32640
SY,Younis,32048
SY,Sobhy,31565
SY,Mansour,31487
SY,Jamil,31007
SY,Habib,30423
SY,Yujad,29745
SY,Nayef,29563
SY,Shehadeh,29258
SY,Salman,27831
SY,El Latif,27516
SY,Amin,27375
SY,Taha,26805
SY,Mari,26523
SY,Al Ward,26492
SY,Salama,26069
SY,Hilal,25727
SY,Alyousf,25297
SY,Hamada,24819
SY,Al Mousa,24810
SY,Turki,24307
SY,Duyub,24236
SY,Jumah,23966
SY,Khadour,23933
SY,Diab,23604
SY,Al Awamid,23558
SY,Haji,23459
SY,Sharqia,23224
UZ,Kim,415484
UZ,Karimov,210408
UZ,Abdullayeva,176984
UZ,Abdullayev,173512
UZ,Ibragimova,147276
UZ,Li,142226
UZ,Rakhimova,139728
UZ,Rakhimov,138346
UZ,Umarova,135804
UZ,Yusupov,135192
UZ,Pak,134927
UZ,Umarov,134460
UZ,Akhmyedova,128615
UZ,Akhmyedov,128615
UZ,Karimova,122070
UZ,Usmanova,120142
UZ,Sultanova,119897
UZ,Usmanov,118950
UZ,Sultanov,117546
UZ,Ibragimov,116133
UZ,Sharipova,115196
UZ,Yuldashyeva,114434
UZ,Sharipov,114053
UZ,Yuldashyev,113302
UZ,Khasanov,104029
UZ,Yusupova,101498
UZ,Tursunov,94168
UZ,Tursunova,94168
UZ,Saidova,93836
UZ,Makhmudova,93232
UZ,Makhmudov,92307
UZ,Saidov,91996
UZ,Alimova,88524
UZ,Alimov,86788
UZ,Rasulova,86424
UZ,Rasulov,84731
UZ,Azimova,83763
UZ,Azimov,82936
UZ,Khakimova,82146
UZ,Khakimov,81336
UZ,Kurbanova,73543
UZ,Yunusova,72971
UZ,Mirzayeva,72585
UZ,Mirzayev,71867
UZ,Yunusov,71540
UZ,Ismailov,70224
UZ,Kurbanov,70038
UZ,Pulatova,68596
UZ,Muminova,68264
UZ,Pulatov,67916
UZ,Muminov,67589
UZ,Rustamova,66174
UZ,Rustamov,64879
UZ,Abdurakhmanova,64743
UZ,Abdullaeva,63943
UZ,Abdullaev,63312
UZ,Nazarov,62926
UZ,Ismailova,61451
UZ,Djurayeva,58648
UZ,Sabirova,58436
UZ,Khasanova,58123
UZ,Sabirov,57859
UZ,Djurayev,57500
UZ,Zakirov,56814
UZ,Zakirova,56814
UZ,Azizova,55138
UZ,Ergashyeva,54784
UZ,Nazarova,54758
UZ,Yakubov,54606
UZ,Azizov,54594
UZ,Akbarova,53821
UZ,Ergashyev,53712
UZ,Akbarov,53288
UZ,Tsoi,53207
UZ,Kadyrova,52722
UZ,Ivanova,52375
UZ,Rakhmanova,51791
UZ,Kadyrov,51688
UZ,Rakhmanov,50774
UZ,Gafurova,50686
UZ,Khamidova,50621
UZ,Gafurov,50186
UZ,Khamidov,50120
UZ,Jurayeva,49827
UZ,Jurayev,49827
UZ,Yuldashev,49696
UZ,Yuldasheva,49696
UZ,Safarov,48989
UZ,Safarova,48989
UZ,Khaidarova,48227
UZ,Khaidarov,48227
UZ,Kan,47346
UZ,Abdurakhmanov,46854
UZ,Kodirova,45527
UZ,Sadykova,45359
UZ,Kadirova,45092
UZ,Khalilov,44831
UZ,Khalilova,44831
UZ,Kodirov,44635
UZ,Sadykov,44472
ZM,Phiri,373505
ZM,Banda,336052
ZM,Mulenga,268627
ZM,Zulu,182720
ZM,Musonda,178005
ZM,Tembo,176183
ZM,Mwale,150696
ZM,Lungu,150094
ZM,Sakala,149388
ZM,Daka,137789
ZM,Bwalya,135316
ZM,Mbewe,133474
ZM,Mumba,126777
ZM,Mwape,120040
ZM,Kunda,110993
ZM,Nyirenda,101664
ZM,Chanda,95325
ZM,Mwila,92766
ZM,Zimba,92362
ZM,Mutale,89148
ZM,Ngoma,88638
ZM,Mwewa,80628
ZM,Chola,76210
ZM,Mubanga,75310
ZM,Kabwe,71098
ZM,Mwamba,71047
ZM,Mwaba,67637
ZM,Mweemba,66514
ZM,Mwanza,63079
ZM,Njobvu,59950
ZM,Chama,59792
ZM,Mwiinga,57118
ZM,Mpundu,56864
ZM,Ngosa,56263
ZM,Mudenda,56145
ZM,Mvula,55441
ZM,Mtonga,54168
ZM,Moonga,52624
ZM,Ngulube,50204
ZM,Nyambe,49357
ZM,Mukuka,49045
ZM,Chirwa,48835
ZM,Katongo,47445
ZM,Mwenya,47324
ZM,Kangwa,47006
ZM,Jere,43639
ZM,Mwansa,42966
ZM,Chewe,41903
ZM,Njovu,40366
ZM,Malambo,39103
ZM,Siame,38138
ZM,Moyo,37953
ZM,Miti,37433
ZM,Chomba,37356
ZM,Kaunda,36777
ZM,Soko,36634
ZM,Nkandu,34689
ZM,Manda,34609
ZM,Kasongo,33685
ZM,Malama,33424
ZM,Chalwe,33211
ZM,Chileshe,33110
ZM,Mubita,32251
ZM,Kalunga,32185
ZM,Chulu,31435
ZM,Nyirongo,30784
ZM,Kasonde,30038
ZM,Sinkala,29881
ZM,Sitali,29520
ZM,Chabala,29050
ZM,Kaluba,28966
ZM,Ndhlovu,28427
ZM,Kaoma,27395
ZM,Simfukwe,27244
ZM,Chibuye,27183
ZM,Sinyangwe,26748
ZM,Chilufya,26403
ZM,Kumwenda,25959
ZM,Chisenga,25921
ZM,Chibwe,25749
ZM,Nkhata,25183
ZM,Chinyama,24594
ZM,Chishimba,24270
ZM,Mkandawire,24175
ZM,Moono,24070
ZM,Sikazwe,23878
ZM,Mwenda,23719
ZM,Chansa,23376
ZM,Lubinda,23307
ZM,Kamanga,23036
ZM,Munsaka,22911
ZM,Mweene,22673
ZM,Gondwe,22443
ZM,Michelo,22127
ZM,Nanyangwe,22047
ZM,Nakazwe,21908
ZM,Chisanga,21314
ZM,Cheelo,20554
ZM,Kabaso,20300
ZM,Kakoma,20205
LB,El Din,97684
LB,Allah,50255
LB,El Khoury,44001
LB,Khalil,41130
LB,Saad,36751
LB,El Hajj,34197
LB,Ali,31706
LB,Ibrahim,29481
LB,El Masry,28639
LB,Hassan,28595
LB,Haidar,26616
LB,Hamoud,24201
LB,Saleh,24121
LB,Ahmed,23919
LB,Suleiman,23381
LB,Mousa,22946
LB,Younis,21559
LB,Yousef,21107
LB,Karam,20691
LB,Eisaa,20163
LB,Mansour,19939
LB,Farhat,19789
LB,Aboud,19391
LB,Haddad,18886
LB,Harb,18514
LB,Deeb,18465
LB,Hussein,18462
LB,Ayoub,18412
LB,Eid,17381
LB,Saliba,17113
LB,Hanna,17100
LB,Shaheen,17067
LB,Dahir,16825
LB,Matar,16736
LB,Murad,16659
LB,El Haddad,16597
LB,Awad,16418
LB,Ismail,16262
LB,Jaber,16036
LB,Hamdan,15779
LB,Assaf,15535
LB,Yassin,15219
LB,Hashem,14909
LB,Abbas,14684
LB,Mohamed,14572
LB,Obaid,14487
LB,Diab,14443
LB,Aoun,14346
LB,Zaiter,14132
LB,Qasim,14049
LB,Al Ashqar,13959
LB,Rizk,13937
LB,Azar,13917
LB,Nader,13911
LB,Salama,13557
LB,Darwish,13466
LB,El Hassan,13275
LB,El Sayed,13259
LB,Jouda,13212
LB,Khalifa,13183
LB,Farah,13096
LB,Hamza,13095
LB,Osman,13051
LB,Saeed,12956
LB,Raad,12703
LB,Nasser,12691
LB,Taleb,12575
LB,Fares,12526
LB,Jaafar,12430
LB,Nasr,12401
LB,Mari,12095
LB,Saab,12056
LB,Zidan,11960
LB,Ghanim,11935
LB,Hegazy,11876
LB,Nemeh,11782
LB,Al Khatib,11771
LB,Kanaan,11756
LB,Nassar,11628
LB,El Halaby,11326
LB,Salloum,11241
LB,Al Zain,11191
LB,Shehadeh,11157
LB,Zgheib,11153
LB,Khader,11102
LB,Daou,10858
LB,Habib,10694
LB,Mostafa,10619
LB,Dagher,10548
LB,Al Hayek,10523
LB,El Shami,10448
LB,Abdo,10337
LB,Salim,10258
LB,Khoury,10172
LB,Yazbek,10087
LB,Anton,9925
LB,Samaan,9894
LB,Saqr,9848
LB,Shams,9682
LB,El Helou,9668
MG,Rakotomalala,412104
MG,Rakotonirina,385717
MG,Rakotoarisoa,272020
MG,Rafanomezantsoa,204888
MG,Rakoto,192859
MG,Rakotoniaina,190530
MG,Randrianasolo,185098
MG,Razafindrakoto,184710
MG,Raharimalala,178501
MG,Rakotoarimanana,177725
MG,Ranaivoson,176949
MG,Ratsimbazafy,173068
MG,Randrianantenaina,171516
MG,Randrianarisoa,146293
MG,Rakotoarison,143965
MG,Randrianarison,131547
MG,Andrianantenaina,123010
MG,Rakotovao,121070
MG,Rakotoson,110593
MG,Rakotoarivelo,108653
MG,Nomenjanahary,107877
MG,Razafimandimby,107489
MG,Raharison,105936
MG,Ramaroson,104384
MG,Ramanantsoa,103608
MG,Razafimahatratra,97011
MG,Andrianirina,97011
MG,Randriamanantena,95071
MG,Ramamonjisoa,94683
MG,Raveloson,91967
MG,Rajaonarison,91579
MG,Rasoarimalala,89639
MG,Randrianirina,88862
MG,Randrianarivelo,88862
MG,Raharinirina,86534
MG,Rakotobe,84982
MG,Rakotomanana,83430
MG,Rakotondrasoa,81878
MG,Rakotondramanana,81878
MG,Rakotozafy,81102
MG,Rakotoarivony,81102
MG,Fanomezantsoa,79937
MG,Razafimanantsoa,79161
MG,Rasoanirina,78385
MG,Andriamihaja,78385
MG,Rajaonarivelo,77221
MG,Rakotomanga,76833
MG,Ratolojanahary,76057
MG,Raharisoa,76057
MG,Raharimanana,74117
MG,Rabemanantsoa,74117
MG,Andrianasolo,73729
MG,Randria,73729
MG,Rasoanaivo,73729
MG,Rabemananjara,69848
MG,Razafimahefa,62475
MG,Ravelojaona,57431
MG,Rakotonandrasana,56655
MG,Rakotondrabe,55879
MG,Randrianarimanana,55102
MG,Jean,54292
MG,Andrianarisoa,53550
MG,Rabe,48087
MG,Rabarijaona,45013
MG,Rabarison,44625
MG,Be,44597
MG,Rakotonarivo,43849
MG,Rambeloson,40745
MG,Ratsimba,39969
MG,Andry,36453
MG,Rakotondrainibe,34924
MG,Rakotondrazaka,34536
MG,Razanadrakoto,32208
MG,Rajaobelina,32208
MG,Ralaivao,27163
MG,Razanakolona,25999
MG,Chan,25595
MG,Marie,24819
MG,Andria,24043
MG,Mamy,23283
MG,Andriamasinoro,20954
MG,Rado,20553
MG,Randriamparany,20178
MG,Hery,19778
MG,Ratovo,19014
MG,Ralijaona,19014
MG,Feno,17839
MG,Malala,17074
MG,Harison,17063
MG,Aina,16675
MG,Michel,16675
MG,Solo,16287
MG,Tiana,15900
MG,Rasolomampionona,15134
MG,Ramarojaona,14746
MG,Ny,14736
MG,Tombo,14348
MG,Rasamoely,13582
MG,Ramalanjaona,13194
MG,Haja,13185
VE,Gonzalez,880211
VE,Rodriguez,777428
VE,Perez,557629
VE,Hernandez,534500
VE,Garcia,490210
VE,Martinez,391598
VE,Sanchez,365567
VE,Lopez,343255
VE,Diaz,315056
VE,Rojas,293940
VE,Ramirez,269946
VE,Castillo,246900
VE,Gomez,241735
VE,Romero,221226
VE,Fernandez,217488
VE,Torres,210525
VE,Mendoza,207873
VE,Medina,200752
VE,Moreno,188142
VE,Gutierrez,184714
VE,Jimenez,183565
VE,Rivas,176148
VE,Alvarez,170280
VE,Salazar,169504
VE,Marquez,168747
VE,Suarez,161842
VE,Flores,160516
VE,Silva,156953
VE,Peña,148809
VE,Contreras,145963
VE,Morales,138075
VE,Herrera,137689
VE,Vargas,134166
VE,Mendez,130285
VE,Parra,130281
VE,Ruiz,126284
VE,Ramos,126275
VE,Blanco,125979
VE,Rivero,120441
VE,Quintero,120312
VE,Briceño,120308
VE,Reyes,119874
VE,Zambrano,118721
VE,Vasquez,118377
VE,Leon,116242
VE,Delgado,116089
VE,Velasquez,109926
VE,Rondon,109772
VE,Marcano,104806
VE,Castro,101019
VE,Molina,99717
VE,Acosta,99092
VE,Tovar,97730
VE,Barrios,97461
VE,Alvarado,96865
VE,Gil,95324
VE,Marin,91454
VE,Mora,84296
VE,Colmenares,83424
VE,Escalona,82783
VE,Brito,82421
VE,Lugo,80974
VE,Rangel,80216
VE,Muñoz,79794
VE,Torrealba,78945
VE,Pacheco,77586
VE,Guerrero,77428
VE,Guzman,77407
VE,Duran,76202
VE,Urdaneta,76169
VE,Montilla,75956
VE,Ortiz,75848
VE,Chirinos,75790
VE,Nuñez,74834
VE,Guevara,73952
VE,Ortega,73680
VE,Chacon,73362
VE,Soto,73009
VE,Espinoza,72073
VE,Guerra,71578
VE,Bolivar,71259
VE,Salas,70732
VE,Colina,70212
VE,Campos,69923
VE,Cedeño,65945
VE,Figueroa,64096
VE,Leal,63607
VE,Arias,61924
VE,Camacho,61298
VE,Aguilar,60928
VE,Pinto,60568
VE,Morillo,60503
VE,Cordero,59667
VE,Bravo,58772
VE,Araujo,58160
VE,Linares,58143
VE,Rincon,57439
VE,Pereira,57287
VE,Navarro,57192
VE,Pineda,56961
TG,Lawson,157155
TG,Koffi,156562
TG,Mensah,131654
TG,Johnson,91328
TG,Folly,53373
TG,Abalo,49815
TG,Akakpo,45150
TG,Lare,43292
TG,Wilson,43292
TG,Amouzou,40110
TG,Yao,39733
TG,Kombate,38850
TG,Ali,36175
TG,Lamboni,36015
TG,Anani,33803
TG,Agbo,32617
TG,Togbui,32550
TG,Kolani,30450
TG,Kondo,27873
TG,Kouassi,26094
TG,Douti,25410
TG,Williams,23128
TG,Boukari,22535
TG,Kao,21942
TG,Ouro,21942
TG,Edoh,21840
TG,Sam,20163
TG,Adam,20163
TG,Foster,20163
TG,Kalu,19570
TG,Smith,19570
TG,Gaba,19570
TG,Mark,18384
TG,Kossi,18375
TG,Kodjo,18060
TG,David,17791
TG,Anthony,17791
TG,Traore,17198
TG,Alassani,17115
TG,Toure,16605
TG,Agba,16605
TG,John,16012
TG,Bello,15419
TG,Ong,15419
TG,Issa,15419
TG,Sossou,14805
TG,Eklou,14595
TG,Tagba,14280
TG,Amadou,14233
TG,Baba,14233
TG,Sama,13640
TG,Kola,13640
TG,Ouedraogo,13640
TG,Benson,13640
TG,Tchalla,13335
TG,Messan,13230
TG,Ahmed,13047
TG,Salami,13047
TG,Bruce,13047
TG,Diallo,13047
TG,Joseph,13047
TG,Yaya,13047
TG,Dovi,13047
TG,Kokou,12495
TG,William,12454
TG,Adams,12454
TG,Jones,12454
TG,Adom,12454
TG,Tchalim,12285
TG,Dossou,12075
TG,Awesso,11970
TG,Sani,11861
TG,George,11861
TG,Lassey,11861
TG,Esso,11861
TG,Freitas,11861
TG,Moussa,11861
TG,Fofana,11861
TG,Sambiani,11760
TG,Degbe,11655
TG,Rodrigue,11268
TG,Lawani,11268
TG,Alfa,11130
TG,Assogba,11130
TG,D'Almeida,10815
TG,Djobo,10710
TG,Ibrahim,10675
TG,Foli,10675
TG,Kone,10675
TG,Emmanuel,10675
TG,Mohamed,10675
TG,Barr,10675
TG,Barry,10675
TG,Kpatcha,10290
TG,Attiogbe,10185
TG,Dadzie,10082
TG,Godwin,10082
TG,Robert,10082
TG,Coulibaly,10082
TG,Abbey,10082
SO,Ali,979980
SO,Abdi,902485
SO,Mohamed,829108
SO,Ahmed,602997
SO,Hassan,599566
SO,Aden,406491
SO,Abdullahi,296009
SO,Ibrahim,272481
SO,Farah,267040
SO,Omar,250424
SO,Osman,237189
SO,Hussein,219886
SO,Noor,183958
SO,Dahir,144892
SO,Mahamed,143519
SO,Mohamud,126217
SO,Yusuf,114061
SO,Yussuf,113423
SO,Adan,106463
SO,Jama,105777
SO,Muse,102836
SO,Ismail,90582
SO,Bare,81955
SO,Haji,80828
SO,Abdulahi,75534
SO,Sheikh,73573
SO,Abdirahman,67691
SO,Warsame,67642
SO,Bashir,62152
SO,Daud,60584
SO,Maxamed,60288
SO,Mohmed,55584
SO,Jamac,54456
SO,Hussien,53330
SO,Khalif,51614
SO,Cali,50389
SO,Muhumed,48672
SO,Gedi,48623
SO,Issack,48133
SO,Salah,46369
SO,Said,45977
SO,Hasan,45585
SO,Abdikadir,43770
SO,Sahal,42791
SO,Mahamud,40978
SO,Salat,39311
SO,Siyad,39163
SO,Abukar,37350
SO,Salad,36909
SO,Nuur,35977
SO,Abdulle,34262
SO,Elmi,31959
SO,Mahad,31713
SO,Isse,31223
SO,Mursal,29507
SO,Ahmad,29410
SO,Cabdi,28576
SO,Nur,28233
SO,Hussen,27743
SO,Sharif,27694
SO,Hirsi,27253
SO,Mahat,26566
SO,Rage,26469
SO,Gure,26468
SO,Muktar,25439
SO,Abshir,25390
SO,Shire,25096
SO,Bile,24802
SO,Mohamad,24508
SO,Axmed,24115
SO,Hashi,23724
SO,Adow,23723
SO,Adem,22106
SO,Rashid,21959
SO,Nor,21714
SO,Xasan,20537
SO,Macalin,20194
SO,Cumar,19851
SO,Yare,19753
SO,Yasin,19067
SO,Yarow,19018
SO,Shukri,18822
SO,Husein,18724
SO,Bishar,18675
SO,Mohamoud,17842
SO,Amin,17499
SO,Mumin,17450
SO,Yuusuf,17400
SO,Liban,16420
SO,Wali,16420
SO,Hared,16371
SO,Maalim,16126
SO,Sheik,15979
SO,Barre,15783
SO,Abdille,15734
SO,Garane,15587
SO,Diriye,15587
SO,Mowlid,15293
SO,Guled,15244
SO,Mohammed,14754
PA,Rodriguez,147381
PA,Gonzalez,147164
PA,Sanchez,69736
PA,Martinez,66071
PA,Castillo,64486
PA,Perez,58263
PA,Abrego,42126
PA,Hernandez,40769
PA,Garcia,37995
PA,Morales,36555
PA,Jimenez,34310
PA,Moreno,33230
PA,Quintero,31564
PA,Ortega,31172
PA,Lopez,30859
PA,Diaz,29487
PA,Guerra,28934
PA,Miranda,27255
PA,Mendoza,27234
PA,Gomez,26176
PA,Herrera,25433
PA,Cedeño,25158
PA,Batista,23897
PA,Santos,23826
PA,Caballero,23678
PA,Vasquez,23357
PA,Rivera,22944
PA,Valdes,22220
PA,Vega,22031
PA,De Leon,21503
PA,Rios,20852
PA,Nuñez,19946
PA,Flores,19829
PA,Ramos,19820
PA,Aguilar,19405
PA,Muñoz,18994
PA,Villarreal,18426
PA,Espinosa,18384
PA,Dominguez,18324
PA,Pineda,18113
PA,Torres,18099
PA,De Gracia,17573
PA,Ruiz,17482
PA,Gutierrez,16834
PA,Palacio,16770
PA,Vargas,16240
PA,Vergara,15664
PA,Reyes,15550
PA,Montenegro,15020
PA,Delgado,14349
PA,Barria,14307
PA,Montezuma,14182
PA,Navarro,13863
PA,Moran,13727
PA,Ortiz,13726
PA,Arauz,13696
PA,Serrano,13562
PA,Bonilla,13414
PA,Atencio,13282
PA,Acosta,12689
PA,Cruz,12614
PA,Santo,12409
PA,Fernandez,12334
PA,Pinto,12093
PA,Solis,11604
PA,Concepcion,11448
PA,Santamaria,11444
PA,Pimentel,11058
PA,Castro,10965
PA,Jaen,10856
PA,Alvarado,10675
PA,Medina,10637
PA,Pinzon,10582
PA,Guevara,10491
PA,Samaniego,10429
PA,Avila,10353
PA,Murillo,9866
PA,Cordoba,9797
PA,Barrios,9671
PA,Smith,9602
PA,Camarena,9414
PA,Samudio,9303
PA,Marin,9256
PA,Chavez,9057
PA,Bernal,9028
PA,Saldaña,8921
PA,Salazar,8874
PA,Soto,8845
PA,Sanjur,8697
PA,Rojas,8675
PA,Mojica,8645
PA,Romero,8603
PA,Aparicio,8545
PA,Jaramillo,8411
PA,Gallardo,8320
PA,Pitti,8171
PA,Campos,8100
PA,Bejerano,8076
PA,Urriola,8036
PA,Madrid,7997
BO,Mamani,331923
BO,Flores,224761
BO,Quispe,210093
BO,Choque,139173
BO,Vargas,138458
BO,Condori,126205
BO,Rodriguez,121503
BO,Rojas,111606
BO,Gutierrez,110616
BO,Lopez,102486
BO,Fernandez,93816
BO,Gonzales,80685
BO,Garcia,77131
BO,Cruz,75450
BO,Perez,72529
BO,Mendoza,66470
BO,Sanchez,62592
BO,Martinez,61353
BO,Chavez,61261
BO,Ramos,61214
BO,Apaza,58999
BO,Huanca,58278
BO,Vaca,57745
BO,Torrez,54139
BO,Guzman,53189
BO,Suarez,51265
BO,Aguilar,50970
BO,Justiniano,50909
BO,Romero,48723
BO,Colque,48436
BO,Cuellar,48329
BO,Ramirez,46465
BO,Vasquez,46443
BO,Soliz,45012
BO,Miranda,44542
BO,Villca,43593
BO,Morales,43515
BO,Alvarez,43015
BO,Ortiz,42222
BO,Espinoza,41293
BO,Ticona,39850
BO,Villarroel,39427
BO,Chambi,38812
BO,Castro,38417
BO,Calle,37661
BO,Duran,37169
BO,Mendez,36952
BO,Jimenez,36854
BO,Nina,36369
BO,Gomez,35607
BO,Rocha,35294
BO,Salazar,35214
BO,Cespedes,34863
BO,Hurtado,34295
BO,Torrico,34036
BO,Herrera,33917
BO,Camacho,33692
BO,Rios,32179
BO,Velasquez,31569
BO,Rivero,31174
BO,Mercado,31025
BO,Roca,30961
BO,Rivera,30383
BO,Poma,29548
BO,Limachi,29000
BO,Salvatierra,28949
BO,Ruiz,28748
BO,Escobar,28134
BO,Arias,27933
BO,Zambrana,27899
BO,Saavedra,27459
BO,Tapia,27388
BO,Orellana,27370
BO,Pinto,27348
BO,Paz,26006
BO,Padilla,25855
BO,Molina,25838
BO,Quisbert,25501
BO,Montaño,25079
BO,Ortega,24545
BO,Velasco,24431
BO,Laura,24339
BO,Ayala,23915
BO,Cabrera,23854
BO,Zurita,23710
BO,Callisaya,22960
BO,Zarate,22863
BO,Cortez,22459
BO,Medina,22069
BO,Leon,21905
BO,Terrazas,21798
BO,Quiroga,21716
BO,Calderon,21546
BO,Yucra,21438
BO,Claros,21192
BO,Montero,21122
BO,Aguilera,20937
BO,Zeballos,20878
BO,Mejia,20798
BO,Paredes,20688
ZW,Moyo,396530
ZW,Ncube,308011
ZW,Sibanda,281495
ZW,Dube,255802
ZW,Ndlovu,246617
ZW,Mpofu,119235
ZW,Sithole,91742
ZW,Ngwenya,91096
ZW,Phiri,73411
ZW,Tshuma,63818
ZW,Nyoni,58992
ZW,Nkomo,57570
ZW,Nyathi,56343
ZW,Ndhlovu,51966
ZW,Mhlanga,46310
ZW,Khumalo,37466
ZW,Zhou,37247
ZW,Banda,34613
ZW,Shumba,33835
ZW,Gumbo,32902
ZW,Ndebele,31467
ZW,Muleya,28722
ZW,Hove,28657
ZW,Shoko,28307
ZW,Maphosa,27218
ZW,Tembo,26451
ZW,Mapfumo,26333
ZW,Siziba,25844
ZW,Ndou,23596
ZW,Mlambo,21992
ZW,Dhliwayo,21580
ZW,Simango,20065
ZW,Maposa,19154
ZW,Masuku,18812
ZW,Bhebhe,18208
ZW,Marufu,16601
ZW,Mudenda,16567
ZW,Makoni,16461
ZW,Mlilo,16316
ZW,Zulu,16287
ZW,Muyambo,15329
ZW,Nyandoro,15099
ZW,Mathe,15071
ZW,Chuma,14788
ZW,Takawira,14417
ZW,Chauke,14066
ZW,Zuze,13911
ZW,Mpala,13853
ZW,Muchenje,13500
ZW,Sigauke,13371
ZW,Munemo,13295
ZW,Lunga,13260
ZW,Nkala,13124
ZW,Mudzingwa,12920
ZW,Taruvinga,12871
ZW,Mutasa,12687
ZW,Mahachi,12594
ZW,Katsande,12428
ZW,Ndoro,12410
ZW,Mbedzi,12376
ZW,Chari,12234
ZW,Muza,12114
ZW,Munsaka,12003
ZW,Mapuranga,11869
ZW,Mutero,11850
ZW,Maseko,11642
ZW,Nyika,11616
ZW,Muchemwa,11577
ZW,Ngulube,11409
ZW,Mubaiwa,11004
ZW,Mudimba,10604
ZW,Sande,10455
ZW,Gondo,10443
ZW,Chiwara,10392
ZW,Munetsi,10369
ZW,Mushonga,10316
ZW,Munkuli,10247
ZW,Kaseke,10230
ZW,Chifamba,10050
ZW,Mumpande,9983
ZW,Mabhena,9954
ZW,Nyamadzawo,9752
ZW,Mangena,9641
ZW,Makaza,9590
ZW,Mlalazi,9489
ZW,Shava,9413
ZW,Masango,9344
ZW,Tigere,9335
ZW,Manyika,9276
ZW,Gatsi,9194
ZW,Shereni,9187
ZW,Makumbe,8984
ZW,Dlamini,8912
ZW,Shonhiwa,8910
ZW,Muzamba,8867
ZW,Mandaza,8826
ZW,Magaya,8814
ZW,Mangwiro,8811
ZW,Gwenzi,8786
ZW,Mahlangu,8770
PR,Sanchez,128384
PR,Rivera,114777
PR,Diaz,107640
PR,Rodriguez,102137
PR,Narvaez,70764
PR,Burgos,68522
PR,Colon,64692
PR,Vazquez,62659
PR,Ramos,60232
PR,Ortiz,60231
PR,Morales,56574
PR,Betancourt,53974
PR,Cruz,52117
PR,Santiago,51371
PR,Reyes,48780
PR,Perez,48461
PR,Agosto,47860
PR,Carrasquillo,47847
PR,Garcia,45599
PR,Ortega,45420
PR,Torres,44349
PR,Canales,44253
PR,Vega,44144
PR,Ayala,41165
PR,Gonzalez,40474
PR,Menendez,37881
PR,Martinez,35396
PR,Lopez,34210
PR,Hernandez,34156
PR,Rosa,34061
PR,Merced,33855
PR,Pagan,33598
PR,Valentin,32870
PR,Delgado,32783
PR,Velez,32249
PR,Quiñones,29387
PR,Malave,27512
PR,Rosado,26452
PR,Ogando,24658
PR,Pastrana,23911
PR,Sierra,23623
PR,Acevedo,23386
PR,Sanabria,22693
PR,Soler,21291
PR,Velazquez,20997
PR,Caballero,20418
PR,Panet,20264
PR,Ruiz,19523
PR,Marrero,19216
PR,Bordelies,19097
PR,Potter,19068
PR,Nieves,18810
PR,Soto,18047
PR,Miranda,16212
PR,Arroyo,15352
PR,Roman,14472
PR,Ramirez,14410
PR,Melendez,14099
PR,Cintron,13864
PR,Lugo,13762
PR,Robles,13255
PR,Mojica,13115
PR,Santos,13038
PR,Avila,12984
PR,Jimenez,12666
PR,Figueroa,12635
PR,Solis,12499
PR,Berrios,12193
PR,Negron,12146
PR,Aponte,12073
PR,Vargas,11815
PR,Serrano,10878
PR,Bruno,10407
PR,Medina,10352
PR,Guzman,10332
PR,Ferrer,10209
PR,Muñiz,10202
PR,Abreu,9992
PR,Montes,9793
PR,Castillo,9592
PR,Mercado,9332
PR,Maldonado,9111
PR,De Jesus,9008
PR,Espinosa,8787
PR,Montañez,8560
PR,Bibiloni,8491
PR,Lebron,7839
PR,Matos,7785
PR,Echevarria,7767
PR,Del Valle,7658
PR,Mendez,7323
PR,Baez,7317
PR,Quinones,7274
PR,Gutierrez,6782
PR,Mendin,6769
PR,Ocasio,6728
PR,Alicea,6633
PR,Collazo,6343
PR,Bobe,6318
PR,Fontanez,6221
UY,Rodriguez,106332
UY,Gonzalez,74810
UY,Martinez,53866
UY,Fernandez,46138
UY,Perez,43000
UY,Garcia,40407
UY,Silva,34666
UY,Lopez,31796
UY,Pereira,27182
UY,Sosa,25902
UY,Diaz,25881
UY,Olivera,24035
UY,Hernandez,23866
UY,Cabrera,22502
UY,Gomez,22116
UY,Alvarez,21108
UY,Suarez,20842
UY,Ferreira,20654
UY,Acosta,19076
UY,Correa,16569
UY,Machado,15384
UY,Sanchez,15167
UY,Castro,15107
UY,Mendez,13907
UY,Moreira,13687
UY,Cardozo,12823
UY,Rivero,12786
UY,Morales,12306
UY,Pereyra,12127
UY,Nuez,11974
UY,Silvera,11570
UY,Silveira,11477
UY,Viera,11377
UY,De los Santos,11201
UY,De Leon,11039
UY,Romero,10574
UY,Gutierrez,10555
UY,Pintos,10341
UY,Ramos,10198
UY,Torres,9594
UY,Delgado,9419
UY,Duarte,8816
UY,Ramirez,8553
UY,Vazquez,8535
UY,Medina,8316
UY,Alvez,8179
UY,Da Silva,8156
UY,Techera,7819
UY,Benitez,7300
UY,Perdomo,7168
UY,Larrosa,6971
UY,Costa,6953
UY,Marquez,6899
UY,Piriz,6861
UY,Curbelo,6812
UY,Barboza,6666
UY,Varela,6587
UY,Santos,6542
UY,Reyes,6482
UY,Gimenez,6394
UY,Rocha,6285
UY,Alonso,6244
UY,Barrios,6156
UY,Araujo,5995
UY,Blanco,5945
UY,Ruiz,5873
UY,Lima,5740
UY,Dominguez,5595
UY,Barreto,5572
UY,Bentancor,5563
UY,Dos Santos,5490
UY,Caceres,5283
UY,Vidal,5126
UY,Flores,5029
UY,Moreno,4963
UY,Fagundez,4915
UY,Ortiz,4852
UY,Castillo,4844
UY,Velazquez,4756
UY,Soria,4591
UY,Molina,4492
UY,Borges,4471
UY,Umpierrez,4425
UY,Franco,4312
UY,Caballero,4300
UY,Santana,4207
UY,Lemos,4200
UY,Bonilla,4110
UY,Britos,4044
UY,Tejera,4031
UY,Rios,3989
UY,Da Rosa,3976
UY,Antunez,3799
UY,Montero,3775
UY,Vera,3713
UY,Caraballo,3666
UY,Fleitas,3660
UY,Carballo,3620
UY,Aguirre,3602
UY,Guerra,3577
OM,Gawas,79115
OM,Al Balushi,59592
OM,Kumar,54341
OM,Araba,40590
OM,Khan,35414
OM,Balochia,33234
OM,Thani,33174
OM,Ali,28299
OM,Farsi,26117
OM,Nair,22277
OM,Ahmed,22023
OM,Singh,17417
OM,El Amery,17305
OM,Mathew,15446
OM,Hussain,14430
OM,Amerieh,14209
OM,Saadia,13232
OM,Salim,13040
OM,Alawi,12144
OM,Varghese,11589
OM,Albalushi,10409
OM,Hashemi,10263
OM,Saeed,9895
OM,Pillai,9681
OM,Saeedi,9426
OM,Babu,9327
OM,Abdul Latif,9028
OM,Menon,8934
OM,Shaikh,8898
OM,Raj,8807
OM,Sharma,8294
OM,Shah,8151
OM,Mohamed,7746
OM,Krishnan,7741
OM,Badia,7734
OM,Al Hinai,7652
OM,Al-Zadjali,7335
OM,Al Jaafari,7226
OM,Al Arimiyah,7081
OM,Shetty,6894
OM,Harthy,6489
OM,Rajan,6484
OM,Sajwani,6469
OM,Patel,6373
OM,Al Mukhini,6260
OM,Al-Balushi,6255
OM,Das,6204
OM,Cotton,6065
OM,Mohan,6063
OM,Malik,5942
OM,Al Kaabi,5824
OM,Rao,5754
OM,Al Lawati,5720
OM,Alam,5708
OM,Al Jabri,5591
OM,Al Busaidi,5569
OM,Al-Mukhneia,5512
OM,Al Harthy,5492
OM,Aljafaria,5490
OM,Omar,5434
OM,Balushi,5320
OM,Sultan,5304
OM,Ahmad,5286
OM,Abbas,5107
OM,Sirai,5008
OM,Dsouza,4901
OM,Hendasy,4775
OM,Narayanan,4755
OM,Hassan,4741
OM,Rashid,4712
OM,Habsi,4691
OM,Rana,4655
OM,Al-Zadjalieh,4503
OM,Said,4454
OM,Al Wahibi,4453
OM,Prasad,4425
OM,Al Sananieh,4416
OM,Iqbal,4372
OM,Baqir,4370
OM,Ansari,4366
OM,Chandran,4349
OM,Al Ghilani,4332
OM,Gupta,4276
OM,Fadel,4255
OM,Mahmood,4187
OM,Alabri,4175
OM,Rahman,4001
OM,Al Rawahi,3985
OM,Al Sayabi,3937
OM,Albusaidi,3900
OM,Al-Lawati,3888
OM,Nambiar,3863
OM,Shaik,3845
OM,Mehta,3830
OM,Alzadjali,3807
OM,Joshi,3765
OM,Paul,3717
OM,Abdullah,3700
OM,Alamri,3697
OM,Naciri,3677
UG,Akello,316235
UG,Okello,254768
UG,Mbabazi,144400
UG,Apio,138733
UG,Asiimwe,138209
UG,Auma,127425
UG,Nabirye,120270
UG,Biira,110697
UG,Opio,107919
UG,Tumusiime,106745
UG,Birungi,104190
UG,Muhindo,102531
UG,Babirye,100085
UG,Byaruhanga,91170
UG,Natukunda,87978
UG,Odongo,85989
UG,Kabugho,83506
UG,Kiiza,82724
UG,Adong,81792
UG,Nabwire,81698
UG,Atim,81500
UG,Mugisha,76956
UG,Bwambale,73215
UG,Kato,72672
UG,Ojok,72492
UG,Nangobi,71256
UG,Naigaga,70729
UG,Adongo,70396
UG,Byamukama,69670
UG,Nalubega,69260
UG,Masika,68174
UG,Katushabe,68016
UG,Namatovu,67730
UG,Acen,67315
UG,Ajok,66939
UG,Namutebi,63150
UG,Otim,59978
UG,Matovu,59547
UG,Ogwang,59338
UG,Mbambu,57745
UG,Musinguzi,57147
UG,Lubega,55899
UG,Nakato,55737
UG,Nansubuga,55732
UG,Nsubuga,55208
UG,Bako,54972
UG,Kyomugisha,54464
UG,Ninsiima,54316
UG,Mutesi,54132
UG,Akullu,53354
UG,Katusabe,53094
UG,Katusiime,52417
UG,Akumu,52021
UG,Mukasa,51607
UG,Tumwebaze,51427
UG,Waiswa,50143
UG,Ahimbisibwe,49808
UG,Ocen,49205
UG,Arinaitwe,48964
UG,Agaba,47016
UG,Okot,46795
UG,Kansiime,46746
UG,Tusiime,46478
UG,Namubiru,45861
UG,Kobusingye,45697
UG,Baguma,45155
UG,Tumuhimbise,44777
UG,Candiru,44554
UG,Masereka,44459
UG,Awor,44268
UG,Namaganda,44230
UG,Nakate,44104
UG,Mugisa,44046
UG,Nabukenya,43969
UG,Isabirye,43562
UG,Nakyanzi,43538
UG,Akol,43048
UG,Ogwal,42924
UG,Baluku,42569
UG,Bukenya,42396
UG,Kyomuhendo,42305
UG,Omara,42273
UG,Tumwesigye,42196
UG,Muhumuza,41819
UG,Atuhaire,41424
UG,Mubiru,40925
UG,Nantongo,40728
UG,Okumu,40490
UG,Asio,40360
UG,Nyangoma,40001
UG,Nekesa,39844
UG,Nakanwagi,39587
UG,Sunday,39404
UG,Wandera,39271
UG,Chebet,39070
UG,Nambuya,38739
UG,Namulondo,38695
UG,Anyango,38418
UG,Tugume,38144
UG,Aciro,38055
GN,Diallo,1837318
GN,Camara,834473
GN,Bah,718154
GN,Barry,709157
GN,Sylla,422217
GN,Keita,373376
GN,Balde,343493
GN,Conde,305256
GN,Sow,278907
GN,Kaba,265733
GN,Bangoura,260592
GN,Toure,239063
GN,Soumah,237778
GN,Traore,199541
GN,Kourouma,195042
GN,Fofana,160661
GN,Cisse,154877
GN,Doumbouya,132706
GN,Kamano,115176
GN,Haba,102823
GN,Diakite,89327
GN,Loua,86254
GN,Sidibe,84186
GN,Tolno,82609
GN,Lamah,81953
GN,Diaby,76153
GN,Guilavogui,74607
GN,Keïta,74284
GN,Mara,66835
GN,Kolie,65940
GN,Kante,64264
GN,Millimouno,58193
GN,Diawara,57517
GN,Konate,56553
GN,Oulare,56530
GN,Cherif,54625
GN,Sacko,52697
GN,Souare,52375
GN,Sangare,49484
GN,Mansare,48529
GN,Kouyate,48198
GN,Koivogui,44345
GN,Diane,44342
GN,Berete,44342
GN,Sanoh,42470
GN,Koulibaly,41772
GN,Beavogui,40379
GN,Kpoghomou,40174
GN,Conte,39201
GN,Leno,38880
GN,Tounkara,38559
GN,Drame,33739
GN,Magassouba,33096
GN,Dore,32775
GN,Sagno,32480
GN,Savane,30204
GN,Thea,28596
GN,Thiam,26348
GN,Bamba,25706
GN,Bilivogui,25507
GN,Delamou,25493
GN,Ouendeno,25285
GN,Ly,25063
GN,Sall,23456
GN,Soumaoro,23135
GN,Samoura,22493
GN,Zoumanigui,21336
GN,Goumou,20806
GN,Kalivogui,20136
GN,Koundouno,19784
GN,Mamy,19718
GN,Dabo,19279
GN,Cissoko,18637
GN,Tonguino,18637
GN,Millimono,18290
GN,Diabate,17994
GN,Sy,17994
GN,Kone,17994
GN,Dioubate,17966
GN,Doukoure,17351
GN,Balamou,17071
GN,Yansane,16648
GN,Nabe,16302
GN,Dopavogui,16206
GN,Soropogui,16082
GN,Abien,16021
GN,Onivogui,15866
GN,Monemou,15659
GN,Bayo,15102
GN,Yattara,14988
GN,Sandouno,13873
GN,Dieng,13817
GN,Koïvogui,13568
GN,Diop,13496
GN,Fadiga,13496
GN,Gbamou,13116
GN,Tenguiano,12900
GN,Haidara,12853
GN,Youla,12826
GN,Maomou,12599
RW,Uwimana,128061
RW,Ingabire,116278
RW,Habimana,110697
RW,Jean,98604
RW,Hakizimana,97363
RW,Nsengiyumva,92092
RW,Mugisha,89611
RW,Uwamahoro,88371
RW,Nshimiyimana,87441
RW,Bizimana,84650
RW,Nkurunziza,82170
RW,Rukundo,73488
RW,Mugabo,71317
RW,Kalisa,70077
RW,Uwera,66046
RW,Nsabimana,64495
RW,Muhire,62635
RW,Umutoni,61395
RW,Kwizera,59844
RW,Ndagijimana,56123
RW,Mbabazi,55813
RW,Karangwa,55503
RW,Kayitesi,52403
RW,Munyaneza,52092
RW,Kamanzi,50232
RW,Tuyisenge,49922
RW,Sibomana,48992
RW,Umuhoza,47131
RW,Uwineza,47131
RW,Ishimwe,46821
RW,Gasana,46821
RW,Uwase,46511
RW,Hategekimana,46511
RW,Niyonzima,45581
RW,Mutabazi,44651
RW,Emmanuel,44341
RW,Niyitegeka,44031
RW,Nizeyimana,44031
RW,Tuyishime,44031
RW,Nkusi,42480
RW,Nsengimana,40310
RW,Ndayambaje,39379
RW,Manzi,39069
RW,Augustin,38759
RW,Umutesi,38139
RW,Uwizeye,38139
RW,Ntakirutimana,37829
RW,Twahirwa,37519
RW,Umulisa,36899
RW,Rutayisire,35038
RW,Musabyimana,34418
RW,Mutesi,34418
RW,Niyibizi,34108
RW,Dusabe,33798
RW,Mukeshimana,33798
RW,Kabera,32868
RW,Uwizeyimana,32558
RW,Habineza,32248
RW,Celestin,32248
RW,Niyonsaba,31938
RW,Murekatete,31318
RW,Niyigena,30697
RW,Murenzi,30697
RW,Ndayisaba,30697
RW,Nzeyimana,30387
RW,Ndayishimiye,30387
RW,Shyaka,30387
RW,Butera,29767
RW,Kayiranga,29767
RW,Ngarambe,29147
RW,Ngabo,28837
RW,Habyarimana,28837
RW,Muvunyi,28837
RW,Gatera,28217
RW,Uwitonze,28217
RW,Munezero,28217
RW,Kubwimana,27907
RW,Dieudonne,27907
RW,Byiringiro,27597
RW,Ngabonziza,27287
RW,Gatete,26976
RW,Muhoza,26666
RW,Mushimiyimana,26356
RW,Mugabe,26356
RW,Musoni,26356
RW,Harerimana,26046
RW,Janvier,26046
RW,Bosco,25426
RW,Havugimana,25426
RW,Mahoro,24806
RW,Muhirwa,24496
RW,Uwimbabazi,24186
RW,Twagirayezu,24186
RW,Niyonsenga,23876
RW,Umugwaneza,23876
RW,Mutoni,23566
RW,Hitimana,23566
RW,Mugiraneza,23566
RW,Uwamariya,23256
RW,Rurangwa,23256
NE,Abdou,666052
NE,Moussa,646624
NE,Ibrahim,411449
NE,Oumarou,383554
NE,Adamou,376702
NE,Amadou,361107
NE,Issa,302395
NE,Harouna,274690
NE,Maman,258564
NE,Ali,255680
NE,Mahamadou,239399
NE,Garba,233510
NE,Souley,219855
NE,Issoufou,209800
NE,Idi,198631
NE,Hassane,193955
NE,Djibo,189713
NE,Boubacar,163738
NE,Aboubacar,159361
NE,Hamadou,159007
NE,Sani,157075
NE,Issaka,152996
NE,Saidou,151520
NE,Saley,142627
NE,Chaibou,135314
NE,Mamane,130974
NE,Yacouba,127446
NE,Abdoulaye,118472
NE,Soumana,113732
NE,Hamidou,112081
NE,Ousmane,110895
NE,Habou,110208
NE,Yahaya,108252
NE,Ado,102650
NE,Moumouni,101953
NE,Idrissa,94722
NE,Boukari,88420
NE,Hama,86929
NE,Seyni,85034
NE,Mahaman,84973
NE,Salifou,82193
NE,Hassan,82178
NE,Ousman,79250
NE,Ousseini,78096
NE,Laouali,76592
NE,Daouda,74811
NE,Mamoudou,73041
NE,Seydou,70662
NE,Assoumane,70054
NE,Hamani,68632
NE,Mahamane,66036
NE,Mounkaila,65442
NE,Abdoulahi,65294
NE,Zakari,64426
NE,Mohamed,63939
NE,Halidou,62595
NE,Harou,61379
NE,Lawali,60909
NE,Ide,60900
NE,Nouhou,58713
NE,Salissou,58484
NE,Boureima,58114
NE,Alassan,53679
NE,Abou,53352
NE,Inoussa,53343
NE,Tahirou,52316
NE,Yaou,52190
NE,Souleymane,50850
NE,Ada,49271
NE,Illa,47510
NE,Mani,46754
NE,Boube,45165
NE,Alassane,44088
NE,Ibrahima,43617
NE,Maazou,43282
NE,Adam,42677
NE,Mamadou,42188
NE,Magagi,40794
NE,Hamza,40167
NE,Alio,38194
NE,Sale,37751
NE,Alhassane,37639
NE,Yaye,37639
NE,Hachimou,37229
NE,Mato,36590
NE,Ayouba,36113
NE,Rabiou,35649
NE,Moutari,35370
NE,Illiassou,34923
NE,Sanda,34555
NE,Gado,34526
NE,Karimou,34111
NE,Tanko,33803
NE,Samaila,33187
NE,Halilou,33097
NE,Marou,32077
NE,Saadou,32069
NE,Hima,31609
NE,Ibrah,31570
NE,Kimba,31472
MR,Ba,113090
MR,M'Bareck,98990
MR,Sow,89237
MR,Mahmoud,83944
MR,Diallo,83187
MR,Ahmed,71279
MR,Mohamed,61944
MR,Salem,50516
MR,Sy,48341
MR,Dia,41699
MR,Sidi,41134
MR,Bilal,41023
MR,Brahim,40521
MR,Ely,36142
MR,Diop,31559
MR,Camara,31369
MR,N'Diaye,31278
MR,Messoud,30314
MR,Vall,28696
MR,Amar,28148
MR,El Abd,25995
MR,Samba,25489
MR,Saleck,25077
MR,Abdellahi,25037
MR,Cheikh,24458
MR,Sall,23709
MR,Abeid,22070
MR,Blal,19985
MR,M'Beirick,19547
MR,Taleb,18697
MR,El Moctar,17759
MR,Bâ,16414
MR,Maouloud,16292
MR,Moussa,15219
MR,Oumar,14899
MR,Kane,14867
MR,Lemine,14601
MR,Traoré,14419
MR,Coulibaly,13838
MR,Thiam,13588
MR,Fall,13168
MR,Sarr,13087
MR,Baba,12709
MR,Gueye,12197
MR,Ly,11817
MR,Soumaré,11679
MR,Elemine,11447
MR,Abdallahi,11060
MR,Niang,11007
MR,Aly,10879
MR,Belkheir,10854
MR,Barry,10268
MR,Demba,10034
MR,El Mokhtar,9788
MR,Bah,9740
MR,M'Haimid,9506
MR,Soueilem,9282
MR,Diarra,9240
MR,Maham,9182
MR,M'Barek,9167
MR,Saleh,9111
MR,Sid'Ahmed,8940
MR,Ethmane,8929
MR,Abderrahmane,8910
MR,Ahmedou,8675
MR,Maatalla,8658
MR,Boubacar,8645
MR,Said,8261
MR,Gaye,8244
MR,Abdi,8131
MR,Hamady,8077
MR,Jiddou,7746
MR,Diaw,7641
MR,El Kory,7331
MR,M'Hamed,7265
MR,El Hadj,7241
MR,Anne,7212
MR,Babe,7190
MR,Cissé,7096
MR,M'Boirick,7010
MR,El Bechir,6943
MR,Matalla,6917
MR,Dieng,6800
MR,M'Bodj,6757
MR,Hemed,6660
MR,Beilil,6532
MR,Labeid,6487
MR,Lehbib,6473
MR,Mohamedou,6365
MR,Mbareck,6351
MR,Abd,6278
MR,Barka,5810
MR,Touré,5757
MR,Soueidi,5740
MR,Ramdhane,5712
MR,Sabar,5683
MR,Zeidane,5673
MR,Magha,5567
MR,Deh,5450
MR,El Id,5420
SN,Ndiaye,918869
SN,Diop,723678
SN,Ba,676137
SN,Diallo,668184
SN,Sow,561401
SN,Diouf,455149
SN,Gueye,448782
SN,Fall,422278
SN,Faye,376480
SN,Sarr,291280
SN,Cisse,274254
SN,Seck,256895
SN,Niang,252228
SN,Thiam,240926
SN,Mbaye,240808
SN,Sene,239428
SN,Ka,211276
SN,Dieng,202531
SN,Diagne,185346
SN,Balde,181484
SN,Toure,175978
SN,Dia,175184
SN,Sy,174077
SN,Sall,162372
SN,Ngom,151020
SN,Camara,149062
SN,Ndao,143811
SN,Gaye,133837
SN,Kane,120455
SN,Drame,96560
SN,Diatta,96347
SN,Sane,93903
SN,Lo,93449
SN,Mbengue,93086
SN,Diaw,91915
SN,Dione,85147
SN,Sylla,82558
SN,Samb,81651
SN,Ndour,80962
SN,Mane,74400
SN,Diedhiou,73501
SN,Ndoye,72380
SN,Diao,71278
SN,Badji,66526
SN,Seye,64168
SN,Wade,64126
SN,Ly,59366
SN,Kebe,55359
SN,Dieye,54624
SN,Barry,53211
SN,Mendy,52414
SN,Sagna,51756
SN,Tine,51493
SN,Coly,50919
SN,Keita,48918
SN,Tall,48182
SN,Thiaw,46889
SN,Ndong,46220
SN,Mballo,46146
SN,Diakhate,44905
SN,Gning,44111
SN,Badiane,43111
SN,Deme,42894
SN,Dieme,42521
SN,Kande,42393
SN,Seydi,40973
SN,Traore,40691
SN,Ciss,39194
SN,Sakho,37335
SN,Cissokho,37136
SN,Beye,36062
SN,Coulibaly,35912
SN,Mboup,35340
SN,Sambou,34325
SN,Mbodji,33466
SN,Pouye,32883
SN,Diene,31737
SN,Mbow,31200
SN,Gomis,29989
SN,Leye,29799
SN,Loum,28553
SN,Thioune,28396
SN,Kante,27828
SN,Sadio,27742
SN,Sonko,27529
SN,Niane,26378
SN,Senghor,26362
SN,Dabo,26247
SN,Top,25307
SN,Mbacke,25244
SN,Sidibe,24932
SN,Manga,24803
SN,Ndione,23847
SN,Boye,23495
SN,Diarra,22637
SN,Gassama,21685
SN,Sabaly,21274
SN,Goudiaby,20812
SN,Faty,20326
SN,Soumare,20226
MN,Ganbold,21596
MN,Ganbaatar,20358
MN,Batbayar,17518
MN,Bayarsaikhan,15215
MN,Ganbat,14576
MN,Altangerel,14305
MN,Lkhagvasüren,13815
MN,Baatar,13557
MN,Batsaikhan,13518
MN,Dorj,13247
MN,Jargalsaikhan,13228
MN,Batjargal,13066
MN,Boldbaatar,12279
MN,Battulga,11931
MN,Batmönkh,11879
MN,Sükhbaatar,11705
MN,Batsükh,11627
MN,Ganzorig,11614
MN,Gankhuyag,11589
MN,Pürevdorj,11479
MN,Mönkhbat,11169
MN,Gantulga,10898
MN,Otgonbayar,10872
MN,Erdenebat,10679
MN,Batbold,10485
MN,Bold,10466
MN,Tserendorj,10317
MN,Nergüi,10079
MN,Tömörbaatar,9827
MN,Chuluunbaatar,9537
MN,Enkhbaatar,9517
MN,Gansükh,9511
MN,Pürevsüren,9337
MN,Enkhbayar,8879
MN,Batbaatar,8788
MN,Enkhbold,8433
MN,Purev,8343
MN,Enkhbat,8311
MN,Gantömör,8266
MN,Davaadorj,8175
MN,Davaa,8040
MN,Damdinsüren,8033
MN,Batchuluun,7878
MN,Baasanjav,7827
MN,Myagmar,7743
MN,Enkhtaivan,7659
MN,Davaasüren,7588
MN,Bayaraa,7478
MN,Byambasüren,7362
MN,Banzragch,7285
MN,Nyamdorj,7285
MN,Khürelbaatar,7278
MN,Mönkhbayar,7265
MN,Dorjsüren,7124
MN,Baterdene,6969
MN,Bat-Erdene,6943
MN,Baljinnyam,6685
MN,Badarch,6620
MN,Ochirbat,6523
MN,Byambajav,6517
MN,Byambaa,6459
MN,Otgonbaatar,6433
MN,Nyamsüren,6278
MN,Sambuu,6252
MN,Dashzeveg,6175
MN,Byambadorj,6110
MN,Batsuuri,5981
MN,Lkhagva,5936
MN,Mönkhjargal,5910
MN,Erdenebaatar,5872
MN,Bataa,5859
MN,Dashdorj,5723
MN,Myagmarsüren,5717
MN,Pürevjav,5678
MN,Natsagdorj,5633
MN,Gombo,5588
MN,Altankhuyag,5581
MN,Namsrai,5562
MN,Enkhjargal,5517
MN,Chuluunbat,5459
MN,Erdenebileg,5427
MN,Batkhuyag,5427
MN,Dashnyam,5414
MN,Lkhamsüren,5407
MN,Bayasgalan,5394
MN,Gombosüren,5381
MN,Uuganbayar,5381
MN,Chinbat,5349
MN,Damdin,5297
MN,Erdene,5233
MN,Mönkhbaatar,5078
MN,Batdorj,5020
MN,Lkhagvadorj,4917
MN,Ankhbayar,4897
MN,Jargal,4872
MN,Tsend,4833
MN,Lkhagvajav,4762
MN,Davaajav,4736
MN,Galbadrakh,4730
MN,Sharav,4717
HN,Hernandez,270545
HN,Lopez,245736
HN,Martinez,234466
HN,Rodriguez,206391
HN,Garcia,183562
HN,Mejia,167541
HN,Cruz,132386
HN,Flores,132327
HN,Sanchez,123918
HN,Reyes,122471
HN,Vasquez,114044
HN,Rivera,107595
HN,Perez,101042
HN,Gomez,97767
HN,Pineda,88816
HN,Diaz,88100
HN,Ramos,86745
HN,Aguilar,84614
HN,Ramirez,83832
HN,Alvarado,68042
HN,Castro,65730
HN,Velasquez,65140
HN,Romero,60227
HN,Castillo,57964
HN,Orellana,56269
HN,Mendoza,51295
HN,Nu,50911
HN,Murillo,50572
HN,Avila,49980
HN,Gonzalez,49752
HN,Zelaya,49202
HN,Padilla,48769
HN,Santos,48689
HN,Paz,48143
HN,Gonzales,46007
HN,Gutierrez,45907
HN,Bonilla,45744
HN,Herrera,44056
HN,Medina,44044
HN,Torres,43972
HN,Maldonado,43853
HN,Amaya,42219
HN,Ortiz,40605
HN,Ordo,39299
HN,Mendez,38562
HN,Portillo,38546
HN,Banegas,38042
HN,Amador,37803
HN,Alvarez,37541
HN,Maradiaga,37302
HN,Zuniga,37089
HN,Barahona,36851
HN,Molina,35039
HN,Dominguez,33236
HN,Perdomo,33040
HN,Castellanos,32947
HN,Figueroa,32828
HN,Escobar,32687
HN,Matute,32166
HN,Ponce,31104
HN,Caceres,29629
HN,Fuentes,29567
HN,Canales,29429
HN,Lara,28860
HN,Benitez,28822
HN,Salgado,28471
HN,Funez,28232
HN,Morales,28028
HN,Chavez,27710
HN,Rosales,27685
HN,Varela,27617
HN,Valladares,27606
HN,Meza,26969
HN,Ruiz,26924
HN,Espinal,26381
HN,Acosta,26036
HN,Espinoza,25850
HN,Argueta,25614
HN,Suazo,25464
HN,Madrid,24638
HN,Mu,24365
HN,Guzman,24171
HN,Carcamo,23912
HN,Caballero,23829
HN,Montoya,23600
HN,Andino,23341
HN,Miranda,23204
HN,Lagos,23059
HN,Calix,23005
HN,Guevara,22548
HN,Carranza,22229
HN,Palma,22119
HN,Contreras,21976
HN,Jimenez,21877
HN,Turcios,21836
HN,Fernandez,21793
HN,Moreno,21790
HN,Cabrera,21653
HN,Dubon,21101
HN,Lainez,21096
KG,Ismailova,16838
KG,Ismailov,15503
KG,Akmatova,12618
KG,Abdullaeva,12468
KG,Akmatov,12445
KG,Osmonova,12024
KG,Abdullaev,11945
KG,Sulaymanova,11796
KG,Isakova,11670
KG,Osmonov,11133
KG,Ergeshova,10930
KG,Sulaymanov,10769
KG,Isakov,10768
KG,Ergeshov,10714
KG,Kadyrova,10624
KG,Alieva,10401
KG,Sydykova,10395
KG,Kadyrov,10241
KG,Sultanova,9902
KG,Sydykov,9748
KG,Aliev,9625
KG,Karimova,9320
KG,Asanova,9165
KG,Mamatova,9120
KG,Sultanov,9100
KG,Karimov,9072
KG,Mamatov,8978
KG,Yuldasheva,8881
KG,Asanov,8840
KG,Yuldashev,8397
KG,Musaeva,8192
KG,Abdyldaeva,8026
KG,Kim,7914
KG,Musaev,7730
KG,Zhumabaeva,7637
KG,Abdyldaev,7501
KG,Mamytov,7468
KG,Mamytova,7333
KG,Yusupova,7219
KG,Kasymova,7145
KG,Zhumabaev,7123
KG,Isaeva,7024
KG,Mambetova,6956
KG,Yusupov,6927
KG,Sadykova,6821
KG,Akhmedova,6739
KG,Isaev,6668
KG,Akhmedov,6634
KG,Kasymov,6622
KG,Ibragimova,6380
KG,Sadykov,6337
KG,Mambetov,5995
KG,Abdrakhmanova,5958
KG,Ibragimov,5953
KG,Bakirova,5881
KG,Ibraimova,5710
KG,Kurbanova,5666
KG,Bakirov,5658
KG,Satybaldieva,5442
KG,Abdrakhmanov,5376
KG,Umarova,5336
KG,Kurbanov,5332
KG,Satybaldiev,5305
KG,Umarov,5175
KG,Imanalieva,5167
KG,Karabaeva,5162
KG,Omuralieva,5152
KG,Zholdoshov,5147
KG,Zholdoshova,5146
KG,Ibraimov,5092
KG,Abdykadyrova,5024
KG,Abdykadyrov,5007
KG,Mamazhanova,4990
KG,Abdurakhmanova,4962
KG,Zhoroeva,4946
KG,Nurmatova,4935
KG,Mambetalieva,4913
KG,Tagaeva,4910
KG,Toktosunov,4900
KG,Zhoroev,4896
KG,Osmonalieva,4882
KG,Toktosunova,4852
KG,Zhusupova,4848
KG,Zhusupov,4828
KG,Aydarova,4816
KG,Tagaev,4800
KG,Nurmatov,4781
KG,Aydarov,4774
KG,Mamazhanov,4757
KG,Omurzakova,4709
KG,Abdurakhmanov,4705
KG,Orozalieva,4696
KG,Karabaev,4690
KG,Osmonaliev,4672
KG,Omuraliev,4639
KG,Taalaybek,4614
KG,Tazhibaeva,4598
KG,Omorova,4587
KG,Abdieva,4580
KG,Omurzakov,4538
JM,Brown,68620
JM,Williams,61773
JM,Smith,46522
JM,Campbell,41240
JM,Johnson,38899
JM,Thompson,31910
JM,Clarke,29301
JM,Thomas,27573
JM,Henry,26493
JM,Reid,26189
JM,Gordon,25486
JM,Robinson,22686
JM,Grant,22259
JM,Francis,21062
JM,Edwards,20275
JM,Lewis,19762
JM,Wilson,19560
JM,Davis,19295
JM,Anderson,19199
JM,Wright,18999
JM,Stewart,17474
JM,James,16669
JM,Miller,16564
JM,Walker,16498
JM,Morgan,16180
JM,Taylor,16150
JM,Bailey,16051
JM,Allen,15798
JM,Richards,15776
JM,Powell,15456
JM,Green,14946
JM,Jones,14934
JM,Mckenzie,14106
JM,White,13765
JM,Scott,13021
JM,Jackson,12805
JM,Graham,12708
JM,Gayle,12676
JM,Hall,12577
JM,Watson,12276
JM,Simpson,12070
JM,Bennett,12047
JM,Palmer,11925
JM,Lawrence,11693
JM,Hamilton,11209
JM,Dixon,11183
JM,Samuels,11074
JM,Barrett,10671
JM,Daley,10613
JM,Nelson,10419
JM,Morris,10404
JM,Martin,10346
JM,Blake,9990
JM,Douglas,9978
JM,Bryan,9772
JM,Walters,9398
JM,Mitchell,9309
JM,Mcdonald,9238
JM,Harris,9232
JM,Chambers,9088
JM,Morrison,9077
JM,Foster,8807
JM,Rose,8632
JM,Ellis,8625
JM,Beckford,8484
JM,Spence,8358
JM,Murray,7874
JM,Mclean,7677
JM,Lee,7541
JM,Wallace,7260
JM,Chin,7259
JM,Forbes,7218
JM,Young,7118
JM,Mcfarlane,6969
JM,Rowe,6956
JM,Shaw,6849
JM,Sinclair,6693
JM,Salmon,6665
JM,Russell,6537
JM,Ricketts,6427
JM,Gray,6218
JM,Malcolm,6034
JM,Roberts,5952
JM,Brooks,5949
JM,Dennis,5893
JM,Whyte,5788
JM,Kelly,5642
JM,Phillips,5613
JM,Harrison,5512
JM,Burke,5430
JM,Stephenson,5404
JM,Mullings,5403
JM,Dawkins,5193
JM,Spencer,5191
JM,Hylton,5162
JM,Mcintosh,5159
JM,Ferguson,5148
JM,Baker,5135
JM,Evans,5000
JM,Pinnock,4957
QA,Khan,35808
QA,Kumar,31864
QA,Ali,28524
QA,Ahmed,24993
QA,Mohamed,14642
QA,Hussain,13670
QA,Nair,12306
QA,Mathew,11069
QA,Ahmad,9504
QA,Singh,8944
QA,Varghese,8511
QA,Hassan,8489
QA,Shaikh,8458
QA,Rahman,7104
QA,Babu,6988
QA,Alam,6861
QA,Abu,6343
QA,Raj,6216
QA,Malik,6206
QA,Salim,5836
QA,Ansari,5794
QA,Pillai,5794
QA,Abbas,5698
QA,Almarri,5666
QA,Ahamed,5624
QA,Sharma,5360
QA,Patel,5339
QA,Alkuwari,5064
QA,Abdulla,4905
QA,Shah,4853
QA,Menon,4683
QA,Iqbal,4609
QA,Krishnan,4409
QA,Rajan,4039
QA,Al-Thani,4019
QA,Shaik,3869
QA,Lim,3838
QA,Al-Kuwari,3825
QA,Alhajri,3800
QA,Mohan,3785
QA,Althani,3763
QA,Hameed,3753
QA,Mohammad,3711
QA,Al-Marri,3641
QA,Das,3563
QA,Perera,3542
QA,Anwar,3478
QA,Antony,3478
QA,Chandran,3415
QA,Saleh,3404
QA,Islam,3394
QA,Dsouza,3394
QA,Prasad,3288
QA,Aziz,3277
QA,Siddiqui,3256
QA,Shetty,3140
QA,Rasheed,3140
QA,Amin,3119
QA,Ashraf,3108
QA,Rashid,3108
QA,Saleem,3087
QA,Paul,3066
QA,Khalil,2939
QA,Sheikh,2918
QA,Syed,2802
QA,Sam,2802
QA,Fernando,2780
QA,Thapa,2728
QA,Basheer,2717
QA,Reddy,2643
QA,Khalid,2632
QA,Ismail,2622
QA,Mahmoud,2622
QA,Raza,2611
QA,Shrestha,2611
QA,Al-Hajri,2584
QA,Aslam,2580
QA,Alnaimi,2580
QA,Yadav,2580
QA,Mirza,2558
QA,Abou,2537
QA,Krishnakumar,2495
QA,Rai,2495
QA,Chacko,2474
QA,Almohannadi,2462
QA,Narayanan,2442
QA,Mani,2379
QA,Muhammad,2358
QA,Akhtar,2347
QA,Hussein,2336
QA,Salem,2336
QA,Rehman,2305
QA,Mustafa,2305
QA,Salam,2294
QA,Hasan,2273
QA,Hakim,2231
QA,Gupta,2220
QA,Mahmood,2210
QA,Ramadan,2210
QA,Saad,2199
LY,Ali,309106
LY,Salem,147315
LY,Mohamed,137522
LY,Ahmed,117937
LY,Saleh,82173
LY,Hassan,78341
LY,Omar,70251
LY,Mohammed,67271
LY,Ramadan,51943
LY,Fathi,48963
LY,Khalifa,48963
LY,Abdo,47686
LY,Saad,44280
LY,Madi,40873
LY,Bashir,40448
LY,Ibrahim,40022
LY,Naas,37467
LY,Faraj,37042
LY,Omran,36616
LY,Abdalla,36616
LY,Issa,36616
LY,Mansour,35339
LY,Sharif,34061
LY,Sherif,34061
LY,Abu,33635
LY,Amer,32358
LY,Othman,31932
LY,Hussein,31081
LY,Khalil,30655
LY,Farag,29804
LY,Ahmad,29378
LY,Khan,28952
LY,Farhat,28526
LY,Said,28101
LY,Shaban,25972
LY,Younis,23417
LY,Badi,23417
LY,Milad,23417
LY,Awad,22566
LY,Ayad,22140
LY,Bader,22140
LY,Taher,22140
LY,Belhaj,21288
LY,Moftah,21288
LY,Fituri,20863
LY,Turki,20863
LY,Ashour,20437
LY,Oun,20437
LY,Shebani,20011
LY,Rajab,20011
LY,Hamed,20011
LY,Suliman,19585
LY,Singh,19585
LY,Ammar,19159
LY,Arebi,19159
LY,Mustafa,19159
LY,Khaled,18734
LY,Hamza,18308
LY,Daw,17031
LY,Abdallah,17031
LY,Salama,17031
LY,Azzabi,16179
LY,Aziz,16179
LY,Sultan,16179
LY,Basher,16179
LY,Salah,15753
LY,Musa,15753
LY,Yousef,15753
LY,Sasi,15328
LY,Naser,14902
LY,Mahmoud,14902
LY,Naji,14902
LY,Fares,14050
LY,Fadel,14050
LY,Hussain,14050
LY,Nasser,13624
LY,Shalabi,13624
LY,Ly,13624
LY,Hakim,13624
LY,Habib,13199
LY,Malik,13199
LY,Shibani,13199
LY,Jaber,13199
LY,Omer,13199
LY,Atia,12773
LY,Mussa,12773
LY,Senussi,12773
LY,Mousa,12773
LY,Ajaj,12773
LY,Idris,12347
LY,Osman,12347
LY,Essa,12347
LY,Mokhtar,12347
LY,Anwar,11921
LY,Nasr,11921
LY,Haddad,11921
LY,Mabruk,11921
LY,Sassi,11496
LY,Gamal,11496
LY,Jamal,11496
BI,Nkurunziza,222629
BI,Ndayishimiye,208372
BI,Manirakiza,175471
BI,Hakizimana,163407
BI,Nduwimana,153537
BI,Jean,152440
BI,Ndikumana,141474
BI,Niyonkuru,139280
BI,Nshimirimana,132700
BI,Bigirimana,132700
BI,Niyongabo,128313
BI,Nzeyimana,122830
BI,Niyonzima,119540
BI,Nahimana,117346
BI,Kwizera,115153
BI,Ndayizeye,112959
BI,Nsengiyumva,112959
BI,Bizimana,104186
BI,Irakoze,100896
BI,Nsabimana,97606
BI,Mugisha,93219
BI,Munezero,88832
BI,Hatungimana,87736
BI,Habonimana,87736
BI,Havyarimana,86639
BI,Nizigiyimana,81155
BI,Nduwayo,76769
BI,Ndayisaba,72382
BI,Kaneza,64705
BI,Ndayiragije,62512
BI,Ndayisenga,62512
BI,Nkunzimana,61415
BI,Bukuru,60318
BI,Ciza,59221
BI,Sibomana,59221
BI,Nimubona,59221
BI,Gahungu,57028
BI,Manirambona,57028
BI,Ndihokubwayo,57028
BI,Eric,54835
BI,Nkeshimana,51545
BI,Nininahazwe,51545
BI,Nimbona,50448
BI,Nijimbere,50448
BI,Ndikuriyo,50448
BI,Niyungeko,48255
BI,Uwimana,48255
BI,Innocent,47158
BI,Nizigama,41674
BI,Ingabire,40578
BI,Emmanuel,40578
BI,Niyonizigiye,40578
BI,Harerimana,38384
BI,Claude,37288
BI,Ndagijimana,37288
BI,Bosco,36191
BI,Juma,36191
BI,Butoyi,35094
BI,Ntakirutimana,32901
BI,Kaze,32901
BI,Alain,31804
BI,Bucumi,29611
BI,Pascal,29611
BI,Marie,29611
BI,Nduwayezu,29611
BI,Habimana,28514
BI,Dieudonne,27417
BI,Augustin,27417
BI,Ntakarutimana,26321
BI,Dieudonné,25224
BI,Janvier,25224
BI,Claudine,24127
BI,Pierre,24127
BI,Niyonsaba,23031
BI,Rukundo,23031
BI,Gaspard,21934
BI,Ali,21934
BI,Ishimwe,20837
BI,Jacqueline,20837
BI,Mutoni,20837
BI,Dusabe,20837
BI,Patrick,20837
BI,Muco,19740
BI,Sabushimike,19740
BI,Nitunga,19740
BI,Chantal,19740
BI,Donatien,18644
BI,Gervais,18644
BI,Iradukunda,18644
BI,Hassan,17547
BI,Muhoza,17547
BI,Ibrahim,17547
BI,Mugabo,17547
BI,Christine,17547
BI,Hussein,17547
BI,Kubwimana,16450
BI,Claver,16450
BI,Muhumuza,16450
BI,Isaac,16450
BI,Bimenyimana,16450
MZ,Langa,342946
MZ,Cossa,338256
MZ,Tembe,275621
MZ,Sitoe,244104
MZ,Manjate,232980
MZ,Mondlane,185395
MZ,Sántos,181687
MZ,Silva,179387
MZ,Machava,171799
MZ,Nhantumbo,169328
MZ,Macuacua,155732
MZ,Junior,149489
MZ,Macamo,147698
MZ,Muchanga,145226
MZ,Matsinhe,143372
MZ,Manuel,138351
MZ,Domingos,134247
MZ,António,133484
MZ,Pereira,128971
MZ,Muianga,127305
MZ,Munguambe,123597
MZ,Banze,122361
MZ,Fernandes,116660
MZ,Rodriguês,114945
MZ,Manhique,113091
MZ,Ferreira,112557
MZ,Bila,111970
MZ,Simbine,111237
MZ,Sousa,110212
MZ,Guambe,108147
MZ,Costa,106694
MZ,Mussa,106694
MZ,Francisco,103177
MZ,Jose,103177
MZ,Manhica,101967
MZ,Dias,100832
MZ,Fernando,100246
MZ,Martins,99659
MZ,Cumbe,97901
MZ,Mandlate,96405
MZ,Joao,96142
MZ,Cumbane,94552
MZ,Fumo,93211
MZ,Zandamela,92080
MZ,Magaia,92080
MZ,Pedro,90280
MZ,Almeida,90280
MZ,Lopes,89107
MZ,Vilanculos,85282
MZ,Gomes,82072
MZ,Ribeiro,80900
MZ,Zacarias,80900
MZ,Pinto,80314
MZ,Oliveira,79728
MZ,Paulo,79728
MZ,Tamele,79720
MZ,Luís,79720
MZ,Ibraimo,79720
MZ,Chauque,79102
MZ,Monteiro,78555
MZ,Amade,77969
MZ,Cuna,77866
MZ,Cardoso,77383
MZ,Matola,75038
MZ,Mendes,73279
MZ,Alberto,72107
MZ,Gonçalves,70450
MZ,Nelson,69175
MZ,Joaquim,68589
MZ,Sambo,66830
MZ,Afonso,66830
MZ,Matusse,66124
MZ,Chemane,65506
MZ,Mabunda,64270
MZ,Mahomed,64270
MZ,Lourenço,64270
MZ,Massango,64270
MZ,Madeira,63313
MZ,Xavier,63313
MZ,Rafael,63313
MZ,Carlos,61554
MZ,Marquês,60562
MZ,Mahumane,60562
MZ,Jorge,60382
MZ,Chongo,59944
MZ,Correia,59209
MZ,Samuel,59209
MZ,Novela,59209
MZ,Neves,58623
MZ,Duarte,58623
MZ,Agostinho,58037
MZ,Caetano,56865
MZ,Macaringue,56855
MZ,Carvalho,56278
MZ,Mate,55106
MZ,Dos Santos,55001
MZ,Da Silva,55001
MZ,Ferrão,55001
MZ,Miguel,54520
MZ,David,53933
TN,Mohamed,41857
TN,Gharbi,38275
TN,Hammami,35754
TN,Allah,35091
TN,Ali,31332
TN,Dridi,30824
TN,Cherif,30824
TN,Ayari,28679
TN,Ahmed,27883
TN,Sassi,27463
TN,Ammar,27374
TN,Hamdi,27330
TN,Salem,26578
TN,Ayadi,25207
TN,Arfaoui,23195
TN,Riahi,22863
TN,Abidi,22775
TN,Mansour,22288
TN,Saidi,22178
TN,Omar,20652
TN,Nasri,19679
TN,Abid,18109
TN,Amri,17689
TN,Hamza,17380
TN,Aloui,17092
TN,Farhat,17070
TN,Amara,16893
TN,Khalifa,16672
TN,Mabrouk,16451
TN,Souissi,16363
TN,Ibrahim,16208
TN,Hassen,16119
TN,Bouaziz,15788
TN,Bahri,15633
TN,Triki,15456
TN,Saeed,15323
TN,Hamouda,15301
TN,Selmi,14815
TN,Labidi,14726
TN,Belhadj,14594
TN,Yahyaoui,14527
TN,Saleh,14461
TN,Mansouri,13930
TN,Tounsi,13201
TN,Toumi,12957
TN,Bouzid,12869
TN,Barhoumi,12604
TN,Obaid,12559
TN,Haddad,12537
TN,Sellami,12493
TN,Khalil,12360
TN,Nasr,12029
TN,Masmoudi,11940
TN,Abdallah,11852
TN,Shaaban,11432
TN,Bel,11432
TN,Ayed,11321
TN,Rezgui,11211
TN,Karoui,11034
TN,Hadj,10636
TN,Hamdy,10193
TN,Kacem,10171
TN,Hussein,9994
TN,Ayad,9906
TN,Salhi,9862
TN,Touati,9840
TN,Slama,9840
TN,Habib,9818
TN,Mahjoub,9773
TN,Hassan,9641
TN,Hajji,9596
TN,Achour,9530
TN,Abbes,9420
TN,Amine,9331
TN,Messaoudi,9309
TN,Khaled,9221
TN,Hosni,9022
TN,Saad,8999
TN,Ramadan,8933
TN,Maher,8867
TN,Thabet,8867
TN,Sahli,8800
TN,Amor,8712
TN,Chakroun,8646
TN,Karim,8557
TN,Mahmoud,8513
TN,Belhaj,8491
TN,Marzouki,8491
TN,Malek,8402
TN,Hamida,8292
TN,Salah,8225
TN,Chaabane,8159
TN,Faraj,8093
TN,Belgacem,7850
TN,Saber,7805
TN,Attia,7783
TN,Nouri,7761
TN,Missaoui,7739
TN,Makhlouf,7673
TN,Mrabet,7651
TD,Mahamat,544002
TD,Ali,380933
TD,Moussa,312365
TD,Issa,276176
TD,Oumar,266653
TD,Abdoulaye,264748
TD,Hassan,247606
TD,Brahim,205704
TD,Ahmat,200173
TD,Adam,196180
TD,Abakar,194974
TD,Ibrahim,188562
TD,Saleh,179039
TD,Haroun,148564
TD,Idriss,146659
TD,Adoum,131716
TD,Ousmane,125708
TD,Moustapha,118089
TD,Mariam,110471
TD,Abba,104757
TD,Hassane,104757
TD,Haoua,97138
TD,Youssouf,94358
TD,Bechir,78091
TD,Abdallah,70473
TD,Barka,66663
TD,Hissein,65762
TD,Djibrine,63355
TD,Hamid,62854
TD,Yaya,62854
TD,Zara,62854
TD,Yacoub,55235
TD,Abdelkerim,53726
TD,Amine,53331
TD,Hamza,51426
TD,Zakaria,49521
TD,Ramadane,49521
TD,Daoud,47617
TD,Boukar,47617
TD,Bichara,47617
TD,Senoussi,43807
TD,Souleymane,43807
TD,Ousman,42268
TD,Seid,41903
TD,Cherif,41903
TD,Abdel,41903
TD,Dieudonne,38093
TD,Baba,38093
TD,Tahir,38093
TD,Habib,36189
TD,Souleyman,34469
TD,Bachar,34284
TD,Emmanuel,32379
TD,Ache,30475
TD,Taha,30475
TD,Abdraman,30426
TD,Felicite,28981
TD,Issaka,28570
TD,Ramadan,28570
TD,Djimet,26767
TD,Amina,26665
TD,Hassana,26665
TD,Abdramane,25611
TD,Arabi,24761
TD,Abdelsalam,24761
TD,Assane,24761
TD,Fidele,24745
TD,Nadege,24167
TD,Issakha,23589
TD,Hisseine,23301
TD,Oumarou,22856
TD,Alifa,22856
TD,Abdelaziz,22856
TD,Olivier,22856
TD,Jean,22856
TD,Hamit,22856
TD,Younous,21375
TD,Elysee,21086
TD,Fadoul,20990
TD,Malloum,20990
TD,Hawa,20951
TD,Tao,20951
TD,Ismail,20951
TD,Adama,20951
TD,Bouba,20220
TD,Malick,19047
TD,Amadou,19047
TD,Ahmed,19047
TD,Alain,19047
TD,Roland,19047
TD,Abdou,19047
TD,Moumine,19047
TD,Abbas,19047
TD,Hamdan,19047
TD,Tidjani,18679
TD,Hassaballah,18679
TD,Annour,18390
TD,Appolinaire,18101
TD,Viviane,17427
TD,Bruno,17331
NI,Lopez,223561
NI,Martinez,151134
NI,Garcia,148328
NI,Gonzalez,144967
NI,Hernandez,140555
NI,Perez,114915
NI,Rodriguez,101110
NI,Gutierrez,84993
NI,Sanchez,81152
NI,Espinoza,68972
NI,Flores,67156
NI,Mendoza,63128
NI,Ruiz,62280
NI,Reyes,60513
NI,Cruz,58884
NI,Diaz,58372
NI,Castillo,55121
NI,Gomez,54460
NI,Rivera,51470
NI,Herrera,48247
NI,Morales,47197
NI,Centeno,44026
NI,Urbina,43518
NI,Jarquin,43025
NI,Castro,42737
NI,Ramirez,39259
NI,Chavarria,37959
NI,Blandon,37099
NI,Rivas,34480
NI,Davila,33353
NI,Torrez,33136
NI,Mejia,32549
NI,Aguilar,31466
NI,Mendez,31419
NI,Romero,31080
NI,Obando,30014
NI,Calero,29527
NI,Miranda,27744
NI,Orozco,27249
NI,Velasquez,26770
NI,Zamora,26315
NI,Alvarez,26071
NI,Vargas,25422
NI,Sequeira,25150
NI,Moreno,25090
NI,Arauz,25032
NI,Ortiz,24643
NI,Zeledon,24489
NI,Amador,23626
NI,Duarte,23287
NI,Muñoz,22151
NI,Jimenez,22010
NI,Rios,21593
NI,Silva,21481
NI,Rojas,21399
NI,Sevilla,21343
NI,Alvarado,21296
NI,Medina,21286
NI,Rocha,21192
NI,Palacios,20926
NI,Mercado,20822
NI,Ramos,20581
NI,Suarez,20331
NI,Valle,19963
NI,Tellez,19641
NI,Gaitan,19577
NI,Vasquez,19439
NI,Mairena,19345
NI,Molina,19320
NI,Soza,19238
NI,Torres,19067
NI,Aguirre,18990
NI,Altamirano,18871
NI,Salgado,18771
NI,Estrada,18363
NI,Picado,18241
NI,Pineda,17840
NI,Aleman,17437
NI,Jiron,17161
NI,Rizo,17156
NI,Rugama,16079
NI,Ortega,16053
NI,Meza,16012
NI,Chavez,15821
NI,Bermudez,15740
NI,Montenegro,15436
NI,Castellon,15384
NI,Cano,15330
NI,Mayorga,15298
NI,Calderon,15267
NI,Olivas,15232
NI,Zelaya,14734
NI,Rosales,14552
NI,Narvaez,14418
NI,Solis,14301
NI,Sandoval,14153
NI,Padilla,14009
NI,Talavera,13925
NI,Guevara,13745
NI,Peralta,13635
TM,Charyeva,80130
TM,Charyev,77796
TM,Ataeva,74683
TM,Ataev,73220
TM,Kurbanova,66772
TM,Kurbanov,62993
TM,Saparova,58546
TM,Saparov,56842
TM,Amanova,54822
TM,Durdyeva,54248
TM,Durdyev,53711
TM,Amanov,53229
TM,Orazova,50857
TM,Ovezova,50607
TM,Ovezov,49616
TM,Orazov,49375
TM,Meredova,48393
TM,Meredov,47448
TM,Atayeva,39695
TM,Mamedova,39288
TM,Atayev,38537
TM,Saparow,34683
TM,Kerimova,34479
TM,Kerimov,33479
TM,Meredow,32997
TM,Mamedov,32934
TM,Gurbanova,32840
TM,Gurbanow,32756
TM,Gurbanov,32515
TM,Redzhepova,32247
TM,Dzhumaeva,31941
TM,Rejepow,31793
TM,Nuryeva,31385
TM,Dzhumaev,31311
TM,Redzhepov,31311
TM,Nuryev,31070
TM,Berdiyew,30107
TM,Turkmen,29866
TM,Annaeva,29190
TM,Annaev,28903
TM,Ashirova,27541
TM,Ashirov,26735
TM,Jumayew,25531
TM,Berdyeva,25308
TM,Rejepova,25058
TM,Rejepov,24808
TM,Berdyev,24808
TM,Bayramow,24326
TM,Rozyeva,24085
TM,Rozyev,23845
TM,Taganova,23335
TM,Esenova,23076
TM,Taganov,22881
TM,Ashyrova,22826
TM,Esenov,22399
TM,Dovletova,22325
TM,Kulieva,22325
TM,Ashyrov,22159
TM,Kurbanow,21918
TM,Dovletov,21677
TM,Kuliev,21677
TM,Alieva,21479
TM,Berdiyeva,20093
TM,Nepesova,19945
TM,Nepesov,19750
TM,Nazarov,19689
TM,Nazarow,19509
TM,Babayew,19509
TM,Berdiyev,19509
TM,Amanow,19268
TM,Dzhoraeva,18731
TM,Myradow,18546
TM,Charyyew,18546
TM,Dzhoraev,18546
TM,Batyrova,18425
TM,Batyrov,18064
TM,Mammedova,17267
TM,Orazow,17101
TM,Mammedov,17101
TM,Klycheva,17027
TM,Klychev,16860
TM,Ashyrow,16860
TM,Annayew,16860
TM,Annamuradova,16786
TM,Annamuradov,16619
TM,Durdyyew,16378
TM,Owezow,16378
TM,Nazarova,16198
TM,Muradow,15896
TM,Mukhammedova,15878
TM,Mukhammedov,15415
TM,Babaev,15393
TM,Agaeva,15081
TM,Agaev,14933
TM,Akhmedova,14785
TM,Geldyeva,14738
TM,Geldyev,14451
TM,Byashimova,14349
TM,Byashimov,14210
TM,Akhmedov,14081
LR,Kollie,101671
LR,Flomo,83403
LR,Kamara,81794
LR,Johnson,63249
LR,Mulbah,50630
LR,Toe,40375
LR,Sumo,35520
LR,Cooper,31418
LR,David,31318
LR,Dolo,30820
LR,Weah,30343
LR,Sheriff,29593
LR,Tokpah,28917
LR,Doe,28685
LR,Paye,28503
LR,Sackie,28002
LR,Kromah,27890
LR,Gaye,25408
LR,Konneh,24771
LR,Morris,24425
LR,Williams,22718
LR,Dahn,22519
LR,Tamba,22062
LR,Freeman,20801
LR,Harris,20795
LR,Brown,20396
LR,Smith,20354
LR,Saye,20341
LR,Jallah,20082
LR,Dennis,19959
LR,Kanneh,19753
LR,Davis,18969
LR,Wilson,17290
LR,Joe,16925
LR,Wesseh,16681
LR,Jackson,15115
LR,Teah,14428
LR,Massaquoi,13688
LR,Saah,13658
LR,Moore,13593
LR,Fahnbulleh,13459
LR,George,13364
LR,Kerkulah,12838
LR,Suah,12111
LR,Togbah,11143
LR,Yarkpawolo,11061
LR,Nimely,10889
LR,Kolleh,10833
LR,Gray,10763
LR,Chea,10711
LR,Fayiah,10674
LR,Dukuly,10605
LR,Swen,10432
LR,James,10297
LR,Togba,10201
LR,Nagbe,10105
LR,Dweh,10099
LR,Sesay,10082
LR,Varney,9739
LR,Fofana,9588
LR,Gibson,9575
LR,Fallah,9427
LR,Thomas,9322
LR,Willie,9008
LR,Wleh,8920
LR,Binda,8903
LR,Momo,8792
LR,Tarr,8722
LR,Cole,8628
LR,Duo,8623
LR,Roberts,8521
LR,Kerkula,8345
LR,Davies,8123
LR,Gono,8092
LR,Boakai,7878
LR,Ballah,7852
LR,Borbor,7819
LR,Moses,7650
LR,Peter,7631
LR,Kiazolu,7442
LR,Bondo,7291
LR,Nyemah,7265
LR,Taylor,7063
LR,King,7031
LR,Sieh,6964
LR,Konah,6923
LR,William,6886
LR,Joseph,6858
LR,Browne,6729
LR,Koffa,6701
LR,Walker,6681
LR,Sirleaf,6538
LR,Reeves,6493
LR,Tarpeh,6454
LR,Vah,6419
LR,Zayzay,6356
LR,Sando,6317
LR,Hinneh,6188
LR,Robert,6108
LR,Tweh,6044
SE,Johansson,251937
SE,Andersson,251277
SE,Karlsson,188682
SE,Nilsson,170722
SE,Eriksson,135547
SE,Larsson,124612
SE,Olsson,107619
SE,Persson,107060
SE,Svensson,102754
SE,Gustafsson,71579
SE,Pettersson,65001
SE,Jonsson,57019
SE,Jansson,49387
SE,Hansson,44034
SE,Bengtsson,34708
SE,Carlsson,33397
SE,Jönsson,30452
SE,Petersson,29841
SE,Lindberg,27800
SE,Magnusson,27230
SE,Gustavsson,26477
SE,Olofsson,25042
SE,Lindgren,23511
SE,Lindström,23235
SE,Axelsson,22902
SE,Lundberg,21553
SE,Lundgren,21308
SE,Berg,20612
SE,Jakobsson,19942
SE,Bergström,19754
SE,Berglund,19750
SE,Fredriksson,18249
SE,Sandberg,18223
SE,Mattsson,18209
SE,Henriksson,17113
SE,Forsberg,16693
SE,Lindqvist,16197
SE,Danielsson,15543
SE,Eklund,15372
SE,Lundin,15347
SE,Lind,15296
SE,Sjöberg,15101
SE,Gunnarsson,14975
SE,Holm,14672
SE,Engström,14518
SE,Håkansson,14491
SE,Bergman,14488
SE,Samuelsson,14408
SE,Fransson,14357
SE,Johnsson,13931
SE,Holmberg,13658
SE,Lundqvist,13557
SE,Arvidsson,13288
SE,Wallin,13037
SE,Nyberg,12902
SE,Isaksson,12725
SE,Nyström,12506
SE,Söderberg,11888
SE,Björk,11785
SE,Eliasson,11702
SE,Mårtensson,11574
SE,Berggren,11414
SE,Nordström,11348
SE,Lundström,11339
SE,Nordin,10971
SE,Hermansson,10819
SE,Holmgren,10573
SE,Björklund,10510
SE,Sundberg,10312
SE,Hedlund,10255
SE,Sandström,10138
SE,Ström,9991
SE,Martinsson,9640
SE,Åberg,9576
SE,Ekström,9547
SE,Dahlberg,9532
SE,Abrahamsson,9173
SE,Sjögren,9096
SE,Blom,9020
SE,Lindholm,8977
SE,Blomqvist,8960
SE,Norberg,8937
SE,Ek,8791
SE,Jonasson,8766
SE,Månsson,8733
SE,Ivarsson,8717
SE,Andreasson,8671
SE,Hellström,8568
SE,Öberg,8557
SE,Falk,8517
SE,Nyman,8510
SE,Strömberg,8507
SE,Åkesson,8416
SE,Ali,8404
SE,Dahl,8337
SE,Sundström,8261
SE,Bergqvist,8218
SE,Lund,8159
SE,Åström,8022
SE,Hallberg,8008
MW,Banda,688411
MW,Phiri,473511
MW,Nyirenda,186252
MW,Chirwa,153890
MW,Mwale,143982
MW,Nkhoma,136428
MW,Mkandawire,132768
MW,Gondwe,126808
MW,Kamanga,98602
MW,Mhango,86081
MW,Munthali,78762
MW,Moyo,76885
MW,Mbewe,74919
MW,Tembo,72775
MW,Jere,72488
MW,Kumwenda,71129
MW,Manda,68896
MW,Msiska,60150
MW,Ngwira,59391
MW,Kaunda,56490
MW,Nyirongo,52647
MW,Nkhata,52203
MW,Mvula,47524
MW,Nyasulu,44805
MW,Chisale,44099
MW,Gama,43546
MW,Mhone,41459
MW,Kamwendo,40779
MW,Zimba,39134
MW,Soko,36152
MW,Mtambo,33068
MW,Chavula,32937
MW,Magombo,32676
MW,Msukwa,32650
MW,Mphande,32519
MW,Kazembe,32022
MW,Lungu,31929
MW,Chunga,31093
MW,Shaba,29892
MW,Mussa,29527
MW,Kondowe,29356
MW,Chipeta,29277
MW,Longwe,29094
MW,Nyondo,28624
MW,Ngoma,28561
MW,Saidi,27386
MW,Chirambo,26899
MW,Kachingwe,26742
MW,Msowoya,26690
MW,Chiwaya,25618
MW,Bwanali,25539
MW,Luhanga,24755
MW,Kayira,23422
MW,Mtonga,22899
MW,Samson,22374
MW,Kayange,22324
MW,Harawa,22220
MW,Malunga,22089
MW,Hara,21904
MW,Mponda,21854
MW,Kalua,21747
MW,Chiumia,21461
MW,Juma,21434
MW,Ngulube,21200
MW,Dickson,20416
MW,Mwafulirwa,19971
MW,Moses,19685
MW,Zulu,19554
MW,Chisi,19528
MW,Mumba,19344
MW,Ndhlovu,19161
MW,Chawinga,18978
MW,Mbale,18743
MW,Kaonga,18638
MW,Maluwa,18115
MW,Mwanza,18115
MW,Chibwana,18063
MW,Maseko,17723
MW,Mwandira,17410
MW,Yohane,17383
MW,Mwase,17331
MW,Mandala,16969
MW,Samuel,16787
MW,Mughogho,16730
MW,Zgambo,16442
MW,Saka,16369
MW,Tambala,16155
MW,Botha,15951
MW,Majawa,15841
MW,Masamba,15841
MW,Sichali,15841
MW,Frank,15795
MW,Ng'Ambi,15684
MW,Jumbe,15240
MW,Khonje,15135
MW,Maganga,15031
MW,Kawonga,15031
MW,Makina,14613
MW,Nkosi,14560
MW,Singini,14534
ER,Ali,194872
ER,Haile,135082
ER,Ahmed,126224
ER,Omer,126224
ER,Berhane,115152
ER,Kidane,110723
ER,Osman,108508
ER,Mohamed,99651
ER,Solomon,84149
ER,Hagos,81935
ER,Tesfay,75292
ER,Abraha,75292
ER,Adm,70863
ER,Omar,64219
ER,Yemane,64219
ER,Yohannes,62005
ER,Tekle,62005
ER,Araya,59790
ER,Mehari,57576
ER,Abdo,57576
ER,Saleh,57576
ER,Berhe,53147
ER,Habte,50932
ER,Abdullah,50932
ER,Tesfamariam,50932
ER,Tewelde,48718
ER,Tekeste,48718
ER,Abraham,46504
ER,Beyene,44289
ER,Habtemariam,42075
ER,Saf,39860
ER,Ibrahim,37646
ER,Abdu,37646
ER,Salh,37646
ER,Edris,35431
ER,Tewolde,35431
ER,Mosa,33217
ER,Tahir,33217
ER,Asmelash,33217
ER,Eyob,33217
ER,Tesfai,33217
ER,Hamed,33217
ER,Mebrahtu,31002
ER,Nasr,31002
ER,Mohammed,28788
ER,Ahmad,28788
ER,Bahta,28788
ER,Sium,28788
ER,Tekie,28788
ER,Woldu,28788
ER,Fars,28788
ER,Negash,26573
ER,Hassen,26573
ER,Nor,26573
ER,Tecle,26573
ER,Hassan,24359
ER,Sad,24359
ER,Tsegai,24359
ER,Adem,24359
ER,Michael,24359
ER,Alem,24359
ER,Taher,24359
ER,Tsegay,24359
ER,Goma,24359
ER,Tsehaye,24359
ER,Farok,24359
ER,Kahsay,22145
ER,Musa,22145
ER,Mahmud,22145
ER,Saed,22145
ER,Desta,22145
ER,Kiflu,22145
ER,Teklu,22145
ER,Nasser,19930
ER,Salih,19930
ER,Idris,19930
ER,Ismail,19930
ER,Semere,19930
ER,Kifle,19930
ER,Dawit,19930
ER,Goitom,19930
ER,Gebre,19930
ER,Mhmd,17716
ER,Mekonen,17716
ER,Asfaha,17716
ER,Aman,17716
ER,Ly,17716
ER,Dasta,17716
ER,Mesfin,17716
ER,Gebremedhin,17716
ER,Zerai,17716
ER,Bereket,17716
ER,Gebremichael,17716
ER,Tadesse,17716
ER,Tedla,17716
ER,Saeed,49
ER,Yusuf,49
ER,Abrham,49
ER,Tesfa,49
ER,Gebremariam,49
SL,Kamara,669645
SL,Sesay,384739
SL,Koroma,352045
SL,Bangura,310010
SL,Conteh,286073
SL,Kargbo,225356
SL,Jalloh,210176
SL,Mansaray,177482
SL,Turay,169309
SL,Bah,147707
SL,Kanu,104504
SL,Johnson,79984
SL,Williams,70643
SL,Kallon,68891
SL,Cole,68307
SL,Dumbuya,67140
SL,Fofanah,58382
SL,Davies,57215
SL,Sheriff,55463
SL,Thomas,54296
SL,Momoh,54296
SL,Sankoh,53128
SL,Barrie,52544
SL,Massaquoi,50209
SL,Kabba,50209
SL,Coker,46706
SL,Bockarie,42035
SL,Samura,40868
SL,Amara,39116
SL,Tucker,37949
SL,Jones,37365
SL,Musa,36781
SL,Pratt,36781
SL,Sillah,36781
SL,Kabia,34446
SL,Lahai,33278
SL,Rogers,32110
SL,Lebbie,30943
SL,Fornah,29191
SL,Lansana,29191
SL,John,28607
SL,Lamin,28607
SL,Abu,28024
SL,Macauley,28024
SL,Taylor,27440
SL,Smith,26272
SL,Swaray,25688
SL,Tarawally,24521
SL,Kanneh,23937
SL,Marah,23937
SL,Sannoh,23353
SL,Harding,23353
SL,Fofana,23353
SL,Deen,22185
SL,Kalokoh,22185
SL,Saidu,21601
SL,Jusu,21601
SL,Kamanda,21601
SL,Brima,21018
SL,George,21018
SL,Wilson,21018
SL,Sandy,21018
SL,Vandi,19850
SL,Saffa,19850
SL,Daramy,19266
SL,Sam,18682
SL,Tamba,18682
SL,King,18682
SL,Konneh,18099
SL,Boima,18099
SL,Lewis,17515
SL,James,17515
SL,Kaikai,16931
SL,Ansumana,16931
SL,Tommy,16931
SL,Wurie,16931
SL,Macarthy,16347
SL,Komba,16347
SL,Bundu,16347
SL,Palmer,15763
SL,During,15179
SL,Foday,14596
SL,Roberts,14596
SL,Vandy,14012
SL,Mbayo,14012
SL,Thompson,13428
SL,Sawyerr,13428
SL,Nicol,13428
SL,Alpha,13428
SL,Carew,13428
SL,Mason,12844
SL,Suma,12844
SL,Augustine,12844
SL,Sowa,12844
SL,Wright,12260
SL,Ganda,12260
SL,Tengbeh,11676
SL,Hassan,11676
SL,Mattia,11676
SL,Kandeh,11676
LA,Inthavong,225369
LA,Chanthavong,197514
LA,Yang,177256
LA,Lee,164595
LA,Thammavong,159531
LA,Xiong,146869
LA,Vang,121547
LA,Noy,108886
LA,Manivong,101289
LA,Phanthavong,98757
LA,Lao,96225
LA,Kham,91160
LA,Keo,88628
LA,Phommachanh,78499
LA,Nguyen,78499
LA,Sayavong,73435
LA,Lor,73435
LA,Vongphachanh,68370
LA,Xayavong,68370
LA,Phommavong,63306
LA,Moua,60774
LA,Chanthalangsy,60774
LA,Keomany,60774
LA,Phimmasone,58241
LA,Seng,55709
LA,Vongxay,55709
LA,Thong,55709
LA,Philavong,53177
LA,Say,50645
LA,Thammavongsa,50645
LA,Chan,48112
LA,Vong,45580
LA,Pathammavong,45580
LA,Nanthavong,43048
LA,Sengmany,43048
LA,Singh,43048
LA,Rattanavong,43048
LA,Sisavath,43048
LA,Sivilay,40516
LA,Southammavong,40516
LA,Phongsavath,40516
LA,La,40516
LA,Boupha,38131
LA,Manivanh,37983
LA,Thao,37983
LA,Siharath,37983
LA,Souvannavong,37983
LA,Phanouvong,37983
LA,Sayasane,35451
LA,Chounlamany,35451
LA,Tan,35451
LA,Sone,35451
LA,Tran,35451
LA,Na,33046
LA,Lim,32919
LA,Sihavong,32919
LA,Keovilay,32919
LA,Sengsavang,32919
LA,Boulom,32919
LA,Nang,32919
LA,Phouthavong,32919
LA,Kim,32919
LA,Vannavong,30387
LA,Ko,30387
LA,Ta,30387
LA,Vue,30387
LA,Philavanh,30387
LA,Kingsada,27962
LA,Le,27855
LA,Park,27855
LA,Phounsavath,27855
LA,Bee,27855
LA,Crafter,27855
LA,Phomphakdy,27855
LA,Khanthavong,25420
LA,Han,25322
LA,Panyanouvong,25322
LA,Chen,25322
LA,Luangkhot,25322
LA,Vilaysack,25322
LA,Luangrath,25322
LA,Bounyavong,25322
LA,Vongsa,25322
LA,Homsombath,25322
LA,Inthalangsy,22878
LA,Khan,22790
LA,Wang,22790
LA,Vaj,22790
LA,Sopha,22790
LA,Phan,22790
LA,Sun,22790
LA,Sayarath,22790
LA,Hong,22790
LA,Lattanavong,20336
LA,Chaudhary,20258
LA,Somsanith,20258
LA,Phothisane,20258
LA,Sananikone,20258
LA,Phongsa,20258
LA,Keovongsa,20258
TJ,Sharipova,195591
TJ,Sharipov,191755
TJ,Saidova,154038
TJ,Saidov,152511
TJ,Mirzoeva,131964
TJ,Mirzoev,130656
TJ,Safarova,113140
TJ,Safarov,109846
TJ,Kurbonova,93664
TJ,Kurbonov,90936
TJ,Abdulloeva,90331
TJ,Abdulloev,88561
TJ,Davlatova,84744
TJ,Davlatov,83905
TJ,Boboeva,80452
TJ,Boboev,78108
TJ,Odinaeva,61448
TJ,Radzhabova,60289
TJ,Odinaev,60244
TJ,Radzhabov,58534
TJ,Dzhuraeva,57476
TJ,Dzhuraev,56348
TJ,Rakhmonova,54907
TJ,Karimova,53819
TJ,Rakhmonov,53308
TJ,Akhmedova,52132
TJ,Murodova,51873
TJ,Akhmedov,50615
TJ,Murodov,50362
TJ,Kholova,50302
TJ,Kholov,49317
TJ,Sattorova,45589
TJ,Sattorov,45136
TJ,Nabieva,42899
TJ,Nabiev,42475
TJ,Nazarov,40238
TJ,Olimova,38269
TJ,Olimov,37154
TJ,Kamolova,35529
TJ,Nazarova,35059
TJ,Kamolov,34493
TJ,Alieva,32741
TJ,Nurova,31516
TJ,Nurov,30597
TJ,Solieva,29175
TJ,Sharifova,29077
TJ,Soliev,28602
TJ,Sharifov,28507
TJ,Sanginova,28383
TJ,Kurbanova,28070
TJ,Sanginov,27556
TJ,Aliev,27344
TJ,Kurbanov,26733
TJ,Yusupov,26366
TJ,Barotova,26008
TJ,Barotov,25751
TJ,Shodieva,25742
TJ,Shodiev,24991
TJ,Rahmonova,24763
TJ,Negmatova,24617
TJ,Negmatov,24136
TJ,Rahmonov,24041
TJ,Gulova,23293
TJ,Ashurov,22998
TJ,Yusupova,22926
TJ,Kholikova,22679
TJ,Gulov,22615
TJ,Kholikov,22235
TJ,Shoeva,20946
TJ,Musoeva,20838
TJ,Musoev,20430
TJ,Shoev,20335
TJ,Karimov,19765
TJ,Ibragimov,18688
TJ,Ivanova,18145
TJ,Samieva,17833
TJ,Khomidova,17544
TJ,Samiev,17484
TJ,Gadoeva,17323
TJ,Khomidov,17199
TJ,Rizoeva,17180
TJ,Rozikova,17155
TJ,Khuseynova,17129
TJ,Rizoev,17009
TJ,Yuldosheva,16933
TJ,Fayzulloeva,16835
TJ,Gadoev,16819
TJ,Rozikov,16819
TJ,Naimova,16699
TJ,Khuseynov,16629
TJ,Naimov,16534
TJ,Nozimova,16442
TJ,Yuldoshev,16439
TJ,Fayzulloev,16344
TJ,Salimov,16225
TJ,Nozimov,15964
TJ,Yorova,15549
TJ,Khasanova,15537
TJ,Yorov,15394
TJ,Rahmatova,15267
GA,Ndong,33184
GA,Koumba,27331
GA,Nguema,25191
GA,Mba,23724
GA,Moussavou,22987
GA,Mboumba,22936
GA,Ondo,22005
GA,Mengue,21347
GA,Ntsame,18995
GA,Obame,17581
GA,Obiang,16845
GA,Nze,12495
GA,Maganga,11670
GA,Mombo,11013
GA,Mbadinga,10912
GA,Ada,10623
GA,Nzamba,9700
GA,Nziengui,9195
GA,Obone,9004
GA,Ella,8954
GA,Essono,8954
GA,Moussounda,8740
GA,Eyang,8498
GA,Boussougou,8487
GA,Angue,8094
GA,Mihindou,8083
GA,Bekale,7982
GA,Ngoma,7740
GA,Andeme,7689
GA,Mezui,7628
GA,Ntoutoume,7477
GA,Minko,7335
GA,Mve,7275
GA,Okome,7123
GA,Bouanga,7022
GA,Mavoungou,7022
GA,Kombila,6972
GA,Ovono,6930
GA,Abessolo,6517
GA,Kassa,6424
GA,Assoumou,6214
GA,Mounguengui,6012
GA,Moundounga,5911
GA,Zang,5817
GA,Ibinga,5759
GA,Mbina,5709
GA,Mouele,5709
GA,Moutsinga,5608
GA,Edou,5456
GA,Oyane,5052
GA,Mouloungui,5052
GA,Meye,4907
GA,Pambou,4799
GA,Mintsa,4648
GA,Ngoua,4648
GA,Boulingui,4648
GA,Komba,4547
GA,Allogo,4496
GA,Manfoumbi,4446
GA,Ogandaga,4446
GA,Makaya,4294
GA,Bignoumba,4294
GA,Nzengue,4193
GA,Mayombo,4193
GA,Matsanga,4143
GA,Mouity,4092
GA,Oye,4047
GA,Nzang,3946
GA,Avomo,3844
GA,Mekui,3840
GA,Maroundou,3738
GA,Edzang,3688
GA,Mamboundou,3688
GA,Assengone,3637
GA,Bouassa,3637
GA,Nkoghe,3637
GA,Ndombi,3587
GA,Bibang,3541
GA,Medza,3536
GA,Nyangui,3536
GA,Mbourou,3486
GA,Eyi,3486
GA,Mendome,3385
GA,Engone,3385
GA,Bivigou,3385
GA,Mabika,3334
GA,Avome,3284
GA,Biloghe,3284
GA,Zue,3284
GA,Emane,3233
GA,Ogoula,3233
GA,Mapangou,3132
GA,Mabiala,3031
GA,Obono,2985
GA,Lendoye,2981
GA,Mbang,2934
GA,Nang,2934
GA,Nzue,2930
GA,Ebang,2883
GA,Nzigou,2880
CF,Moussa,279291
CF,Mamadou,219443
CF,Jean,179544
CF,Mahamat,177305
CF,Namkoisse,162529
CF,Kongbo,162529
CF,Hassan,159595
CF,Goma,159595
CF,Singa,159595
CF,Issa,159595
CF,Gueret,159595
CF,Mandaba,147754
CF,Abakar,147754
CF,Ngaba,132979
CF,Kaimba,118203
CF,Kossi,118203
CF,Benam,118203
CF,Adoum,118203
CF,Sana,49
CF,Smith,49
CF,Samba,49
CF,Ali,49
CF,Ahmat,49
CF,Baba,49
CF,Dounia,49
CF,Dimanche,36
CF,Bokassa,36
CF,Mbombo,36
CF,Kanga,36
CF,Gervais,36
CF,Diallo,36
CF,Bouba,36
CF,Dibert,36
CF,Adam,36
CF,Bienvenu,25
CF,Kette,25
CF,Mboumba,25
CF,Rodrigue,25
CF,Câmara,25
CF,Banga,25
CF,Magna,25
CF,Ndongo,25
CF,Serge,25
CF,Dotte,25
CF,Bata,25
CF,Alain,25
CF,Aladji,25
CF,Ferdinand,25
CF,Niang,25
CF,Ngombe,25
CF,Junior,25
CF,Zama,25
CF,Yamba,25
CF,Doko,25
CF,Abdoulaye,25
CF,Joseph,25
CF,Abdel,25
CF,Guy,16
CF,Damala,16
CF,Yerima,16
CF,Perriere,16
CF,Patrick,16
CF,Ngaya,16
CF,Evrard,16
CF,Bango,16
CF,Matongo,16
CF,Ndedi,16
CF,Kombo,16
CF,Grothe,16
CF,Richard,16
CF,Nimaga,16
CF,Gamba,16
CF,Ousman,16
CF,Mavoungou,16
CF,Lembe,16
CF,Khan,16
CF,Love,16
CF,Dieudonné,16
CF,Oria,16
CF,Brice,16
CF,Ahamat,16
CF,Elenga,16
CF,Dondon,16
CF,Sale,16
CF,Ngana,16
CF,Kongo,16
CF,Bruno,16
CF,Ngama,9
CF,Paul,9
CF,Maradas,9
CF,Rock,9
CF,Ndiaye,9
CF,Salvador,9
CF,Ghislain,9
CF,Anne,9
CF,Fakhoury,9
CF,Maliki,9
CF,Ramadan,9
CF,Oumarou,9
CF,Poutou,9
BJ,Bio,110623
BJ,Orou,105572
BJ,Sabi,84636
BJ,Amadou,61225
BJ,Dossou,59152
BJ,Moussa,46800
BJ,Adamou,46425
BJ,Amoussou,45642
BJ,Assogba,43568
BJ,Bani,42048
BJ,Chabi,38081
BJ,Mama,36333
BJ,Tossou,35789
BJ,Sossou,34932
BJ,Boni,34699
BJ,Houessou,33284
BJ,Zannou,32021
BJ,Idrissou,31629
BJ,Oumarou,31322
BJ,Worou,31237
BJ,Agossou,30525
BJ,Djossou,28625
BJ,Adam,28465
BJ,Dansou,28201
BJ,Kakpo,27688
BJ,Abdoulaye,27636
BJ,Kouagou,27377
BJ,Boukari,27372
BJ,Sanni,27253
BJ,Salifou,26930
BJ,Yacoubou,26416
BJ,Sambieni,26095
BJ,N'Tcha,26030
BJ,Alassane,25481
BJ,Issa,25250
BJ,Lokossou,24544
BJ,Zinsou,24377
BJ,Yarou,24186
BJ,Dossa,23718
BJ,Gounou,22989
BJ,Kora,22717
BJ,Imorou,22608
BJ,Kassa,21997
BJ,Ibrahim,21860
BJ,Soumanou,21801
BJ,M'Po,19632
BJ,Ali,19532
BJ,Hounkpe,19331
BJ,Issifou,19314
BJ,Soule,18564
BJ,Hounsou,18380
BJ,Boko,17566
BJ,Hounkpatin,17163
BJ,Zakari,17103
BJ,Houssou,16956
BJ,Akakpo,16894
BJ,Kpadonou,16794
BJ,Garba,16530
BJ,Arouna,16112
BJ,Sare,15979
BJ,Mamadou,15939
BJ,Sero,15923
BJ,Seidou,15878
BJ,Sidi,15807
BJ,Lafia,15677
BJ,Oke,15592
BJ,Bonou,15514
BJ,Alidou,15417
BJ,Godonou,15194
BJ,Edah,15169
BJ,Moumouni,15017
BJ,Bossou,14102
BJ,Hounsa,14054
BJ,Djobo,14031
BJ,Sossa,13988
BJ,Fanou,13788
BJ,Saka,13771
BJ,Ahouandjinou,13633
BJ,Gado,13570
BJ,Agbo,13459
BJ,Demon,13342
BJ,Alaza,13295
BJ,Loko,13295
BJ,N'Dah,12885
BJ,Bah,12780
BJ,Montcho,12747
BJ,Gbaguidi,12634
BJ,Sagbo,12616
BJ,Alou,12596
BJ,Gnonlonfoun,12584
BJ,Tamou,12514
BJ,Assouma,12507
BJ,Houenou,12489
BJ,Dohou,12411
BJ,Akpo,12372
BJ,Biaou,12320
BJ,Hessou,12101
BJ,Aboudou,11923
BJ,Koto,11860
BJ,Idohou,11819
BH,Ali,19966
BH,Ahmed,16002
BH,Kumar,14827
BH,Hassan,14666
BH,Khan,13125
BH,Hussain,12302
BH,Mohamed,12185
BH,Abdulla,9410
BH,Yousif,8251
BH,Ebrahim,7825
BH,Janahi,6715
BH,Salman,6327
BH,Nair,5931
BH,Saleh,5608
BH,Mahmood,5491
BH,Mathew,5447
BH,Singh,5094
BH,Abbas,4874
BH,Varghese,4566
BH,Khalil,4345
BH,Jassim,3997
BH,Shaikh,3949
BH,Radhi,3820
BH,Hasan,3817
BH,Haji,3773
BH,Khalaf,3421
BH,Alawi,3186
BH,Khalifa,3171
BH,Malik,3127
BH,Abu,3083
BH,Menon,3054
BH,Nasser,3010
BH,Shetty,2892
BH,Kamal,2789
BH,Alalawi,2777
BH,Alshaikh,2689
BH,Marhoon,2689
BH,Sharma,2657
BH,Habib,2657
BH,Raj,2643
BH,Alaali,2615
BH,Ahmad,2510
BH,Mohammed,2496
BH,Darwish,2466
BH,Jawad,2466
BH,Babu,2452
BH,Krishnan,2437
BH,Dsouza,2437
BH,Al Alawi,2395
BH,Al Khalifa,2395
BH,Saeed,2378
BH,Hameed,2349
BH,Shah,2334
BH,Pillai,2305
BH,Rajan,2246
BH,Salem,2202
BH,Husain,2173
BH,Hashim,2173
BH,Rahman,2158
BH,Mattar,2158
BH,Alansari,2145
BH,Rajab,2041
BH,Amin,2026
BH,Mahdi,2011
BH,Alam,2011
BH,Sharif,1982
BH,Shaheen,1967
BH,Mirza,1953
BH,Sanad,1940
BH,Al-Alawi,1940
BH,Rashid,1938
BH,Ismail,1908
BH,Das,1894
BH,Rao,1835
BH,Shehab,1835
BH,Sharaf,1820
BH,Sayed,1791
BH,Ansari,1762
BH,Aziz,1732
BH,Al-Khalifa,1675
BH,Iqbal,1644
BH,Faraj,1615
BH,Saleem,1615
BH,Zainal,1602
BH,Bhatia,1600
BH,Khalid,1571
BH,Chandran,1571
BH,Prasad,1571
BH,Omar,1541
BH,Hamad,1541
BH,Alhaddad,1527
BH,Dhaif,1513
BH,Taqi,1497
BH,Mohammad,1497
BH,Rana,1484
BH,Mansoor,1483
BH,Majeed,1483
BH,Mohan,1468
BH,Mubarak,1453
BH,Jaffar,1453
MO,Chan,56074
MO,Lei,28217
MO,Lao,14689
MO,Lai,14302
MO,Choi,12670
MO,Tang,12089
MO,Ieong,10474
MO,Leung,10429
MO,Cheang,10319
MO,Li,10236
MO,Chao,9710
MO,Lau,9378
MO,Ip,9267
MO,Wang,8548
MO,Wu,8133
MO,Chong,8022
MO,Chen,7607
MO,Tong,7082
MO,Hong,6778
MO,Lou,6501
MO,Man,6501
MO,Liu,6446
MO,Zhang,6252
MO,Ao,6114
MO,Cheng,6114
MO,Mak,6058
MO,Chang,6058
MO,Chu,5533
MO,Pun,5311
MO,Cheung,5007
MO,Yu,4924
MO,Fung,4869
MO,Hou,4481
MO,Sio,4343
MO,Chio,4343
MO,Che,4150
MO,Mok,4067
MO,Lin,4011
MO,Huang,3873
MO,Yeung,3818
MO,Kou,3762
MO,Wan,3679
MO,Yang,3679
MO,Pang,3679
MO,Kong,3624
MO,Sun,3541
MO,Chow,3541
MO,Ma,3347
MO,Kwok,3292
MO,Lio,3098
MO,Tan,3043
MO,Chou,2960
MO,So,2960
MO,Au,2960
MO,Chiu,2905
MO,Siu,2905
MO,Weng,2822
MO,Tai,2766
MO,Sin,2766
MO,Fan,2711
MO,Fu,2711
MO,Fok,2711
MO,Lu,2628
MO,Chon,2628
MO,Meng,2628
MO,Yip,2517
MO,Yuen,2517
MO,Law,2517
MO,Zhou,2379
MO,Zheng,2379
MO,Poon,2296
MO,Hui,2241
MO,Xu,2241
MO,Yan,2241
MO,Tsang,2185
MO,Zhao,2102
MO,Hu,2047
MO,Ku,2047
MO,Zhu,2047
MO,Lui,1992
MO,Kwan,1909
MO,Jiang,1853
MO,Si,1853
MO,Pan,1770
MO,Kan,1715
MO,Guo,1660
MO,Song,1660
MO,Liang,1577
MO,Hang,1521
MO,He,1466
MO,Tse,1466
MO,Zeng,1383
MO,Xie,1383
MO,Chui,1328
MO,Chi,1328
MO,Ngai,1328
MO,Yin,1328
MO,Peng,1328
MO,Tsui,1273
MO,Su,1273
DJ,Mohamed,60101
DJ,Ali,56780
DJ,Ahmed,45669
DJ,Hassan,42972
DJ,Abdi,29838
DJ,Omar,28740
DJ,Abdillahi,27936
DJ,Moussa,24220
DJ,Ibrahim,23321
DJ,Houssein,22298
DJ,Aden,21424
DJ,Djama,20047
DJ,Farah,16505
DJ,Elmi,15856
DJ,Youssouf,14605
DJ,Mahamoud,14280
DJ,Osman,13883
DJ,Robleh,13082
DJ,Said,12934
DJ,Daher,10138
DJ,Ismael,9014
DJ,Abdallah,8714
DJ,Bouh,8189
DJ,Ismail,7216
DJ,Houmed,7015
DJ,Nour,6667
DJ,Awaleh,5467
DJ,Darar,5417
DJ,Guedi,5343
DJ,Waberi,5193
DJ,Idriss,4420
DJ,Moumin,4344
DJ,Kamil,4270
DJ,Guelleh,4269
DJ,Wais,4195
DJ,Daoud,4120
DJ,Hamadou,3995
DJ,Doualeh,3795
DJ,Abdoulkader,3645
DJ,Mouhoumed,3620
DJ,Abdourahman,3545
DJ,Miguil,3520
DJ,Hersi,3421
DJ,Issa,3196
DJ,Aouled,3196
DJ,Egueh,2996
DJ,Dirieh,2796
DJ,Barreh,2796
DJ,Assoweh,2771
DJ,Sougueh,2746
DJ,Abdo,2622
DJ,Saleh,2597
DJ,Yonis,2572
DJ,Mohamoud,2472
DJ,Hamad,2422
DJ,Guirreh,2347
DJ,Isman,2347
DJ,Dirir,2172
DJ,Khaireh,2047
DJ,Djibril,1998
DJ,Iltireh,1997
DJ,Souleiman,1972
DJ,Meraneh,1972
DJ,Warsama,1947
DJ,Okieh,1922
DJ,Arreh,1922
DJ,Rayaleh,1847
DJ,Kayad,1822
DJ,Adaweh,1822
DJ,Barkad,1748
DJ,Bileh,1698
DJ,Jama,1648
DJ,Atteyeh,1648
DJ,Yacin,1598
DJ,Aboubaker,1573
DJ,Dahir,1548
DJ,Waiss,1523
DJ,Dabar,1473
DJ,Hoch,1448
DJ,Abdou,1423
DJ,Adan,1423
DJ,Hussein,1298
DJ,Hared,1248
DJ,Isse,1223
DJ,Samatar,1223
DJ,Barkat,1124
DJ,Houmad,1123
DJ,Awad,1099
DJ,Amin,1099
DJ,Mahamed,1099
DJ,Hachi,1074
DJ,Hadi,1024
DJ,Kassim,1024
DJ,Mousse,999
DJ,Yusuf,999
DJ,Habib,974
DJ,Cabdi,974
DJ,Maxamed,924
DJ,Roble,924
DJ,Cheik,924
XG,Awad,33126
XG,Al Najjar,24187
XG,El Masry,22272
XG,Odeh,20937
XG,Hamdan,20168
XG,Saleh,17509
XG,Al Khatib,16233
XG,Shaheen,16227
XG,Mansour,16165
XG,Mousa,14883
XG,Ahmed,14728
XG,Yassin,14074
XG,Hamad,13978
XG,Salama,13432
XG,Eisaa,13209
XG,Dawood,13134
XG,Salah,12898
XG,Hussein,12823
XG,Hassan,12785
XG,Abdullah,12644
XG,Hammad,12442
XG,Suleiman,12407
XG,Shehadeh,12072
XG,El Shaer,11145
XG,Abed,10671
XG,Taha,10510
XG,Zaaroub,10423
XG,Ashour,10412
XG,Nassar,10342
XG,Hamouda,10297
XG,Saad,10216
XG,Al Astal,10044
XG,Jaradat,9838
XG,Ayad,9827
XG,Ali,9793
XG,Khalil,9780
XG,Amr,9747
XG,Basharat,9425
XG,Ibrahim,9325
XG,Salem,9187
XG,Zaid,9149
XG,Jaber,9124
XG,Alyan,9083
XG,Rabie,9040
XG,Gabr,8971
XG,Obaid,8766
XG,Mohamed,8702
XG,Omar,8374
XG,Musleh,8296
XG,Daraghmeh,8280
XG,Khatib,8258
XG,Hegazy,8003
XG,Ghanim,7916
XG,Qasim,7690
XG,Bani Odeh,7603
XG,Ismail,7447
XG,Qadeeh,7426
XG,Abou Ali,7382
XG,Abu Bakr,7361
XG,Zidan,7265
XG,Hamed,7204
XG,Salman,7195
XG,Jouda,6961
XG,Darwish,6862
XG,Dweikat,6855
XG,El Sherif,6840
XG,Sobeeh,6808
XG,Najjar,6808
XG,Amer,6787
XG,Nasser,6746
XG,Badr,6711
XG,El Madhoun,6701
XG,Al Natsheh,6671
XG,Matar,6668
XG,Barakat,6595
XG,Nasr,6568
XG,Mostafa,6567
XG,Al Farra,6561
XG,Khader,6509
XG,El Aga,6490
XG,Yousef,6463
XG,Radwan,6374
XG,Abu Al-Rab,6371
XG,Siam,6301
XG,Mari,6266
XG,Hamid,6240
XG,Osman,6230
XG,Samara,6207
XG,Al Sheikh,6141
XG,Abu Odeh,6127
XG,Nofal,6108
XG,Sobh,5969
XG,Adwan,5812
XG,Abu Jazar,5808
XG,Al Jaabari,5783
XG,Sabah,5783
XG,Saeed,5783
XG,Khalaf,5707
XG,Safi,5701
XG,Ghannam,5618
SS,Deng,853936
SS,Chol,259457
SS,Bol,252587
SS,Chuol,225109
SS,John,188648
SS,Kuol,165397
SS,Majok,164869
SS,Garang,154300
SS,Tut,147431
SS,Peter,143732
SS,Lual,133163
SS,Gai,131578
SS,Gatluak,124708
SS,Malual,117839
SS,Lam,116254
SS,James,107270
SS,Dau,104628
SS,Koang,94588
SS,Biel,88776
SS,Jok,88776
SS,Atem,84020
SS,Kong,83491
SS,Gatwech,83491
SS,Dak,82963
SS,Pal,80849
SS,Gatkuoth,80321
SS,Mabior,76622
SS,Jal,73451
SS,Wal,71866
SS,Riek,68695
SS,Both,67638
SS,Ajak,63940
SS,Machar,63940
SS,Thon,62354
SS,Nhial,61826
SS,Mayen,57598
SS,Riak,57070
SS,Makuach,56542
SS,Paul,54428
SS,Puok,54428
SS,Nyang,53899
SS,Jock,49144
SS,Bul,49144
SS,Kur,48087
SS,Manyok,48087
SS,Dut,47030
SS,Mading,46501
SS,Gach,46501
SS,David,46501
SS,Ajang,45445
SS,Maker,44388
SS,Mut,43859
SS,Puot,43331
SS,Chan,43331
SS,Simon,42802
SS,Majak,42802
SS,Nyok,42802
SS,Bior,41746
SS,Lul,41217
SS,Yak,41217
SS,Duoth,40689
SS,Kiir,40160
SS,Achol,39632
SS,Duop,39632
SS,Ruot,38575
SS,Alier,38047
SS,Akech,37518
SS,Galuak,37518
SS,Joseph,36990
SS,Kueth,36461
SS,Hoth,36461
SS,Biar,33819
SS,Manyang,32762
SS,Kuany,32762
SS,Nyuon,32234
SS,William,32234
SS,Mach,31706
SS,Duot,31706
SS,Reath,31177
SS,Kai,30649
SS,Choul,30649
SS,Tot,30649
SS,Gatdet,30120
SS,Tap,30120
SS,Khor,29063
SS,Kuer,28007
SS,Arok,28007
SS,Gak,27478
SS,Akol,26950
SS,Duol,26950
SS,Angok,26421
SS,Aguer,26421
SS,Kuir,26421
SS,Yien,25893
SS,Ruach,25364
SS,Daniel,24308
SS,Tor,23779
SS,Kuon,23779
SS,Wuor,23251
SS,Kuku,23251
GW,Gomes,155276
GW,Mendes,83976
GW,Lopes,68131
GW,Balde,64962
GW,Djalo,61793
GW,Mane,60209
GW,Silva,58625
GW,Câmara,57040
GW,Correia,55456
GW,Monteiro,45949
GW,Baldé,45949
GW,Fernandes,44365
GW,Vaz,44365
GW,Pereira,44365
GW,Costa,39611
GW,Da Silva,38027
GW,Embalo,30105
GW,Jalo,28520
GW,Sanca,28520
GW,Dias,28520
GW,Vieira,26936
GW,Cabral,25351
GW,Sambu,25351
GW,Seidi,23767
GW,Sántos,23767
GW,Biai,23767
GW,Da Costa,22182
GW,Cassama,22182
GW,Dabo,20598
GW,Sanha,20598
GW,Soares,20598
GW,Biague,19013
GW,Domingos,19013
GW,Mendonça,17429
GW,Barbosa,17429
GW,Ferreira,15844
GW,Djassi,15844
GW,Tavares,15844
GW,Pina,15844
GW,Semedo,15844
GW,Mango,15844
GW,Cardoso,15844
GW,Almeida,15844
GW,Rodriguês,15844
GW,Mané,14260
GW,Diallo,14260
GW,Pinto,14260
GW,Keita,12676
GW,Sane,12676
GW,Carlos,12676
GW,Sani,12676
GW,Djau,12676
GW,Barros,12676
GW,Ramos,12676
GW,Ndiaye,12676
GW,Alves,12676
GW,António,12676
GW,Ano,52
GW,Sá,49
GW,Sow,49
GW,Sousa,49
GW,So,49
GW,Lourenço,49
GW,Pires,49
GW,Martins,49
GW,Seco,49
GW,Lima,49
GW,Djata,49
GW,Sano,36
GW,Reis,36
GW,Ribeiro,36
GW,Joao,36
GW,Cunha,36
GW,Mendy,36
GW,Carvalho,36
GW,Bah,36
GW,Oliveira,36
GW,Junior,36
GW,Moreira,36
GW,Teixeira,36
GW,Indjai,36
GW,Duarte,36
GW,Gonçalves,25
GW,De Pina,25
GW,Dos Santos,25
GW,Tamba,25
GW,Barry,25
GW,Casimiro,25
GW,Ca,25
GW,Ba,25
GW,Manuel,25
GW,Injai,25
GW,Seide,25
GW,Jose,25
GW,Jassi,25
GW,Caetano,25
GW,Quintino,25
GW,Fernando,25
GW,Augusto,25
GW,Conté,16
NA,Johannes,23895
NA,Shikongo,20231
NA,Paulus,18401
NA,Petrus,17676
NA,Shilongo,13489
NA,Kasita,13295
NA,Nangolo,13075
NA,Kamati,12056
NA,David,11896
NA,Andreas,11611
NA,Haufiku,11547
NA,Angula,10672
NA,Simon,10493
NA,Matheus,9941
NA,Hangula,9771
NA,Hamutenya,8669
NA,Shigwedha,8655
NA,Iipinge,8376
NA,Iyambo,8351
NA,Thomas,8298
NA,Van Wyk,7680
NA,Amutenya,7375
NA,Gabriel,7082
NA,Hausiku,7061
NA,Shivute,7060
NA,Haimbodi,7035
NA,Nakale,6925
NA,Iiyambo,6866
NA,Joseph,6833
NA,Beukes,6738
NA,Amunyela,6583
NA,Shaanika,6422
NA,Moses,6358
NA,Immanuel,6280
NA,Lukas,6109
NA,Frans,6033
NA,Cloete,5753
NA,Sakaria,5712
NA,Jonas,5623
NA,Heita,5605
NA,Iita,5557
NA,Martin,5426
NA,Erastus,5407
NA,Amadhila,5246
NA,Hamukwaya,5222
NA,Hamunyela,5222
NA,Hango,5176
NA,Shihepo,4922
NA,Ashipala,4889
NA,Nangombe,4855
NA,Nekongo,4659
NA,Abraham,4570
NA,Simasiku,4548
NA,Sheehama,4476
NA,Titus,4461
NA,Ekandjo,4446
NA,Festus,4419
NA,Daniel,4395
NA,Swartbooi,4348
NA,Josef,4303
NA,Fillemon,4208
NA,Shipanga,4163
NA,Tobias,4158
NA,Indongo,4057
NA,Kavari,4043
NA,Tomas,4037
NA,Haindongo,3985
NA,Ndara,3970
NA,Amakali,3937
NA,Uugwanga,3846
NA,Mateus,3785
NA,Elago,3716
NA,Haihambo,3705
NA,Nambahu,3614
NA,Uushona,3565
NA,Haipinge,3511
NA,Uusiku,3490
NA,Haingura,3409
NA,Ipinge,3380
NA,Vries,3368
NA,Simeon,3347
NA,Samuel,3345
NA,Nakanyala,3289
NA,Kambonde,3283
NA,Simataa,3233
NA,Stefanus,3223
NA,Alweendo,3217
NA,Fillipus,3149
NA,Nuuyoma,3136
NA,Matengu,3125
NA,Endjala,3103
NA,Hamukoto,3063
NA,Shiimi,3023
NA,Coetzee,3002
NA,Kandjimi,2988
NA,Muronga,2965
NA,Shiweda,2931
NA,Gideon,2905
NA,Boois,2836
NA,Swartz,2790
GM,Jallow,127472
GM,Ceesay,91303
GM,Bah,73219
GM,Njie,70867
GM,Touray,58075
GM,Câmara,45137
GM,Sanyang,43520
GM,Jammeh,42344
GM,Bojang,42197
GM,Cham,41314
GM,Jatta,38521
GM,Mendy,37051
GM,Sanneh,36169
GM,Drammeh,35286
GM,Jobe,34110
GM,Darboe,31611
GM,Badjie,29111
GM,Manneh,27935
GM,Sowe,27788
GM,Jarju,24553
GM,Sonko,20143
GM,Joof,19996
GM,Jaiteh,19849
GM,Sarr,19113
GM,Baldeh,18672
GM,Colley,18378
GM,Gaye,18231
GM,Fatty,16908
GM,Jagne,16467
GM,Dibba,16173
GM,Sambou,15879
GM,Conteh,14262
GM,Saidy,14115
GM,Faal,13968
GM,Sillah,13820
GM,Secka,13379
GM,Janneh,12497
GM,Jawara,12497
GM,Jeng,11909
GM,Keita,11321
GM,Mbye,10880
GM,Ndow,10880
GM,Fofana,10439
GM,Saho,10439
GM,Sallah,10292
GM,Barry,10292
GM,Saine,9851
GM,Jawo,9410
GM,Kamara,9410
GM,Trawally,9263
GM,Gassama,9116
GM,Jabang,8822
GM,Marong,8675
GM,Nyang,8675
GM,Faye,8675
GM,Hydara,8528
GM,Kinteh,8381
GM,Manjang,8381
GM,Kujabi,8086
GM,Saidykhan,7939
GM,Suso,7939
GM,Dampha,7792
GM,Sey,7351
GM,Singhateh,7351
GM,Gibba,7351
GM,Samateh,7057
GM,Kanteh,6763
GM,Jobarteh,6616
GM,Tamba,6469
GM,Ndure,6469
GM,Jadama,6469
GM,Khan,6322
GM,Nyassi,6322
GM,Samba,6175
GM,Demba,6175
GM,Fadera,5734
GM,Jabbi,5734
GM,Danso,5587
GM,Jawneh,5440
GM,Senghore,5440
GM,Njai,5146
GM,Sabally,5146
GM,Krubally,4852
GM,Bittaye,4852
GM,Kebbeh,4852
GM,Kanyi,4705
GM,Jarra,4705
GM,Koroma,4705
GM,Diallo,4558
GM,Tunkara,4411
GM,Lowe,4411
GM,Jassey,4411
GM,Sawaneh,4264
GM,Sidibeh,4264
GM,Kah,4117
GM,Jah,3970
GM,Dumbuya,3970
GM,Bass,3970
GM,Taal,3970
GM,Mboge,3970
PG,John,238519
PG,Peter,181519
PG,Paul,120946
PG,David,108827
PG,James,98569
PG,Thomas,88599
PG,Joseph,74606
PG,Simon,74008
PG,Philip,71770
PG,Andrew,67777
PG,Steven,67696
PG,Jack,66332
PG,Mark,65785
PG,Michael,63615
PG,Robert,15257
PG,Tom,14783
PG,Moses,14736
PG,Joe,14106
PG,Daniel,13341
PG,Mathew,11797
PG,Jacob,11561
PG,Samuel,10949
PG,Martin,9767
PG,Ben,9538
PG,Luke,9305
PG,William,9280
PG,Kaupa,9100
PG,Timothy,9015
PG,Samson,8958
PG,Francis,8837
PG,Jerry,8059
PG,Willie,7779
PG,Anton,7694
PG,Amos,7483
PG,Leo,7257
PG,George,7233
PG,Sam,6943
PG,Albert,6918
PG,Nelson,6844
PG,Buka,6840
PG,Wai,6819
PG,Henry,6782
PG,Robin,6516
PG,Jim,6279
PG,Micheal,6252
PG,Ken,5855
PG,Joel,5619
PG,Jimmy,5453
PG,Gabriel,5242
PG,Mek,5235
PG,Tonny,5228
PG,Anis,5198
PG,Kewa,5188
PG,Kila,5068
PG,Kua,5049
PG,Solomon,5043
PG,Mai,4984
PG,Apa,4968
PG,Lucas,4862
PG,Joshua,4861
PG,Patrick,4849
PG,Benny,4840
PG,Mathias,4794
PG,Ruben,4791
PG,Kelly,4763
PG,Billy,4743
PG,Rex,4581
PG,Kama,4522
PG,Petrus,4522
PG,Alex,4325
PG,Maima,4306
PG,Koi,4079
PG,Bob,4077
PG,Tau,4052
PG,Frank,4038
PG,Mara,4003
PG,Vincent,3976
PG,Stanley,3949
PG,Wari,3921
PG,Pius,3917
PG,Max,3891
PG,Bill,3864
PG,Kuri,3847
PG,Kevin,3786
PG,Pora,3771
PG,Tai,3756
PG,Benjamin,3696
PG,Alu,3694
PG,Mondo,3686
PG,Wanpis,3613
PG,Mala,3562
PG,Tony,3544
PG,Nick,3521
PG,Sine,3457
PG,Noah,3455
PG,Benson,3455
PG,Kiap,3338
PG,Roy,3334
PG,Abraham,3323
PG,Kai,3307
MU,Beeharry,6493
MU,Bundhoo,5239
MU,Appadoo,4994
MU,Gopaul,4947
MU,Boodhoo,4483
MU,Li,4244
MU,Bissessur,4121
MU,Ramchurn,4119
MU,Ramsamy,4009
MU,Mungur,3978
MU,Wong,3947
MU,Chan,3560
MU,Sookun,3453
MU,Ng,3264
MU,Marie,3246
MU,Joomun,3199
MU,Boodhun,3110
MU,Luchmun,3029
MU,Francois,3011
MU,Perrine,2908
MU,Ramasawmy,2867
MU,Nunkoo,2781
MU,Mohun,2725
MU,Chung,2682
MU,Louis,2678
MU,Jean,2650
MU,Luximon,2553
MU,Mungroo,2492
MU,Lee,2425
MU,Pierre,2315
MU,Teeluck,2244
MU,Abdool,2177
MU,Mootoosamy,2156
MU,Ramessur,2154
MU,Ramphul,2129
MU,Bholah,2120
MU,Armoogum,2118
MU,Aubeeluck,2093
MU,Ramdin,2070
MU,Domun,2063
MU,Ramgoolam,2054
MU,Seechurn,2032
MU,Begue,2006
MU,Sheik,2002
MU,Ramtohul,2001
MU,Lam,1999
MU,Gopee,1991
MU,Edouard,1974
MU,Leung,1942
MU,Ramsurrun,1937
MU,Gobin,1914
MU,Lim,1899
MU,Goburdhun,1849
MU,Veerapen,1799
MU,Mudhoo,1781
MU,Panchoo,1779
MU,Ramkissoon,1760
MU,Oozeer,1743
MU,Gunnoo,1706
MU,Seebaluck,1681
MU,Veerasamy,1666
MU,Chummun,1666
MU,Augustin,1657
MU,Rose,1654
MU,Dowlut,1648
MU,Joseph,1640
MU,Meunier,1583
MU,Prayag,1582
MU,Gopal,1581
MU,Babajee,1580
MU,Jeebun,1566
MU,Jeetoo,1562
MU,Thomas,1552
MU,Jeetun,1540
MU,Jhurry,1538
MU,Gokool,1534
MU,Hosany,1533
MU,Bahadoor,1530
MU,Seegoolam,1517
MU,Ramasamy,1500
MU,Ramma,1486
MU,Gujadhur,1481
MU,Narain,1475
MU,Mohabeer,1437
MU,Ramen,1414
MU,Agathe,1413
MU,Balgobin,1412
MU,Heerah,1401
MU,Padaruth,1392
MU,Domah,1387
MU,Jugoo,1371
MU,Moutou,1369
MU,Govinden,1368
MU,Hurry,1362
MU,Ram,1356
MU,Speville,1349
MU,Casimir,1349
MU,Jolicoeur,1349
MU,Bundhun,1346
MU,Daby,1340
LS,Mohapi,11265
LS,Sello,10758
LS,Mohale,8584
LS,Makhetha,7553
LS,Pitso,7104
LS,Tlali,7061
LS,Molise,6546
LS,Thamae,6388
LS,Letsie,6295
LS,Molapo,5583
LS,Mokone,5026
LS,Molefi,4878
LS,Matsoso,4846
LS,Moeketsi,4694
LS,Motsamai,4665
LS,Mokete,4194
LS,Mokhethi,4030
LS,Majoro,4019
LS,Moshoeshoe,4014
LS,Mokhele,4013
LS,Posholi,3899
LS,Makara,3495
LS,Moletsane,3493
LS,Makhele,3430
LS,Mosala,3377
LS,Moeti,3239
LS,Tau,3217
LS,Sekonyela,3217
LS,Motseki,3170
LS,Sehloho,3165
LS,Monaheng,3102
LS,Malefane,2997
LS,Mokoena,2966
LS,Monyane,2966
LS,Moleko,2934
LS,Moleleki,2906
LS,Moloi,2892
LS,Mohlomi,2889
LS,Mofolo,2868
LS,Molefe,2710
LS,Shale,2681
LS,Hlalele,2641
LS,Pule,2636
LS,Moiloa,2615
LS,Matela,2552
LS,Kotelo,2548
LS,Lerotholi,2501
LS,Thulo,2491
LS,Mokoma,2483
LS,Mothibeli,2465
LS,Makoae,2456
LS,Mosola,2406
LS,Jane,2404
LS,Pheko,2342
LS,Theko,2217
LS,Mahase,2215
LS,Masupha,2190
LS,Ntsane,2171
LS,Mokhothu,2158
LS,Sefali,2147
LS,Chabeli,2054
LS,Kao,2012
LS,Mafereka,2006
LS,Masilo,1990
LS,Matete,1977
LS,Metsing,1977
LS,Mosoeu,1964
LS,Moorosi,1942
LS,Molupe,1920
LS,Majara,1917
LS,Lipholo,1913
LS,Mothobi,1912
LS,Mohanoe,1909
LS,Lebona,1888
LS,Mahao,1876
LS,Nthako,1860
LS,Lesaoana,1855
LS,Molibeli,1849
LS,Mabote,1823
LS,Lekhooa,1821
LS,Letuka,1808
LS,Lenka,1805
LS,Mothae,1804
LS,Motlomelo,1797
LS,Masiu,1779
LS,Macheli,1773
LS,Lerata,1770
LS,Ts'Oeu,1757
LS,Mosoeunyane,1737
LS,Mosiuoa,1735
LS,Taole,1719
LS,Sekoati,1708
LS,Lesia,1705
LS,Ts'Olo,1699
LS,Lebitsa,1691
LS,Lepheana,1690
LS,Lekhanya,1681
LS,Fako,1663
LS,Khama,1662
LS,Sekhonyana,1654
GQ,Nguema,79461
GQ,Ndong,66004
GQ,Mba,62159
GQ,Ondo,60237
GQ,Esono,56392
GQ,Nsue,40692
GQ,Mangue,33002
GQ,Nchama,29157
GQ,Obiang,27876
GQ,Obama,26594
GQ,Abeso,24992
GQ,Edu,24672
GQ,Ela,22429
GQ,Asumu,22108
GQ,Obono,21788
GQ,Angue,15700
GQ,Nzang,15380
GQ,Engonga,14739
GQ,Nze,14098
GQ,Abaga,13457
GQ,Edjang,12176
GQ,Micha,11855
GQ,Andeme,11855
GQ,Owono,11535
GQ,Mbomio,10894
GQ,Ovono,10574
GQ,Ncogo,9933
GQ,Oyono,9612
GQ,Mitogo,9292
GQ,Avomo,9292
GQ,Bindang,8651
GQ,Alogo,8651
GQ,Oyana,8331
GQ,Nve,8331
GQ,Ntutumu,8010
GQ,Mikue,7369
GQ,Okomo,7369
GQ,Sima,7049
GQ,Ngomo,7049
GQ,Ada,6729
GQ,Angono,6729
GQ,Ebang,6729
GQ,Eyang,6408
GQ,Bibang,6408
GQ,Dougan,6088
GQ,Ngua,6088
GQ,Gonzalez,6088
GQ,Nvo,6088
GQ,Elo,5767
GQ,Manga,5767
GQ,Osa,5447
GQ,Maye,5447
GQ,Mbo,5447
GQ,Nfono,5127
GQ,Monsuy,5127
GQ,Nsang,5127
GQ,Martinez,4806
GQ,Mengue,4806
GQ,Engono,4806
GQ,Eworo,4806
GQ,Ona,4779
GQ,Miko,4486
GQ,Bakale,4486
GQ,Mbang,4486
GQ,Olo,4486
GQ,Bacale,4165
GQ,Smith,4165
GQ,Nzo,3845
GQ,Nsi,3525
GQ,Ntongono,3525
GQ,Garcia,3525
GQ,Fernandez,3525
GQ,Keita,3204
GQ,Asangono,3204
GQ,Nso,3204
GQ,Ngui,3204
GQ,Eyenga,3204
GQ,Nse,3204
GQ,Nkulu,3186
GQ,Eyene,2884
GQ,Rodriguez,2884
GQ,Ebong,2884
GQ,Ndongo,2884
GQ,Ferreira,2884
GQ,Mañana,2884
GQ,Alo,2884
GQ,Mokuy,2884
GQ,Diallo,2884
GQ,Perez,2884
GQ,Mabale,2884
GQ,Nkogo,2884
GQ,Mbengono,2884
GQ,Mico,2563
GQ,Abogo,2563
GQ,Lopez,2563
GQ,Belope,2563
GQ,Lima,2563
GQ,Medja,2563
GQ,Akapo,2563
GQ,Câmara,2549
CY,Georgiou,19267
CY,Charalambous,17566
CY,Ioannou,15222
CY,Constantinou,14146
CY,Christodoulou,13991
CY,Demetriou,11705
CY,Michael,11257
CY,Nicolaou,10800
CY,Andreou,10658
CY,Antoniou,10417
CY,Kyriacou,9213
CY,Savva,7664
CY,Stylianou,7385
CY,Christou,7210
CY,Panayiotou,6620
CY,Petrou,5347
CY,Christoforou,5321
CY,Christofi,5205
CY,Vassiliou,4916
CY,Theodorou,4735
CY,Stavrou,4496
CY,Loizou,4471
CY,Neophytou,4399
CY,Panayi,4267
CY,Philippou,3914
CY,Michaelides,3691
CY,Pavlou,3688
CY,Chrysostomou,3673
CY,Alexandrou,3481
CY,Louca,3438
CY,Kyprianou,3438
CY,Papadopoulos,3330
CY,Panteli,3173
CY,Eleftheriou,2895
CY,Elia,2870
CY,Constantinides,2712
CY,Georgiades,2711
CY,Spyrou,2706
CY,Efstathiou,2680
CY,Demosthenous,2674
CY,Anastassiou,2670
CY,Chrysanthou,2661
CY,Ioannides,2655
CY,Soteriou,2560
CY,Gregoriou,2524
CY,Savvides,2418
CY,Socratous,2372
CY,Achilleos,2323
CY,Kyriakides,2270
CY,Lambrou,2253
CY,Sophocleous,2242
CY,Iacovou,2215
CY,Evangelou,2203
CY,Costa,2172
CY,Aristidou,2148
CY,Papageorgiou,2037
CY,Kyriakou,2034
CY,Xenophontos,1994
CY,Nicolaides,1992
CY,Theocharous,1944
CY,Solomou,1927
CY,Adamou,1919
CY,Nikolaou,1896
CY,Polycarpou,1855
CY,Evripidou,1832
CY,Theophanous,1821
CY,Paraskeva,1804
CY,Efthymiou,1788
CY,Antoniades,1745
CY,Hadjigeorgiou,1742
CY,Avraam,1724
CY,Theodoulou,1722
CY,Cleanthous,1714
CY,Neocleous,1710
CY,Argyrou,1698
CY,Christodoulides,1676
CY,Christofides,1620
CY,Themistocleous,1620
CY,Heracleous,1620
CY,Lazarou,1583
CY,Yiangou,1539
CY,Athanassiou,1508
CY,Sofroniou,1496
CY,Leonidou,1494
CY,Gavriel,1485
CY,Prodromou,1472
CY,Michaelidou,1470
CY,Papadopoulou,1462
CY,Menelaou,1442
CY,Theodossiou,1442
CY,Photiou,1430
CY,Demetriades,1421
CY,Symeou,1405
CY,Aristodemou,1400
CY,Marcou,1378
CY,Herodotou,1369
CY,Pericleous,1351
CY,Loizides,1329
CY,Agathocleous,1312
CY,Mina,1305
RU,Ivanova,934857
RU,Ivanov,887846
RU,Kuznetsova,459119
RU,Kuznetsov,443731
RU,Smirnova,438217
RU,Petrov,433014
RU,Magomedov,385086
RU,Petrova,383975
RU,Smirnov,374754
RU,Popov,373675
RU,Popova,373069
RU,Volkova,308691
RU,Novikova,258006
RU,Morozova,244762
RU,Sokolova,235247
RU,Romanova,225197
RU,Pavlova,224882
RU,Shevchenko,223479
RU,Volkov,223285
RU,Andreeva,217392
RU,Vasilev,212003
RU,Novikov,209711
RU,Mikhaylova,209517
RU,Vasileva,209330
RU,Makarova,206614
RU,Morozov,198820
RU,Zaytseva,191396
RU,Sergeeva,190511
RU,Pavlov,190326
RU,Sokolov,189102
RU,Aliev,187039
RU,Romanov,182101
RU,Mikhaylov,181539
RU,Zakharova,180254
RU,Makarov,178795
RU,Stepanova,177715
RU,Lebedeva,177612
RU,Nikolaeva,177512
RU,Kozlova,173498
RU,Nikitina,172850
RU,Egorova,171967
RU,Egorov,170408
RU,Kozlov,165363
RU,Stepanov,162445
RU,Nikolaev,162366
RU,Andreev,160981
RU,Kovalenko,158338
RU,Yakovleva,157278
RU,Zakharov,157143
RU,Orlova,156084
RU,Frolova,156079
RU,Sergeev,151406
RU,Bondarenko,150954
RU,Zaytsev,147972
RU,Nikitin,145449
RU,Kotova,144177
RU,Orlov,143348
RU,Kravchenko,141168
RU,Borisova,140631
RU,Belova,140470
RU,Mironova,138548
RU,Alekseeva,137788
RU,Frolov,137345
RU,Kuzmina,135831
RU,Kuzmin,129549
RU,Yakovlev,128201
RU,Medvedeva,126587
RU,Lebedev,125521
RU,Magomedova,125039
RU,Belov,124831
RU,Antonova,124548
RU,Borisov,121681
RU,Alekseev,120732
RU,Dmitrieva,120051
RU,Tarasova,117507
RU,Semenova,117228
RU,Melnikova,116992
RU,Medvedev,116337
RU,Matveeva,114950
RU,Vlasova,114843
RU,Polyakova,113262
RU,Fedorova,111914
RU,Zhukova,111748
RU,Tkachenko,111666
RU,Antonov,111636
RU,Tarasov,109618
RU,Sidorov,107918
RU,Kim,106916
RU,Ilina,106499
RU,Filippova,105553
RU,Mironov,105263
RU,Sorokina,104956
RU,Kolesnikova,104845
RU,Guseva,104081
RU,Isaev,104025
RU,Dmitriev,103451
RU,Aleksandrova,102830
RU,Kotov,102748
RU,Danilova,102499
RU,Sorokin,101120
BW,Molefe,9183
BW,Modise,9046
BW,Mooketsi,5245
BW,Mosweu,4832
BW,Phiri,3938
BW,Moseki,3877
BW,Pule,3795
BW,Moloi,3569
BW,Kabelo,3436
BW,Moalosi,3376
BW,Moeng,3320
BW,Kenosi,3287
BW,Mogotsi,3194
BW,Joseph,3133
BW,Motsumi,3127
BW,Moyo,2979
BW,Tebogo,2967
BW,Marumo,2912
BW,Morapedi,2863
BW,David,2830
BW,Phuthego,2774
BW,Motsamai,2752
BW,Moatshe,2653
BW,Mogapi,2642
BW,Moilwa,2631
BW,Dube,2537
BW,Mokgosi,2504
BW,Thapelo,2499
BW,Montsho,2493
BW,Solomon,2477
BW,Thato,2454
BW,Simon,2444
BW,Letsholo,2399
BW,John,2377
BW,Lesego,2366
BW,Mogorosi,2361
BW,Mothibi,2355
BW,Pilane,2344
BW,Ncube,2333
BW,Tumelo,2311
BW,Moremi,2311
BW,Mpho,2306
BW,Tau,2295
BW,Molebatsi,2283
BW,Motlhabane,2250
BW,Boitumelo,2234
BW,Lesole,2212
BW,Medupe,2212
BW,Kagiso,2201
BW,Lebogang,2195
BW,Molatlhegi,2179
BW,Samuel,2173
BW,Motlogelwa,2123
BW,Kaisara,2118
BW,Mompati,2090
BW,Daniel,2057
BW,Molefi,2052
BW,Morake,2046
BW,Ndlovu,2041
BW,Moses,2030
BW,Kgosiemang,1958
BW,Masole,1947
BW,Otukile,1930
BW,Mmusi,1919
BW,Masilo,1914
BW,Molosiwa,1914
BW,James,1903
BW,Molapisi,1897
BW,Thomas,1886
BW,Mmereki,1881
BW,Sibanda,1859
BW,Mmolawa,1853
BW,Molefhe,1848
BW,Setlhare,1837
BW,Mogomotsi,1815
BW,Neo,1798
BW,Othusitse,1793
BW,Keitumetse,1782
BW,Toteng,1782
BW,Kgosietsile,1759
BW,Kgomotso,1710
BW,Mokalake,1699
BW,Keabetswe,1693
BW,Gaone,1682
BW,Seleka,1671
BW,Moabi,1644
BW,Tsheko,1638
BW,Leburu,1616
BW,Tshegofatso,1611
BW,Monageng,1605
BW,Thebe,1588
BW,Omphile,1572
BW,Sechele,1572
BW,Mokgethi,1566
BW,Kelebogile,1561
BW,Moroka,1555
BW,Kabo,1555
BW,Modisaotsile,1550
BW,Kealeboga,1522
BW,Ofentse,1517
GY,Persaud,21855
GY,Singh,20153
GY,Williams,10894
GY,Khan,7462
GY,Thomas,5803
GY,Joseph,5184
GY,Henry,4567
GY,James,4467
GY,Mohamed,4329
GY,Smith,3861
GY,Wilson,3523
GY,Daniels,3463
GY,Fraser,3370
GY,Peters,3357
GY,Narine,3302
GY,George,3211
GY,Benjamin,3203
GY,Lewis,3160
GY,Johnson,3129
GY,John,3116
GY,Adams,3030
GY,Bacchus,2900
GY,Ali,2893
GY,Edwards,2824
GY,Roberts,2764
GY,Charles,2569
GY,Jones,2264
GY,Griffith,2236
GY,Rampersaud,2223
GY,Paul,2175
GY,David,2174
GY,King,2152
GY,Simon,2036
GY,Lall,2000
GY,Samaroo,1957
GY,Ally,1905
GY,Clarke,1839
GY,Fredericks,1838
GY,Rodrigues,1788
GY,Abrams,1768
GY,Campbell,1767
GY,Harris,1723
GY,Francis,1715
GY,Moore,1698
GY,Alli,1690
GY,Ramnarine,1594
GY,Mohabir,1584
GY,Baksh,1574
GY,Grant,1541
GY,Thompson,1521
GY,Samuels,1481
GY,Austin,1477
GY,Phillips,1414
GY,Gomes,1401
GY,Richards,1387
GY,Browne,1311
GY,Jacobs,1308
GY,Mohan,1300
GY,Mahadeo,1299
GY,Gordon,1284
GY,Prince,1254
GY,Douglas,1249
GY,Hussain,1249
GY,Isaacs,1228
GY,Harry,1213
GY,Ross,1209
GY,Semple,1196
GY,Benn,1176
GY,Blair,1165
GY,Kissoon,1158
GY,Basdeo,1157
GY,Alexander,1140
GY,Moses,1138
GY,Mangal,1137
GY,Mckenzie,1136
GY,Ram,1134
GY,Gonsalves,1125
GY,Cummings,1102
GY,Mcdonald,1099
GY,Garraway,1086
GY,Marks,1074
GY,Alleyne,1072
GY,Forde,1069
GY,Anderson,1068
GY,Fernandes,1057
GY,Hinds,1057
GY,Allen,1054
GY,Sampson,1050
GY,Duncan,1038
GY,Melville,1038
GY,Latchman,1035
GY,Holder,1023
GY,Andrews,1020
GY,France,1017
GY,Nelson,1014
GY,Murray,1008
GY,Deonarine,1003
GY,Ramnauth,999
GY,Glasgow,987
GY,Mcpherson,976
BS,Rolle,13763
BS,Johnson,10103
BS,Smith,9844
BS,Knowles,7466
BS,Pinder,7419
BS,Williams,6511
BS,Thompson,6501
BS,Ferguson,6403
BS,Russell,5213
BS,Roberts,5088
BS,Sands,4664
BS,Albury,4525
BS,Brown,4453
BS,Miller,4420
BS,Bethel,4122
BS,Taylor,3729
BS,Adderley,3494
BS,Davis,3493
BS,Cooper,3491
BS,Saunders,3475
BS,Burrows,3259
BS,Hanna,3236
BS,Cartwright,3109
BS,Major,3096
BS,Clarke,3091
BS,Bain,3041
BS,Sweeting,3030
BS,Forbes,3017
BS,Dean,2938
BS,Gibson,2884
BS,Carey,2774
BS,Moss,2670
BS,Higgs,2382
BS,Butler,2259
BS,Mckenzie,2237
BS,Rahming,2212
BS,Jones,2123
BS,Sawyer,2118
BS,Turnquest,2114
BS,Hall,2081
BS,Bowe,2036
BS,Strachan,2023
BS,Pratt,1995
BS,Lowe,1859
BS,Kemp,1828
BS,Wilson,1820
BS,Stubbs,1794
BS,Wallace,1743
BS,Mcphee,1730
BS,Seymour,1714
BS,Hepburn,1704
BS,Evans,1704
BS,Darville,1670
BS,Curry,1653
BS,Newbold,1652
BS,Grant,1536
BS,Campbell,1517
BS,Stuart,1511
BS,Culmer,1495
BS,Lightbourne,1488
BS,Lewis,1475
BS,Mackey,1438
BS,Deveaux,1410
BS,Mcintosh,1379
BS,Munroe,1359
BS,Moxey,1357
BS,Lockhart,1349
BS,Symonette,1317
BS,Mckinney,1257
BS,Fox,1256
BS,Cox,1240
BS,Wells,1205
BS,Farrington,1203
BS,Martin,1179
BS,Bullard,1166
BS,Munnings,1162
BS,Ingraham,1151
BS,Francis,1149
BS,Kelly,1143
BS,Carroll,1065
BS,Gardiner,1053
BS,Woodside,1053
BS,Wright,1027
BS,Mcdonald,1027
BS,Cleare,1021
BS,Green,1019
BS,Duncombe,1014
BS,King,978
BS,Cash,978
BS,Robinson,973
BS,Storr,972
BS,Simmons,966
BS,Armbrister,957
BS,Poitier,888
BS,Young,888
BS,Curtis,869
BS,Lightbourn,846
BS,Collie,843
BS,Dames,837
BS,Marshall,837
TL,Soares,82704
TL,Guterres,45111
TL,Pereira,44610
TL,Da Costa,44109
TL,Ximenes,43106
TL,Amaral,35087
TL,Martins,35087
TL,Belo,34585
TL,Freitas,32580
TL,Pinto,32580
TL,Sántos,30074
TL,Alves,29573
TL,Fernandes,28570
TL,Sarmento,27568
TL,Da Silva,26566
TL,Costa,25062
TL,Gusmao,23057
TL,Araújo,22054
TL,Lopes,21553
TL,Silva,20049
TL,Sousa,16541
TL,Dos Santos,16040
TL,Gomes,15538
TL,Ribeiro,15037
TL,Moniz,15037
TL,De Jesus,14035
TL,Correia,13533
TL,Barreto,13032
TL,Tilman,13032
TL,Da Cruz,12531
TL,Cardoso,12531
TL,Oliveira,12030
TL,Gonçalves,12030
TL,De Araújo,12030
TL,Boavida,11528
TL,Cruz,11027
TL,Maia,10526
TL,Magno,10025
TL,Monteiro,9523
TL,Marçal,9523
TL,Almeida,9022
TL,Reis,8521
TL,Mendonça,8521
TL,Barros,8521
TL,Ferreira,8020
TL,Carvalho,8020
TL,Smith,8020
TL,Borges,8020
TL,Jesus,8020
TL,Marquês,7519
TL,Lay,7017
TL,Rodriguês,7017
TL,Rangel,6516
TL,Castro,6516
TL,Timor,6516
TL,Dacosta,6516
TL,Pires,6516
TL,Cabral,6516
TL,Menezes,6516
TL,Godinho,6015
TL,De Olíveira,6015
TL,Sequeira,6015
TL,Xavier,6015
TL,Nunes,5514
TL,Leite,5514
TL,Faria,5514
TL,Lemos,5514
TL,Neves,5012
TL,Varela,5012
TL,Verdial,4511
TL,Andrade,4511
TL,Saldanha,4511
TL,Mota,4511
TL,Fonsêca,4511
TL,Dias,4511
TL,Baptista,4511
TL,Vieira,4010
TL,Fatima,4010
TL,Fraga,4010
TL,Tavares,4010
TL,Singh,4010
TL,Ramos,4010
TL,Moreira,4010
TL,Victor,4010
TL,Deus,4010
TL,Branco,49
TL,Brites,49
TL,Lee,49
TL,Cunha,49
TL,Do Rego,49
TL,Vilanova,49
TL,Khan,49
TL,Viegas,49
TL,Silveira,49
TL,Lopez,49
TL,Do Rosario,49
TL,Lobato,49
TL,Dos Reis,49
TL,De Sousa,49
TL,Jones,49
XW,Awad,33126
XW,Al Najjar,24187
XW,El Masry,22272
XW,Odeh,20937
XW,Hamdan,20168
XW,Saleh,17509
XW,Al Khatib,16233
XW,Shaheen,16227
XW,Mansour,16165
XW,Mousa,14883
XW,Ahmed,14728
XW,Yassin,14074
XW,Hamad,13978
XW,Salama,13432
XW,Eisaa,13209
XW,Dawood,13134
XW,Salah,12898
XW,Hussein,12823
XW,Hassan,12785
XW,Abdullah,12644
XW,Hammad,12442
XW,Suleiman,12407
XW,Shehadeh,12072
XW,El Shaer,11145
XW,Abed,10671
XW,Taha,10510
XW,Zaaroub,10423
XW,Ashour,10412
XW,Nassar,10342
XW,Hamouda,10297
XW,Saad,10216
XW,Al Astal,10044
XW,Jaradat,9838
XW,Ayad,9827
XW,Ali,9793
XW,Khalil,9780
XW,Amr,9747
XW,Basharat,9425
XW,Ibrahim,9325
XW,Salem,9187
XW,Zaid,9149
XW,Jaber,9124
XW,Alyan,9083
XW,Rabie,9040
XW,Gabr,8971
XW,Obaid,8766
XW,Mohamed,8702
XW,Omar,8374
XW,Musleh,8296
XW,Daraghmeh,8280
XW,Khatib,8258
XW,Hegazy,8003
XW,Ghanim,7916
XW,Qasim,7690
XW,Bani Odeh,7603
XW,Ismail,7447
XW,Qadeeh,7426
XW,Abou Ali,7382
XW,Abu Bakr,7361
XW,Zidan,7265
XW,Hamed,7204
XW,Salman,7195
XW,Jouda,6961
XW,Darwish,6862
XW,Dweikat,6855
XW,El Sherif,6840
XW,Sobeeh,6808
XW,Najjar,6808
XW,Amer,6787
XW,Nasser,6746
XW,Badr,6711
XW,El Madhoun,6701
XW,Al Natsheh,6671
XW,Matar,6668
XW,Barakat,6595
XW,Nasr,6568
XW,Mostafa,6567
XW,Al Farra,6561
XW,Khader,6509
XW,El Aga,6490
XW,Yousef,6463
XW,Radwan,6374
XW,Abu Al-Rab,6371
XW,Siam,6301
XW,Mari,6266
XW,Hamid,6240
XW,Osman,6230
XW,Samara,6207
XW,Al Sheikh,6141
XW,Abu Odeh,6127
XW,Nofal,6108
XW,Sobh,5969
XW,Adwan,5812
XW,Abu Jazar,5808
XW,Al Jaabari,5783
XW,Sabah,5783
XW,Saeed,5783
XW,Khalaf,5707
XW,Safi,5701
XW,Ghannam,5618
CV,Lopes,29009
CV,Gomes,23353
CV,Mendes,20334
CV,Tavares,17939
CV,Monteiro,15743
CV,Dos Santos,14332
CV,Silva,11207
CV,Pereira,9552
CV,Semedo,9538
CV,Fernandes,9206
CV,Ramos,8895
CV,Rodrigues,8784
CV,Delgado,8319
CV,Fortes,8059
CV,Correia,7899
CV,Andrade,7579
CV,Varela,7462
CV,Lima,7447
CV,Da Cruz,7277
CV,Gonçalves,6852
CV,De Pina,6454
CV,Soares,6250
CV,Moreira,5879
CV,Dias,5840
CV,Rocha,5839
CV,Borges,5617
CV,Sanches,5356
CV,Vieira,5281
CV,Santos,5258
CV,Da Luz,4881
CV,Pires,4739
CV,Alves,4664
CV,Vaz,4563
CV,Da Veiga,4426
CV,Almeida,4426
CV,Dos Reis,4334
CV,Cardoso,3900
CV,Duarte,3828
CV,Cabral,3803
CV,Neves,3760
CV,Furtado,3733
CV,Brito,3623
CV,Martins,3592
CV,Da Silva,3343
CV,Do Rosário,3330
CV,Barbosa,2970
CV,Sousa,2859
CV,Moreno,2816
CV,Fonseca,2765
CV,Teixeira,2723
CV,Nascimento,2695
CV,Ferreira,2640
CV,Oliveira,2639
CV,Ribeiro,2422
CV,De Brito,2250
CV,Da Graça,2087
CV,Barros,2024
CV,Baptista,1938
CV,De Barros,1797
CV,Pina,1747
CV,Da Costa,1735
CV,De Andrade,1712
CV,Freire,1701
CV,Carvalho,1525
CV,Garcia,1515
CV,Miranda,1495
CV,Évora,1489
CV,Costa,1433
CV,Pinto,1432
CV,Morais,1307
CV,Nunes,1282
CV,Medina,1271
CV,Da Conceição,1136
CV,De Oliveira,1046
CV,Landim,1001
CV,De Carvalho,876
CV,Moniz,867
CV,Conceio,861
CV,Mendonça,796
CV,Livramento,747
CV,Da Moura,728
CV,Mota,709
CV,Barreto,696
CV,Centeio,676
CV,Horta,668
CV,Da Rosa,651
CV,Veiga,634
CV,Leal,623
CV,Sequeira,583
CV,Chantre,571
CV,Baessa,568
CV,Cruz,563
CV,Araújo,546
CV,De Sousa,529
CV,Domingos,510
CV,Afonso,510
CV,Robalo,491
CV,Marques,471
CV,Lobo,429
CV,De Almeida,429
MV,Mohamed,27622
MV,Ibrahim,20288
MV,Ali,19908
MV,Ahmed,15791
MV,Rasheed,11582
MV,Hassan,11561
MV,Hussain,11021
MV,Adam,10812
MV,Moosa,10614
MV,Abdulla,9194
MV,Shareef,5616
MV,Didi,5187
MV,Ismail,5057
MV,Yoosuf,4829
MV,Waheed,4599
MV,Saeed,3898
MV,Fulhu,3254
MV,Naseer,3212
MV,Manik,2998
MV,Aboobakuru,2873
MV,Abdul Rahman,2798
MV,Naseem,2449
MV,Zahir,2244
MV,Naeem,2232
MV,Hameed,2178
MV,Gasim,2138
MV,Saleem,1995
MV,Umar,1857
MV,Rasheeda,1838
MV,Latheef,1685
MV,Haleem,1400
MV,Waheeda,1367
MV,Idrees,1219
MV,Shakir,1213
MV,Zakariyya,1208
MV,Khaleel,1196
MV,Niyaz,1172
MV,Rahman,1169
MV,Easa,1156
MV,Abdul Raheem,1134
MV,Jameel,1024
MV,Jaleel,1009
MV,Riyaz,1009
MV,Amir,1000
MV,Nazim,983
MV,Zahira,925
MV,Riza,898
MV,Fayaz,872
MV,Shameem,866
MV,Rameez,856
MV,Saeeda,856
MV,Afeef,848
MV,Shahid,843
MV,Faiz,830
MV,Manike,804
MV,Musthafa,802
MV,Abdul Kareem,799
MV,Faisal,741
MV,Nizar,740
MV,Shiham,737
MV,Shafeeg,713
MV,Rashad,707
MV,Abdul Latheef,706
MV,Usman,703
MV,Dawood,703
MV,Khalid,700
MV,Habeeb,694
MV,Abbas,674
MV,Haneef,653
MV,Mahir,637
MV,Zareer,636
MV,Nizam,635
MV,Nasir,625
MV,Abdul Sattar,622
MV,Maniku,622
MV,Sameer,596
MV,Jaufar,595
MV,Aboobakur,593
MV,Mufeed,589
MV,Ashraf,585
MV,Haroon,578
MV,Raheem,576
MV,Nasheed,566
MV,Shujau,562
MV,Shafeeq,561
MV,Shiyam,552
MV,Solih,545
MV,Shafeeu,539
MV,Mahmood,531
MV,Arif,531
MV,Rafeeu,521
MV,Athif,519
MV,Nashid,510
MV,Najeeb,497
MV,Rasheedha,489
MV,Siraj,483
MV,Abdul Hakeem,476
MV,Abdul Azeez,472
MV,Fazeel,466
MV,Asif,466
GU,Cruz,3354
GU,Perez,1728
GU,Camacho,1329
GU,Blas,1280
GU,Flores,1272
GU,Duenas,1219
GU,Sablan,1218
GU,Aguon,1169
GU,Castro,1144
GU,Borja,1082
GU,Reyes,1058
GU,Mendiola,1049
GU,San Nicolas,1042
GU,Santos,1029
GU,Guerrero,1004
GU,Taitano,946
GU,Pangelinan,926
GU,Sántos,918
GU,Salas,860
GU,Lujan,831
GU,Torres,757
GU,Quinata,691
GU,Leon,663
GU,Manibusan,646
GU,Cepeda,642
GU,Toves,625
GU,Chargualaf,601
GU,Mesa,597
GU,Diaz,568
GU,Crisostomo,568
GU,Kim,564
GU,Meno,564
GU,Paulino,560
GU,Quichocho,560
GU,Benavente,531
GU,Calvo,518
GU,Garcia,514
GU,Quitugua,510
GU,Lee,494
GU,Lizama,494
GU,Quintanilla,494
GU,Martinez,477
GU,Mafnas,473
GU,Sanchez,465
GU,Terlaje,453
GU,Fejeran,436
GU,Concepcion,416
GU,Garrido,411
GU,Manglona,407
GU,Babauta,403
GU,Quenga,395
GU,Rivera,387
GU,Barcinas,387
GU,Dela Cruz,383
GU,Fernandez,383
GU,Untalan,379
GU,Bautista,379
GU,Anderson,374
GU,Muna,374
GU,Hernandez,374
GU,Palomo,370
GU,Guzman,366
GU,San Agustin,366
GU,Balajadia,358
GU,Baza,346
GU,Taijeron,346
GU,Gumataotao,337
GU,Naputi,333
GU,Smith,329
GU,Taitague,325
GU,Mantanona,321
GU,Gutierrez,317
GU,Pablo,317
GU,Roberto,300
GU,Arriola,300
GU,Bamba,300
GU,Ada,296
GU,Chen,292
GU,Aquino,292
GU,Cabrera,288
GU,Charfauros,276
GU,Limtiaco,276
GU,Johnson,276
GU,Valencia,267
GU,Aflague,267
GU,Munoz,263
GU,Atoigue,255
GU,Villagomez,251
GU,Diego,247
GU,Mendoza,243
GU,Chang,243
GU,Artero,243
GU,Taimanglo,239
GU,Rosário,239
GU,Tenorio,230
GU,Wang,230
GU,Brown,226
GU,Peredo,218
GU,Santiago,214
GU,Acfalle,214
SZ,Dlamini,261112
SZ,Simelane,39207
SZ,Mamba,28925
SZ,Shongwe,28824
SZ,Magagula,25414
SZ,Nxumalo,23090
SZ,Nkambule,22534
SZ,Vilakati,18416
SZ,Mabuza,18391
SZ,Khumalo,17785
SZ,Kunene,16446
SZ,Tsabedze,15764
SZ,Shabangu,15309
SZ,Zwane,14829
SZ,Maseko,14172
SZ,Ngwenya,13844
SZ,Mdluli,13237
SZ,Hlophe,12429
SZ,Mavuso,12176
SZ,Fakudze,11848
SZ,Lukhele,11671
SZ,Dube,10993
SZ,Gamedze,10888
SZ,Motsa,10863
SZ,Mkhonta,10585
SZ,Mhlanga,10585
SZ,Maziya,10560
SZ,Matsebula,9953
SZ,Masuku,9903
SZ,Msibi,9777
SZ,Gama,9729
SZ,Sibandze,9574
SZ,Nhlabatsi,8690
SZ,Bhembe,8412
SZ,Ndlovu,8337
SZ,Ndwandwe,7983
SZ,Ndlangamandla,7604
SZ,Ginindza,7478
SZ,Dludlu,7124
SZ,Matsenjwa,6998
SZ,Mnisi,6745
SZ,Gwebu,6695
SZ,Ndzinisa,6695
SZ,Mngometulu,6568
SZ,Ndzimandze,6518
SZ,Nhleko,6189
SZ,Mavimbela,6088
SZ,Sihlongonyane,5987
SZ,Magongo,5810
SZ,Mkhabela,5810
SZ,Tfwala,5735
SZ,Ngcamphalala,5709
SZ,Mndzebele,5684
SZ,Thwala,5583
SZ,Mazibuko,5431
SZ,Manana,5280
SZ,Mahlalela,5179
SZ,Malinga,5052
SZ,Sithole,5002
SZ,Masilela,5002
SZ,Vilane,4951
SZ,Dladla,4850
SZ,Mkhwanazi,4345
SZ,Makhanya,4244
SZ,Shiba,3968
SZ,Sikhondze,3890
SZ,Myeni,3865
SZ,Mtsetfwa,3840
SZ,Mkhatshwa,3815
SZ,Khoza,3764
SZ,Sifundza,3613
SZ,Hlatshwayo,3587
SZ,Mncina,3511
SZ,Tsela,3461
SZ,Hlatjwako,3385
SZ,Ntshangase,3385
SZ,Matse,3335
SZ,Jele,3335
SZ,Zulu,3083
SZ,Nkonyane,2930
SZ,Gumedze,2905
SZ,Mthethwa,2829
SZ,Mthembu,2829
SZ,Mbhamali,2804
SZ,Zikalala,2754
SZ,Ntshalintshali,2728
SZ,Malaza,2679
SZ,Maphalala,2653
SZ,Malindzisa,2602
SZ,Masango,2400
SZ,Mhlongo,2349
SZ,Xaba,2274
SZ,Mlotsa,2223
SZ,Ndlela,2223
SZ,Nsibande,2173
SZ,Mbingo,2147
SZ,Masina,2123
SZ,Nkhambule,2122
SZ,Nhlengethwa,2122
SZ,Ngozo,2072
BT,Dorji,49415
BT,Wangmo,37845
BT,Rai,37311
BT,Dema,29364
BT,Zangmo,24250
BT,Tshering,24189
BT,Choden,23437
BT,Lhamo,22653
BT,Gurung,16511
BT,Wangchuk,15400
BT,Wangdi,14726
BT,Ghalley,13406
BT,Tamang,12889
BT,Gyeltshen,9249
BT,Tenzin,7968
BT,Tshomo,6623
BT,Lham,6350
BT,Yangzom,6286
BT,Subba,5994
BT,Phuntsho,5681
BT,Penjor,5551
BT,Norbu,5453
BT,Dem,5156
BT,Pem,5096
BT,Mongar,5060
BT,Zam,4918
BT,Monger,4276
BT,Thinley,4145
BT,Jamtsho,4016
BT,Lepcha,3860
BT,Om,3842
BT,Chhetri,3794
BT,Limbu,3739
BT,Choki,3631
BT,Pemo,3590
BT,Tobgay,3515
BT,Pradhan,2819
BT,Tashi,2787
BT,Raini,2779
BT,Doya,2775
BT,Pelden,2752
BT,Sherpa,2713
BT,Dendup,2700
BT,Bidha,2640
BT,Dukpa,2591
BT,Namgay,2559
BT,Rinzin,2543
BT,Lhaden,2536
BT,Chozom,2522
BT,Yuden,2445
BT,Sharma,2437
BT,Tshewang,2288
BT,Mo,2221
BT,Peldon,2139
BT,Gyelmo,1919
BT,Chophel,1919
BT,Ghaley,1845
BT,Kami,1825
BT,Gyaltshen,1810
BT,Gyem,1810
BT,Rinchen,1796
BT,Namgyel,1787
BT,Chettri,1732
BT,Drukpa,1640
BT,Thapa,1634
BT,Lhadon,1623
BT,Adhikari,1623
BT,Khandu,1595
BT,Deki,1557
BT,Yangchen,1552
BT,Nidup,1551
BT,Yangden,1536
BT,Lhendup,1496
BT,Yangdon,1394
BT,Darjee,1370
BT,Chezom,1274
BT,Dolma,1269
BT,Zangpo,1252
BT,Dhendup,1247
BT,Sunwar,1092
BT,Uraon,1091
BT,Bhujel,1090
BT,Chhettri,1088
BT,Namgyal,1051
BT,Biswa,992
BT,Dahal,976
BT,Dorjee,945
BT,Yangki,935
BT,Pema,928
BT,Bida,920
BT,Kharka,906
BT,Dawa,861
BT,Delma,858
BT,Dechen,855
BT,Limboo,854
BT,Wangzom,849
BT,Raika,820
BT,Pelmo,803
BT,Ghalay,781
BT,Karki,771
TT,Mohammed,26989
TT,Ali,18199
TT,Joseph,16144
TT,Williams,14458
TT,Singh,13911
TT,Charles,12161
TT,Thomas,11905
TT,Maharaj,10646
TT,Rampersad,9956
TT,Khan,9721
TT,John,8744
TT,James,8298
TT,Lewis,8177
TT,Alexander,7927
TT,Hosein,6901
TT,Persad,6149
TT,George,6127
TT,Edwards,5843
TT,Phillip,5757
TT,Ramkissoon,5660
TT,Roberts,5480
TT,Francis,5247
TT,Baptiste,5030
TT,Pierre,4813
TT,Mahabir,4787
TT,Smith,4654
TT,Samuel,4385
TT,Samaroo,4315
TT,Mitchell,4249
TT,Ramnarine,4070
TT,Henry,3926
TT,Daniel,3853
TT,Paul,3836
TT,Jones,3800
TT,Clarke,3792
TT,Ramoutar,3543
TT,Johnson,3505
TT,Wilson,3453
TT,Peters,3331
TT,Boodoo,3312
TT,Ramroop,3191
TT,Seepersad,3178
TT,Garcia,3036
TT,Maraj,2954
TT,Ramlal,2954
TT,Sookdeo,2938
TT,Noel,2936
TT,Boodram,2932
TT,Alleyne,2898
TT,Brown,2872
TT,Richards,2867
TT,Ramdass,2789
TT,Sankar,2769
TT,Andrews,2745
TT,Ramcharan,2689
TT,Narine,2568
TT,Ramnath,2495
TT,King,2484
TT,Thompson,2478
TT,Beharry,2455
TT,Taylor,2396
TT,Hernandez,2381
TT,Grant,2368
TT,Mohan,2356
TT,Baksh,2315
TT,Baboolal,2310
TT,Phillips,2292
TT,Jack,2230
TT,Moore,2193
TT,Ramlogan,2190
TT,David,2187
TT,Campbell,2187
TT,Stewart,2170
TT,Martin,2156
TT,Ragbir,2148
TT,Davis,2110
TT,Benjamin,2077
TT,Simon,2073
TT,Deonarine,2061
TT,Bernard,2029
TT,Sookram,2004
TT,Julien,1970
TT,Ramlochan,1950
TT,Cooper,1947
TT,Gonzales,1939
TT,Sinanan,1939
TT,Richardson,1933
TT,Ramdeen,1923
TT,Roopnarine,1909
TT,Gopaul,1907
TT,Douglas,1903
TT,Gomez,1889
TT,Sylvester,1872
TT,Antoine,1853
TT,Adams,1846
TT,Kissoon,1825
TT,Ragoonanan,1818
TT,Duncan,1813
TT,Solomon,1811
TT,Sooknanan,1796
BB,Clarke,5352
BB,Alleyne,4102
BB,Griffith,3831
BB,Brathwaite,3701
BB,Forde,3222
BB,Holder,2985
BB,King,2792
BB,Williams,2714
BB,Jones,2640
BB,Jordan,2428
BB,Boyce,2412
BB,Best,2233
BB,Marshall,2228
BB,Smith,2193
BB,Small,2165
BB,Haynes,2073
BB,Hinds,2060
BB,Phillips,2043
BB,Browne,1975
BB,Sealy,1960
BB,Mayers,1914
BB,Gittens,1824
BB,Cumberbatch,1772
BB,Moore,1682
BB,Springer,1673
BB,Harewood,1624
BB,Blackman,1588
BB,Greenidge,1585
BB,Worrell,1540
BB,Hunte,1524
BB,Lewis,1508
BB,Greaves,1501
BB,Parris,1479
BB,Ward,1444
BB,Carter,1442
BB,Taylor,1415
BB,Weekes,1412
BB,Edwards,1386
BB,Layne,1386
BB,Payne,1376
BB,Johnson,1376
BB,Yearwood,1375
BB,Harris,1373
BB,Walcott,1342
BB,Maynard,1326
BB,Callender,1322
BB,Thompson,1313
BB,Trotman,1300
BB,Nurse,1273
BB,Gill,1273
BB,Gibson,1200
BB,Watson,1198
BB,Knight,1170
BB,Corbin,1157
BB,Skeete,1148
BB,Thomas,1146
BB,Beckles,1132
BB,Lashley,1101
BB,Morris,1074
BB,Belgrave,1030
BB,Husbands,1019
BB,Barrow,1006
BB,White,991
BB,Cox,984
BB,Bowen,962
BB,Daniel,961
BB,Carrington,959
BB,Inniss,931
BB,Bourne,929
BB,Lynch,928
BB,Reid,925
BB,Sobers,924
BB,Roach,920
BB,Ifill,915
BB,Hoyte,915
BB,Cadogan,901
BB,Chase,900
BB,Leacock,900
BB,Austin,860
BB,Yarde,854
BB,Archer,826
BB,Waithe,825
BB,Grant,820
BB,Prescod,793
BB,Miller,787
BB,Bynoe,785
BB,Headley,785
BB,Hall,779
BB,Greene,777
BB,Rock,776
BB,Davis,769
BB,Burke,752
BB,Brewster,752
BB,Gooding,751
BB,Nicholls,742
BB,Howell,740
BB,Pilgrim,729
BB,Foster,728
BB,Chandler,726
BB,Bryan,725
NC,Dubois,630
NC,Courtot,573
NC,Thomas,557
NC,Wamytan,525
NC,Weiss,469
NC,Martin,453
NC,Kabar,452
NC,Fabre,375
NC,Launay,359
NC,Delrieu,354
NC,Girard,339
NC,Benebig,333
NC,Coulon,328
NC,David,318
NC,Bui,312
NC,Marlier,312
NC,Waheo,312
NC,Martinez,307
NC,Gastaldi,307
NC,Petit,302
NC,Lucas,297
NC,Wright,292
NC,Colomina,286
NC,Rousseau,286
NC,Blum,286
NC,Lefebvre,281
NC,Chabaud,276
NC,Nguyen,271
NC,Creugnet,270
NC,Deschamps,266
NC,Hervouet,265
NC,Keletaona,265
NC,Riviere,255
NC,Blanc,255
NC,Lecren,255
NC,Pascal,250
NC,Dupont,245
NC,Rolland,245
NC,Verdier,234
NC,Napoleon,234
NC,Pham,229
NC,Kaddour,224
NC,Gayon,224
NC,Bresil,224
NC,Barbier,219
NC,Song,219
NC,Francois,213
NC,Mermoud,213
NC,Esposito,208
NC,Barthelemy,208
NC,Leonard,203
NC,Cornaille,203
NC,Naaoutchoue,203
NC,Debels,203
NC,Garcia,203
NC,Chenu,198
NC,Obry,198
NC,Lavigne,198
NC,Fogliani,198
NC,Leveque,193
NC,Komornicki,193
NC,Fayard,193
NC,Robert,193
NC,Michel,193
NC,Babin,193
NC,Vakie,192
NC,Yeiwene,187
NC,Lacrose,187
NC,Wabealo,182
NC,Brunet,182
NC,Giraud,182
NC,Goyetche,182
NC,Duval,177
NC,Chevalier,177
NC,Devillers,177
NC,Harbulot,177
NC,Tessier,177
NC,Perez,177
NC,Lelong,177
NC,Pages,172
NC,Aubert,172
NC,Dufour,172
NC,Newland,172
NC,Enoka,172
NC,Medard,172
NC,Richard,167
NC,Winchester,167
NC,Caunes,167
NC,Begaud,167
NC,Bastien,167
NC,Dangio,167
NC,Hoang,167
NC,Bull,161
NC,Pujol,161
NC,Barbou,161
NC,Wayaridri,161
NC,Ulm,161
NC,Monnier,161
NC,Schneider,161
NC,Fernandez,161
KM,Mohamed,79128
KM,Said,65940
KM,Ahmed,49201
KM,Ali,47680
KM,Passable,42300
KM,Abdallah,38549
KM,Abdou,34492
KM,Ahamada,30499
KM,Ibrahim,21811
KM,Youssouf,21349
KM,Soilihi,16841
KM,Hassani,16739
KM,Mmadi,14719
KM,Kassim,13188
KM,Bacar,12332
KM,Moussa,12173
KM,Allaoui,10145
KM,Issa,8623
KM,Salim,8623
KM,Madi,8116
KM,Ahamed,7608
KM,Mbae,7161
KM,Hassane,7101
KM,Assoumani,6895
KM,Soule,6594
KM,Maoulida,6498
KM,Yahaya,6087
KM,Houmadi,6087
KM,Abou,6087
KM,A,5835
KM,Omar,5580
KM,Aboubacar,5580
KM,Abderemane,5437
KM,Hamada,5072
KM,Ismael,5072
KM,Mahamoud,5039
KM,Abdillah,5039
KM,Mze,4774
KM,Saïd,4774
KM,Boina,4641
KM,Halifa,4565
KM,Attoumane,4508
KM,Athoumani,4376
KM,Mdahoma,4243
KM,Mouigni,4243
KM,Hassan,4058
KM,Charif,4058
KM,Abdoul,4058
KM,Attoumani,3580
KM,Aboudou,3448
KM,Msaidie,3448
KM,Ben Ali,3448
KM,Djae,3315
KM,Moindjie,3182
KM,Djoumoi,3050
KM,Saandi,2785
KM,Halidi,2652
KM,Chanfi,2652
KM,Nourdine,1989
KM,Tabibou,1591
KM,Saidou,1459
KM,Djambae,1326
KM,Abdoulkarim,1326
KM,Msahazi,1326
KM,Ahamadi,1326
KM,Mlamali,1326
KM,Hadidja,1193
KM,Msa,1193
KM,Fatouma,1193
KM,Djaffar,1061
KM,Massoundi,1061
KM,Ousseni,1061
KM,Soudjay,1061
KM,M,1061
KM,Mariama,928
KM,Mbaraka,928
KM,Tocha,928
KM,Younoussa,928
KM,Mchinda,796
KM,Ousseini,796
KM,Elamine,796
KM,Abdillahi,796
KM,Ben Ahmed,796
KM,Abasse,796
KM,Ahmada,796
KM,Issouf,663
KM,Nassor,663
KM,Rachad,663
KM,Fayal,663
KM,Sa,663
KM,Samira,663
KM,Adamou,663
KM,Nouhou,663
KM,Assani,663
KM,Anli,663
KM,Soulé,663
KM,Mkouboi,663
KM,Boura,663
KM,Asma,663
KM,Mikidadi,663
SB,Mae,3541
SB,Ramo,2522
SB,Sau,2002
SB,Taro,1794
SB,Iro,1744
SB,Sale,1674
SB,Hou,1398
SB,John,1311
SB,Leua,1297
SB,Billy,1232
SB,Haga,1146
SB,Tome,1142
SB,Bosa,1109
SB,Wale,1108
SB,Sade,1072
SB,Sikua,1016
SB,Wate,1015
SB,Peter,1002
SB,Mani,971
SB,Talo,962
SB,Au,936
SB,Ben,851
SB,Mary,756
SB,Jack,733
SB,Lui,713
SB,Ngelea,711
SB,Manu,693
SB,James,671
SB,Sam,630
SB,Junior,629
SB,Para,628
SB,Samo,614
SB,Pegoa,610
SB,Samani,609
SB,Ata,603
SB,Poloso,599
SB,Mark,597
SB,Paul,590
SB,George,556
SB,Kere,555
SB,Philip,550
SB,Wasi,547
SB,Pitu,543
SB,Galo,512
SB,Solo,508
SB,Tara,507
SB,Tuita,507
SB,Koti,506
SB,Wane,502
SB,Bako,498
SB,Kiko,498
SB,David,497
SB,Alick,495
SB,Timothy,491
SB,Robert,490
SB,Rex,490
SB,Sasa,487
SB,Kala,482
SB,Suri,481
SB,Joseph,479
SB,Siosi,469
SB,Vota,457
SB,Pitamama,456
SB,Talu,455
SB,Fafale,454
SB,Anisi,450
SB,Saeni,450
SB,Bana,447
SB,Eddie,439
SB,Sanga,436
SB,Pitakaka,435
SB,Tova,433
SB,Ratu,431
SB,Tom,431
SB,Gapu,427
SB,Moli,422
SB,Silas,422
SB,Taka,421
SB,Meke,408
SB,Marau,407
SB,Kona,406
SB,Dau,406
SB,Jimmy,405
SB,Tau,402
SB,Mane,401
SB,Oge,396
SB,Sala,394
SB,Willie,393
SB,Afu,393
SB,Moses,389
SB,Tagini,388
SB,Teku,388
SB,Panda,387
SB,Andrew,387
SB,Palmer,386
SB,Bata,386
SB,Diau,386
SB,Boli,385
SB,William,377
SB,Pita,377
KI,Ioane,2403
KI,Bauro,1670
KI,Ioteba,985
KI,Timon,815
KI,Teitikai,728
KI,Betero,728
KI,Timeon,728
KI,Tooma,687
KI,Tamuera,685
KI,Tioti,642
KI,Beia,642
KI,Taake,601
KI,Iotia,600
KI,Tiare,557
KI,Taitai,515
KI,Tiaon,514
KI,Been,472
KI,Rimon,472
KI,Taam,471
KI,Teiwaki,471
KI,Roboam,471
KI,Tetaake,471
KI,Kabiri,429
KI,Tito,429
KI,Ieremia,429
KI,Ata,429
KI,Neemia,428
KI,Ruka,386
KI,Toom,386
KI,Tion,386
KI,Erika,385
KI,Robati,385
KI,Redfern,343
KI,Tabai,343
KI,Boutu,343
KI,Itaia,343
KI,Muller,343
KI,Moote,343
KI,Matia,300
KI,Meere,300
KI,Rui,300
KI,Boota,300
KI,Koura,300
KI,Mataio,300
KI,Teriaki,300
KI,Bio,300
KI,Tio,257
KI,Kaake,257
KI,Uan,257
KI,Tannang,257
KI,Akau,257
KI,Taie,257
KI,Beniamina,257
KI,Eti,257
KI,Tune,257
KI,Tawaia,257
KI,Berenato,257
KI,Temauri,257
KI,Teem,257
KI,Anania,257
KI,James,257
KI,Boubou,257
KI,Eria,257
KI,Bureka,257
KI,Patrick,215
KI,Takai,215
KI,Tenea,215
KI,Ben,215
KI,Williams,215
KI,Maio,215
KI,Taribo,215
KI,Onorio,214
KI,Tekena,214
KI,Otea,214
KI,Itara,214
KI,Teaioro,214
KI,Tofinga,214
KI,Ioera,214
KI,Mataroa,214
KI,Teingoa,214
KI,Rutia,172
KI,Tong,172
KI,Abera,172
KI,Henry,172
KI,Reiher,172
KI,Aram,172
KI,Ali,172
KI,Boia,172
KI,Mackenzie,172
KI,Reo,172
KI,Aneri,172
KI,Makin,172
KI,Langley,172
KI,Randolph,172
KI,John,172
KI,Michael,172
KI,Oten,172
KI,Flood,172
KI,Tieri,172
KI,Tibau,172
ST,Fernandes,4000
ST,Dos Santos,3703
ST,Soares,3471
ST,Afonso,3106
ST,Quaresma,2949
ST,Da Costa,2656
ST,Neto,2525
ST,Lima,2376
ST,Pereira,2375
ST,De Sousa,2289
ST,Da Conceição,2263
ST,Dos Ramos,2164
ST,Santo,2113
ST,Tavares,2054
ST,Da Cruz,2031
ST,Lopes,1933
ST,Vaz,1821
ST,Costa,1805
ST,Mendes,1798
ST,Da Trindade,1787
ST,Dias,1782
ST,Da Graça,1733
ST,Carvalho,1636
ST,Pires,1626
ST,Martins,1610
ST,Gomes,1572
ST,Da Silva,1556
ST,Sousa,1500
ST,Das Neves,1472
ST,Santos,1418
ST,Ramos,1372
ST,Monteiro,1259
ST,Do Espirito,1240
ST,Do Nascimento,1225
ST,Do Sacramento,1185
ST,Nascimento,1184
ST,Ferreira,1165
ST,Varela,1073
ST,Silva,1011
ST,Semedo,1008
ST,Rodrigues,969
ST,De Ceita,963
ST,De Carvalho,959
ST,Correia,957
ST,Sacramento,914
ST,Santana,900
ST,Almeida,880
ST,Cruz,827
ST,Cravid,782
ST,Neves,773
ST,Viegas,773
ST,Pinto,768
ST,Pontes,750
ST,Do Espirito Santo,743
ST,Andrade,728
ST,Da Fonseca,673
ST,Trindade,666
ST,Gonçalves,648
ST,De Barros,632
ST,Barros,632
ST,Do Rosário,630
ST,Fonseca,619
ST,Bonfim,609
ST,Moreira,577
ST,Conceição,568
ST,Ceita,557
ST,Domingos,553
ST,De Almeida,521
ST,Cardoso,518
ST,Batista,507
ST,Alves,503
ST,Dos Reis,498
ST,Leal,491
ST,Marques,473
ST,Dos Anjos,469
ST,Borges,467
ST,Lourenço,466
ST,Leite,455
ST,Dalmeida,449
ST,Manuel,436
ST,Do Rosario,435
ST,De Assunção,430
ST,Cabral,423
ST,Coelho,422
ST,Graça,413
ST,Faleiro,409
ST,Sanches,406
ST,Da Mata,403
ST,Da Glória,402
ST,Moreno,388
ST,Assunção,377
ST,Dassunção,365
ST,De Oliveira,364
ST,Santiago,361
ST,Furtado,358
ST,Jesus,345
ST,Bandeira,342
ST,Oliveira,341
ST,Menezes,337
ST,Da Gloria,323
BZ,Martinez,4561
BZ,Garcia,4107
BZ,Castillo,3626
BZ,Lopez,3377
BZ,Williams,3251
BZ,Perez,2857
BZ,Cal,2691
BZ,Hernandez,2619
BZ,Chan,2490
BZ,Gonzalez,2433
BZ,Flowers,2428
BZ,Young,2338
BZ,Vasquez,2263
BZ,Reyes,2258
BZ,Rodriguez,2247
BZ,Flores,2141
BZ,Smith,2033
BZ,Choc,2031
BZ,Sanchez,1962
BZ,Ramirez,1944
BZ,Pop,1912
BZ,Coc,1872
BZ,Cruz,1834
BZ,Jones,1801
BZ,Novelo,1680
BZ,Mendez,1581
BZ,Guerra,1551
BZ,Tillett,1513
BZ,Torres,1494
BZ,Sho,1397
BZ,Usher,1353
BZ,Gomez,1312
BZ,Patt,1284
BZ,Nunez,1244
BZ,Romero,1244
BZ,Jimenez,1224
BZ,Tun,1219
BZ,Garbutt,1185
BZ,Gillett,1175
BZ,Mai,1162
BZ,Cowo,1160
BZ,Marin,1120
BZ,Neal,1117
BZ,Magana,1101
BZ,Ramos,1087
BZ,Tzib,1061
BZ,Requena,1056
BZ,Bol,1054
BZ,Palacio,1051
BZ,Cho,1048
BZ,Sosa,1034
BZ,Castellanos,1024
BZ,Teck,998
BZ,Herrera,993
BZ,Gongora,992
BZ,Thompson,982
BZ,Chi,974
BZ,Alvarez,971
BZ,Carrillo,963
BZ,Wade,957
BZ,Dominguez,956
BZ,Pech,953
BZ,Sutherland,951
BZ,Salam,950
BZ,Lewis,946
BZ,Chen,942
BZ,Arnold,941
BZ,Acosta,931
BZ,Ical,930
BZ,Teul,908
BZ,Coleman,883
BZ,Mejia,871
BZ,Gutierrez,871
BZ,Leslie,857
BZ,Santos,842
BZ,Ack,837
BZ,Gentle,828
BZ,Chun,825
BZ,Salazar,800
BZ,Guzman,792
BZ,Cano,787
BZ,Cocom,771
BZ,Blanco,764
BZ,Medina,754
BZ,Zetina,753
BZ,Westby,743
BZ,Manzanero,737
BZ,August,733
BZ,Tzul,731
BZ,Villanueva,719
BZ,Aguilar,716
BZ,Campos,715
BZ,Gordon,709
BZ,Velasquez,700
BZ,Aldana,691
BZ,Cawich,689
BZ,Briceno,688
BZ,Dawson,686
BZ,Diaz,686
BZ,Arzu,682
BN,Haji,13212
BN,Ahmad,7788
BN,Abd Rahman,5444
BN,Abdullah,5411
BN,Binti Abdullah,5183
BN,Ibrahim,5096
BN,Salleh,4368
BN,Rahman,4352
BN,Ismail,4212
BN,Daud,4097
BN,Bin Abdullah,4093
BN,Othman,3846
BN,Ali,3545
BN,Seng,3456
BN,Damit,3449
BN,Sulaiman,3370
BN,Tuah,3220
BN,Hamid,3186
BN,Tahir,3061
BN,Ling,2492
BN,Yusof,2396
BN,Jumat,2220
BN,Bakar,2195
BN,Kamis,2185
BN,Hassan,2081
BN,Yong,2080
BN,Omar,2067
BN,Chin,2037
BN,Mohamad,1953
BN,Mahmud,1910
BN,Abu Bakar,1850
BN,Tengah,1822
BN,Hong,1820
BN,Suhaili,1798
BN,Ming,1773
BN,Besar,1753
BN,Mohammad,1747
BN,Nayan,1729
BN,Binti Ahmad,1668
BN,Yassin,1658
BN,Lee,1653
BN,Yussof,1615
BN,Wong,1565
BN,Kiong,1521
BN,Osman,1515
BN,Jaludin,1510
BN,Hashim,1459
BN,Kok,1432
BN,Bin Ahmad,1424
BN,Yahya,1404
BN,Said,1383
BN,Eng,1372
BN,Mohammed,1363
BN,Lim,1351
BN,Abd Hamid,1344
BN,Kassim,1241
BN,Gurung,1235
BN,Mohamed,1222
BN,Ching,1222
BN,Leong,1202
BN,Siong,1191
BN,Chong,1191
BN,Yin,1186
BN,Fong,1122
BN,Wah,1117
BN,Idris,1073
BN,Ping,1073
BN,Sawal,1068
BN,Hussin,1051
BN,Moi,1051
BN,Lan,1030
BN,Salat,1011
BN,Fah,995
BN,Noor,983
BN,Binti Nasir,981
BN,Wahab,958
BN,Metussin,954
BN,Hua,953
BN,Soon,947
BN,Jaafar,931
BN,Huat,928
BN,Bin Ibrahim,927
BN,Taha,925
BN,Hui,917
BN,Heng,916
BN,Chuchu,907
BN,Karim,880
BN,Zainal,867
BN,Cheng,858
BN,Peng,852
BN,Lin,832
BN,Fatt,813
BN,Khiong,811
BN,Wei,809
BN,Abas,794
BN,Guan,788
BN,Choo,779
BN,Zaini,776
BN,Hock,757
BN,Hin,754
VU,Tari,4027
VU,Garae,3305
VU,John,2645
VU,Bule,2527
VU,Aru,2369
VU,David,2251
VU,Jimmy,2251
VU,Tabi,2211
VU,Bani,2053
VU,George,1974
VU,Kalo,1974
VU,Obed,1816
VU,Jack,1777
VU,Toa,1698
VU,Boe,1698
VU,Kalsakau,1652
VU,Robert,1540
VU,Sam,1500
VU,Joseph,1500
VU,Smith,1500
VU,Vira,1421
VU,James,1421
VU,Pakoa,1416
VU,Daniel,1382
VU,Tom,1382
VU,Johnson,1382
VU,Dick,1342
VU,Peter,1264
VU,Willle,1259
VU,Simon,1224
VU,Wilson,1224
VU,Thomas,1224
VU,Tamata,1180
VU,Samuel,1145
VU,Paul,1145
VU,Ben,1066
VU,Willie,1066
VU,Bong,1027
VU,Harry,1027
VU,Joe,987
VU,Abel,948
VU,Malas,908
VU,Massing,869
VU,Samson,869
VU,Mabon,869
VU,Kalmet,865
VU,Leo,829
VU,Joel,829
VU,Matan,790
VU,Brown,790
VU,Willy,790
VU,Toara,787
VU,Thompson,750
VU,Fred,750
VU,Andrew,750
VU,Moses,750
VU,Shem,711
VU,Rory,711
VU,Morris,711
VU,Moll,711
VU,Mala,711
VU,Noel,711
VU,Tahi,708
VU,Dinh,671
VU,Tasso,671
VU,Jackson,671
VU,Andre,671
VU,Roy,671
VU,Liu,632
VU,Banga,632
VU,Moli,632
VU,Leong,632
VU,Amos,632
VU,Frank,632
VU,Henry,632
VU,Reuben,592
VU,Wang,592
VU,Ishmael,592
VU,Nako,592
VU,Charley,592
VU,Hinge,590
VU,Mahit,553
VU,Bob,553
VU,Kenneth,553
VU,Martin,553
VU,Mera,553
VU,Ala,553
VU,Simeon,553
VU,Michel,553
VU,Jacob,553
VU,Lee,553
VU,Green,553
VU,Albert,513
VU,Lal,513
VU,Stevens,513
VU,Alick,513
VU,Solomon,513
VU,Calo,513
VU,Donald,513
VU,Sale,513
MC,Rossi,89
MC,Lorenzi,67
MC,Pastor,63
MC,Crovetto,56
MC,Cellario,53
MC,Martin,53
MC,Smith,51
MC,Garcia,48
MC,Gastaud,44
MC,Diallo,43
MC,Bernard,43
MC,Giordano,41
MC,Cohen,41
MC,Viale,39
MC,Lopez,39
MC,Fissore,38
MC,Verrando,38
MC,Williams,38
MC,Biancheri,38
MC,Palmero,36
MC,Allavena,34
MC,Martini,34
MC,Roux,32
MC,Carpinelli,32
MC,Taylor,32
MC,Pastorelli,31
MC,Rinaldi,31
MC,Testa,31
MC,Ferrari,31
MC,Bernardi,29
MC,Marsan,29
MC,Martinez,29
MC,Gomez,29
MC,Vatrican,29
MC,Bruno,29
MC,Michel,27
MC,Pizzio,27
MC,Hall,27
MC,Blanc,27
MC,Grimaldi,27
MC,Perez,27
MC,Johnson,26
MC,Câmara,26
MC,Medecin,26
MC,Thomas,26
MC,Lavagna,26
MC,Scott,26
MC,Costa,26
MC,Ferrero,26
MC,Merlino,26
MC,Antognelli,26
MC,Agliardi,26
MC,Marquet,24
MC,Berti,24
MC,Vial,24
MC,Lewis,24
MC,Franco,24
MC,Garelli,24
MC,Boisson,22
MC,Ramirez,22
MC,Bertrand,22
MC,Prat,22
MC,Rodriguez,22
MC,Rey,22
MC,Garino,22
MC,Durand,22
MC,Battaglia,22
MC,Marzocco,22
MC,Ballestra,22
MC,Klein,22
MC,Legrand,22
MC,Bertola,22
MC,Benedetti,20
MC,Boisbouvier,20
MC,Pierre,20
MC,Brown,20
MC,Brezzo,20
MC,Sangiorgio,20
MC,Barry,20
MC,Morel,20
MC,Levy,20
MC,Fabre,20
MC,Fautrier,20
MC,Wright,20
MC,Tomatis,20
MC,Notari,20
MC,Giusti,20
MC,Barral,20
MC,Doria,20
MC,Li,20
MC,Gastaldi,20
MC,Morris,20
MC,Longo,20
MC,Gibelli,20
MC,Gallo,20
MC,Cooper,19
MC,Marchetti,19
MC,Hernandez,19
MC,Jensen,19
MC,Toure,19
WS,Meredith,5496
WS,Keil,3094
WS,Westerlund,2646
WS,Ott,2239
WS,Betham,1995
WS,Fruean,1826
WS,Williams,1750
WS,Vaai,1623
WS,Grey,1588
WS,Schuster,1466
WS,Fepuleai,1461
WS,Tuala,1343
WS,Mariner,1303
WS,Retzlaff,1303
WS,Craig,1181
WS,Rasmussen,1181
WS,Ah Liki,1177
WS,Leota,1140
WS,Paul,1140
WS,Hunt,1099
WS,Pereira,1099
WS,Chan Mow,1055
WS,Leung Wai,1055
WS,Fuimaono,1018
WS,Fong,1018
WS,Brown,977
WS,Wright,936
WS,Lee,936
WS,Hunter,896
WS,Kruse,896
WS,Sua,896
WS,Tofa,893
WS,Esera,893
WS,Solomona,855
WS,Young,855
WS,Sio,814
WS,Rivers,814
WS,Chen,814
WS,Stevenson,814
WS,Lavea,814
WS,Chang,814
WS,Macdonald,814
WS,Bartley,773
WS,Levi,773
WS,Wendt,773
WS,Lui,773
WS,Chan,733
WS,Annandale,733
WS,Stowers,733
WS,Masoe,730
WS,Yoshida,692
WS,Lam,692
WS,Smith,692
WS,Sefo,690
WS,Ioane,651
WS,Ryan,651
WS,Tanielu,651
WS,Moors,651
WS,Lima,651
WS,Schmidt,651
WS,Lober,611
WS,Maiava,611
WS,Strickland,611
WS,Toleafoa,609
WS,Steffany,609
WS,Wilson,570
WS,Rankin,570
WS,Wong,529
WS,Main,529
WS,Amosa,529
WS,Stunzner,529
WS,Li,529
WS,Brunt,529
WS,Silva,529
WS,Mua,529
WS,Cronin,529
WS,Singh,529
WS,Andersen,529
WS,Fesolai,528
WS,Nickel,489
WS,Zhang,489
WS,Wetzell,489
WS,Stanley,489
WS,Percival,489
WS,Yuan,489
WS,Netzler,489
WS,Yazdani,489
WS,Wallwork,448
WS,Aiono,448
WS,Slade,448
WS,Arp,448
WS,Tavita,448
WS,Langton,448
WS,Hutchison,448
WS,Faumuina,448
WS,Tagaloa,407
WS,Huang,407
WS,Drake,407
WS,Lesa,407
WS,Moala,407
JE,Smith,654
JE,Jones,462
JE,Taylor,344
JE,De la Haye,334
JE,Bisson,322
JE,Brown,322
JE,De Gruchy,283
JE,Renouf,278
JE,Williams,276
JE,Vibert,266
JE,Hamon,266
JE,Pallot,266
JE,Wilson,259
JE,Noel,252
JE,Le Cornu,244
JE,Evans,240
JE,Le Marquand,237
JE,Richardson,232
JE,Le Maistre,227
JE,Blampied,222
JE,Roberts,220
JE,Clarke,218
JE,Baudains,218
JE,Robinson,215
JE,Le Brocq,213
JE,Thomas,212
JE,Walker,210
JE,Le Feuvre,208
JE,Lewis,208
JE,Harris,195
JE,Turner,191
JE,Hall,190
JE,Gallichan,190
JE,Martin,186
JE,Le Sueur,185
JE,Carter,181
JE,Hill,171
JE,Le Quesne,169
JE,Young,168
JE,Huelin,166
JE,Perchard,166
JE,Falle,166
JE,Harrison,164
JE,Amy,163
JE,White,163
JE,Davies,161
JE,Luce,157
JE,Johnson,157
JE,Gray,154
JE,Romeril,154
JE,Green,152
JE,Marett,152
JE,Scott,152
JE,Queree,151
JE,Miller,149
JE,Benest,147
JE,Anderson,147
JE,Coutanche,146
JE,Morgan,144
JE,Ward,144
JE,Hunt,144
JE,Kelly,142
JE,Pinel,141
JE,Wright,141
JE,Du Feu,139
JE,Moore,139
JE,Collins,139
JE,Wood,137
JE,King,137
JE,Clark,135
JE,Holley,135
JE,Hughes,135
JE,Morris,134
JE,De Sousa,134
JE,Parker,132
JE,Baker,132
JE,Le Brun,132
JE,Knight,132
JE,Campbell,132
JE,Buesnel,130
JE,Murphy,130
JE,Syvret,129
JE,Langlois,129
JE,Phillips,125
JE,Edwards,120
JE,Channing,120
JE,Bell,120
JE,Vautier,120
JE,Fox,119
JE,Jackson,119
JE,Nicolle,119
JE,Thompson,117
JE,Da Silva,117
JE,De Freitas,115
JE,Rondel,115
JE,Le Boutillier,115
JE,Aubert,113
JE,Mallet,113
JE,Cooper,113
JE,Norman,112
GI,Garcia,307
GI,Martinez,283
GI,Gomez,238
GI,Gonzalez,212
GI,Perez,197
GI,Rodriguez,182
GI,Cruz,176
GI,Smith,167
GI,Lopez,167
GI,Moreno,158
GI,Olivero,149
GI,Baglietto,128
GI,Reyes,122
GI,Parody,119
GI,Linares,116
GI,Robba,113
GI,Sene,111
GI,Asquez,111
GI,Sanchez,107
GI,Perera,107
GI,Mifsud,104
GI,Martin,98
GI,Payas,98
GI,Montegriffo,95
GI,Borge,92
GI,Cano,89
GI,Jones,89
GI,Duarte,89
GI,Dalmedo,86
GI,Lima,86
GI,Mascarenhas,83
GI,Santos,83
GI,Chipolina,82
GI,Byrne,80
GI,Hernandez,77
GI,Buttigieg,77
GI,Rocca,77
GI,Ballester,77
GI,Carreras,74
GI,Grech,74
GI,Fa,74
GI,Davis,72
GI,Attias,72
GI,Danino,72
GI,Johnson,72
GI,Golt,72
GI,Dalli,69
GI,Schembri,69
GI,Casciaro,69
GI,Fortunato,69
GI,Galliano,69
GI,Caruana,69
GI,Bossino,67
GI,Alecio,66
GI,Mauro,66
GI,Buhagiar,66
GI,King,66
GI,Gracia,63
GI,Edwards,63
GI,Sántos,63
GI,Borg,63
GI,Ferrary,63
GI,Cortes,63
GI,Pratts,63
GI,Alman,63
GI,Triay,63
GI,Fernandez,63
GI,Avellano,60
GI,Posso,60
GI,Azzopardi,60
GI,Ghio,60
GI,Francis,60
GI,Taylor,60
GI,Risso,60
GI,Pitaluga,57
GI,Brown,57
GI,Victor,57
GI,Lavagna,57
GI,Ruiz,57
GI,Chichon,57
GI,Hassan,57
GI,Olivera,57
GI,Macedo,57
GI,Serra,57
GI,Navarro,54
GI,Harrison,54
GI,Figueras,54
GI,Pizarro,54
GI,Bensadon,54
GI,Guerrero,54
GI,Podesta,54
GI,Neish,54
GI,Finlayson,51
GI,Trinidad,51
GI,Evans,51
GI,Canepa,51
GI,Ellul,51
GI,Sanguinetti,51
GI,Garro,51
GI,Duo,51
GD,Charles,3870
GD,Joseph,2807
GD,Thomas,2787
GD,Williams,2312
GD,Alexander,2255
GD,Lewis,1839
GD,John,1743
GD,Phillip,1660
GD,Noel,1638
GD,Mitchell,1558
GD,Francis,1456
GD,George,1310
GD,James,1165
GD,Baptiste,1138
GD,Edwards,915
GD,Peters,826
GD,Paul,823
GD,Sylvester,786
GD,Roberts,758
GD,Frederick,751
GD,Jones,721
GD,Alexis,716
GD,Samuel,694
GD,Antoine,691
GD,Smith,667
GD,Benjamin,609
GD,Andrew,608
GD,Felix,588
GD,Henry,562
GD,Calliste,556
GD,Pierre,548
GD,Julien,536
GD,Bartholomew,533
GD,Simon,528
GD,Mark,527
GD,Telesford,502
GD,Modeste,475
GD,Fletcher,461
GD,Bernard,412
GD,Andrews,388
GD,Bain,384
GD,Jeremiah,382
GD,Duncan,378
GD,Regis,371
GD,St Louis,371
GD,Douglas,370
GD,Augustine,369
GD,Frank,368
GD,Mcdonald,353
GD,Johnson,348
GD,Brathwaite,347
GD,Nelson,336
GD,Matthew,336
GD,Gilbert,335
GD,Bowen,326
GD,Ross,319
GD,Morain,318
GD,Wilson,317
GD,St Bernard,315
GD,Belfon,315
GD,Fraser,313
GD,Campbell,308
GD,Isaac,304
GD,David,303
GD,Richards,294
GD,Horsford,292
GD,Griffith,281
GD,Richardson,279
GD,Scott,276
GD,Francois,272
GD,Mcqueen,270
GD,Redhead,270
GD,Bethel,267
GD,Jeffrey,261
GD,Clarke,257
GD,Daniel,250
GD,Abraham,250
GD,Victor,249
GD,Gibbs,247
GD,Neckles,243
GD,Lawrence,242
GD,Mcsween,235
GD,Lessey,235
GD,Mason,235
GD,Stewart,233
GD,Collins,232
GD,Mcintosh,231
GD,Pascal,230
GD,Fortune,228
GD,Moses,228
GD,Lambert,225
GD,Clement,222
GD,Cox,221
GD,Harris,220
GD,Philip,220
GD,Stafford,217
GD,Ferguson,216
GD,Cadore,214
GD,Hosten,213
GD,Philbert,212
MH,John,572
MH,De Brum,447
MH,Lang,404
MH,Samuel,395
MH,Joel,357
MH,Joseph,350
MH,Capelle,299
MH,Loeak,297
MH,Phillip,294
MH,Peter,292
MH,Riklon,267
MH,Benjamin,263
MH,Johnson,243
MH,Langidrik,238
MH,Jacob,238
MH,Jacklick,237
MH,Thomas,232
MH,Kabua,229
MH,Gideon,216
MH,Samson,213
MH,George,205
MH,Milne,205
MH,James,203
MH,Henry,201
MH,Keju,201
MH,Johnny,196
MH,Kattil,184
MH,Kaious,180
MH,Ned,180
MH,Anjain,177
MH,Alik,177
MH,Jitiam,175
MH,Jack,172
MH,Luther,171
MH,Robert,166
MH,Langrine,163
MH,Paul,163
MH,Clement,161
MH,Alex,159
MH,Silk,158
MH,Latdrik,157
MH,David,156
MH,Alfred,155
MH,Balos,155
MH,Ralpho,153
MH,Abon,151
MH,Enos,149
MH,Dribo,147
MH,Anien,144
MH,Matthew,141
MH,Jibas,141
MH,Anni,141
MH,Harry,140
MH,Lokeijak,138
MH,Leban,137
MH,Aine,137
MH,Leon,135
MH,Bejang,134
MH,Tibon,134
MH,Clarence,132
MH,Daniel,131
MH,Kilma,131
MH,Rubon,131
MH,Nathan,130
MH,Lomae,128
MH,Jeik,127
MH,Abner,126
MH,Batlok,126
MH,Rilang,126
MH,Lewis,126
MH,William,125
MH,Edwin,123
MH,Korok,122
MH,Langbata,122
MH,Lakjohn,121
MH,Nenam,118
MH,Naisher,115
MH,Andrew,115
MH,Kios,114
MH,River,112
MH,Lalimo,112
MH,Briand,111
MH,Maddison,111
MH,Marshall,110
MH,Heine,109
MH,Joran,108
MH,Libokmeto,108
MH,Hiram,106
MH,Anitok,106
MH,Edmond,106
MH,Sam,105
MH,Allen,105
MH,Kalles,102
MH,Anej,101
MH,Jorlang,101
MH,Morelik,99
MH,Binejal,99
MH,Muller,99
MH,Alee,98
MH,Erakdrik,98
AW,Tromp,3421
AW,Maduro,2713
AW,Croes,2565
AW,Geerman,1881
AW,Kock,1599
AW,Kelly,1257
AW,Ras,1156
AW,Werleman,1127
AW,Arends,1063
AW,Koolman,961
AW,Boekhoudt,933
AW,Henriquez,906
AW,Wever,883
AW,De Cuba,878
AW,Lacle,873
AW,Vrolijk,827
AW,Figaroa,652
AW,Oduber,633
AW,Rasmijn,615
AW,Dirksz,508
AW,Dijkhoff,504
AW,Richardson,490
AW,Lampe,490
AW,Angela,481
AW,Lopez,471
AW,London,458
AW,Thiel,458
AW,Hernandez,430
AW,Ruiz,411
AW,Gomez,407
AW,Jansen,402
AW,Franken,402
AW,Perez,393
AW,Wernet,393
AW,Driver,384
AW,Erasmus,356
AW,Solognier,347
AW,Giel,328
AW,Jacobs,328
AW,Garcia,282
AW,Gomes,273
AW,Fingal,268
AW,Peterson,263
AW,Rodriguez,259
AW,Flanegin,259
AW,Yarzagaray,254
AW,Farro,250
AW,Harms,245
AW,Williams,245
AW,Semeleer,245
AW,Nicolaas,240
AW,Odor,240
AW,Gonzalez,240
AW,Willems,240
AW,Wilson,240
AW,Diaz,231
AW,Cuba,231
AW,Orman,222
AW,Candy,222
AW,Stamper,217
AW,Arrindell,213
AW,Martis,213
AW,Marchena,213
AW,Ponson,203
AW,Thai,199
AW,Britten,194
AW,Brown,190
AW,Thode,176
AW,Wouters,176
AW,Hoek,171
AW,Irausquin,171
AW,Quant,166
AW,Van der Linden,162
AW,Wong,157
AW,Winklaar,157
AW,Martinez,153
AW,Gumbs,153
AW,Webb,153
AW,Lejuez,152
AW,Martijn,152
AW,Donata,152
AW,Dania,148
AW,Thijsen,143
AW,Wolff,143
AW,Curiel,139
AW,Silva,139
AW,Martinus,134
AW,Wu,134
AW,Biezen,134
AW,Bermudez,134
AW,Ramirez,129
AW,Mansur,129
AW,Lee,129
AW,Hassell,129
AW,Faro,129
AW,Bareno,125
AW,De Kort,125
AW,Pieters,125
AW,Wester,125
AW,Frank,125
KY,Ebanks,4521
KY,Bodden,1803
KY,Smith,1080
KY,Scott,1037
KY,Mclaughlin,759
KY,Jackson,752
KY,Whittaker,718
KY,Bush,704
KY,Thompson,598
KY,Williams,583
KY,Powery,567
KY,Mcfield,559
KY,Watler,550
KY,Myles,519
KY,Brown,515
KY,Powell,485
KY,Miller,470
KY,Dixon,451
KY,Mclean,445
KY,Solomon,409
KY,Seymour,395
KY,Hydes,390
KY,Conolly,376
KY,Christian,367
KY,Hurlston,364
KY,Rivers,364
KY,Rankine,337
KY,Wood,336
KY,Foster,305
KY,Robinson,297
KY,Wright,284
KY,Rankin,280
KY,Campbell,278
KY,Clarke,276
KY,Johnson,272
KY,Tibbetts,263
KY,Walton,252
KY,Parchment,249
KY,Watson,243
KY,Parsons,240
KY,Dilbert,237
KY,Moore,237
KY,Forbes,232
KY,Stewart,231
KY,Wilson,229
KY,Barnes,221
KY,Manderson,218
KY,Ramoon,212
KY,Reid,210
KY,Davis,200
KY,Anderson,198
KY,Connor,196
KY,Webb,192
KY,Carter,179
KY,Berry,178
KY,Thomas,176
KY,Tatum,176
KY,Mccoy,173
KY,Welcome,172
KY,Lewis,171
KY,Evans,166
KY,Douglas,156
KY,Connolly,155
KY,Henry,155
KY,Anglin,153
KY,Frederick,153
KY,Yates,152
KY,Martin,150
KY,Ritch,150
KY,Welds,146
KY,Taylor,145
KY,Nixon,144
KY,Kelly,142
KY,Edwards,141
KY,Mctaggart,140
KY,Webster,137
KY,Chisholm,136
KY,Arch,129
KY,Banks,129
KY,Hunter,124
KY,Merren,123
KY,Jones,123
KY,Phillips,120
KY,Hill,119
KY,Richards,118
KY,Burke,116
KY,Terry,115
KY,Eden,114
KY,Kirkconnell,113
KY,Holness,112
KY,Bennett,111
KY,Pearson,110
KY,Bryan,108
KY,Grant,105
KY,James,105
KY,White,104
KY,Green,100
KY,Dacosta,100
KY,Ryan,100
KY,Harris,99
IM,Kelly,580
IM,Smith,497
IM,Jones,473
IM,Quayle,453
IM,Corlett,429
IM,Christian,363
IM,Moore,356
IM,Cain,354
IM,Davies,321
IM,Brown,318
IM,Williamson,311
IM,Harrison,310
IM,Wilson,309
IM,Williams,305
IM,Corkill,274
IM,Kneale,272
IM,Bell,264
IM,Cowin,262
IM,Jackson,261
IM,Crellin,256
IM,Quirk,255
IM,Clague,254
IM,Corrin,253
IM,Shimmin,247
IM,Callow,239
IM,Taylor,238
IM,Teare,236
IM,Clarke,214
IM,Hughes,214
IM,Kneen,211
IM,Callister,208
IM,Faragher,208
IM,Shaw,207
IM,Wood,201
IM,Clucas,199
IM,Watson,196
IM,Hall,194
IM,Johnson,192
IM,Watterson,191
IM,Cowley,188
IM,Morrison,186
IM,Evans,183
IM,Crowe,183
IM,Murphy,183
IM,Thomas,180
IM,Brew,179
IM,Bridson,178
IM,Thompson,177
IM,Martin,176
IM,Corkish,175
IM,Cubbon,171
IM,Simpson,169
IM,Cannell,167
IM,Kewley,166
IM,Walker,162
IM,Harris,161
IM,Cowell,158
IM,Roberts,155
IM,Turner,155
IM,Kermode,154
IM,Dawson,150
IM,Kinrade,150
IM,Quine,149
IM,Leece,148
IM,Sayle,147
IM,Campbell,147
IM,Collister,146
IM,Green,146
IM,Kennaugh,146
IM,Clark,146
IM,Gelling,143
IM,Garrett,143
IM,Robinson,143
IM,Baker,142
IM,Caley,141
IM,Wright,140
IM,Bailey,138
IM,Doyle,138
IM,Fargher,138
IM,Howard,138
IM,Young,136
IM,Morris,136
IM,Oates,136
IM,Duggan,134
IM,Anderson,133
IM,Matthews,131
IM,Bennett,130
IM,Phillips,130
IM,Wade,128
IM,White,127
IM,Skillicorn,125
IM,Scott,124
IM,Ellis,123
IM,Halsall,123
IM,Stewart,123
IM,Edwards,123
IM,Miller,123
IM,Kissack,123
IM,Craine,122
IM,Caine,122
PF,Wong,1371
PF,Tetuanui,1086
PF,Richmond,934
PF,Amaru,867
PF,Mai,775
PF,Lucas,750
PF,Teuira,706
PF,Lai,701
PF,Salmon,695
PF,Chung,670
PF,Lehartel,664
PF,Hauata,663
PF,Chan,633
PF,Bennett,602
PF,Martin,590
PF,Temauri,589
PF,Flores,584
PF,Ly,578
PF,Frogier,540
PF,Lee,535
PF,Ebb,504
PF,Utia,503
PF,Temarii,491
PF,Teihotaata,491
PF,Teriipaia,485
PF,Bonno,479
PF,Tepa,479
PF,Deane,473
PF,Teheiura,473
PF,Viriamu,466
PF,Taerea,460
PF,Tinorua,460
PF,Clark,455
PF,Lau,455
PF,Mou,449
PF,Tehei,442
PF,Barff,436
PF,Cheung,430
PF,Doom,430
PF,Teriierooiterai,417
PF,Poroi,411
PF,Siu,406
PF,Manea,406
PF,Guilloux,405
PF,Hunter,400
PF,Tamarii,399
PF,Colombani,393
PF,Tihoni,393
PF,Lemaire,393
PF,Tauru,387
PF,Taputu,387
PF,Rey,381
PF,Teiho,381
PF,Dauphin,375
PF,Williams,369
PF,Tama,369
PF,Barsinas,368
PF,Shan,363
PF,Vernaudon,350
PF,Tauraa,350
PF,Teinauri,344
PF,Parker,344
PF,Laille,338
PF,Arai,338
PF,Lenoir,338
PF,Atger,338
PF,Rochette,338
PF,Sanford,326
PF,Helme,326
PF,Hatitio,325
PF,Terai,320
PF,Tautu,320
PF,Wohler,314
PF,Ellacott,314
PF,Estall,307
PF,Bambridge,307
PF,Sandford,307
PF,Brotherson,307
PF,Chang,307
PF,Teiva,307
PF,Hart,301
PF,Chong,301
PF,Teissier,301
PF,Gooding,295
PF,Parau,295
PF,Adams,295
PF,Lo,295
PF,Garbutt,295
PF,Li,295
PF,Picard,289
PF,Pito,289
PF,Flohr,289
PF,Liao,289
PF,Hamblin,289
PF,Brothers,283
PF,Dubois,283
PF,Tumahai,282
PF,Domingo,277
PF,Hiro,276
PF,Teamo,276
SC,Hoareau,1591
SC,Marie,1471
SC,Payet,1224
SC,Morel,1012
SC,Pillay,930
SC,Esparon,927
SC,Larue,859
SC,Vidot,789
SC,Barbe,753
SC,Rose,730
SC,Leon,694
SC,Albert,671
SC,Sinon,647
SC,Joubert,624
SC,Bristol,600
SC,Moustache,581
SC,Tirant,558
SC,Camille,541
SC,Monthy,534
SC,Chetty,530
SC,Savy,530
SC,Belle,518
SC,Labrosse,518
SC,Labiche,494
SC,Joseph,483
SC,Elizabeth,483
SC,Mondon,471
SC,Pool,459
SC,Lucas,459
SC,Ernesta,446
SC,Boniface,424
SC,Simeon,424
SC,Jean,400
SC,Ally,400
SC,Pierre,388
SC,Lesperance,377
SC,Samson,377
SC,Laporte,365
SC,Robert,365
SC,Barra,365
SC,Bonne,365
SC,Julie,353
SC,Mathiot,330
SC,Gabriel,330
SC,Quatre,329
SC,Victor,318
SC,Charles,318
SC,Kumar,318
SC,Michel,318
SC,Antat,317
SC,Louise,306
SC,Renaud,306
SC,Barbé,299
SC,Faure,294
SC,Fred,294
SC,Figaro,294
SC,Laurence,294
SC,Etienne,282
SC,Valentin,282
SC,Alcindor,282
SC,Denis,282
SC,Edmond,282
SC,Dine,271
SC,Bibi,271
SC,Didon,271
SC,Vel,271
SC,Benoit,271
SC,Dodin,264
SC,Fanchette,258
SC,Aglae,252
SC,Banane,247
SC,Magnan,247
SC,Asba,241
SC,Domingue,235
SC,Padayachy,235
SC,Esther,235
SC,Radegonde,235
SC,Sophola,229
SC,Naiken,229
SC,Stravens,223
SC,Confait,217
SC,Adeline,217
SC,Souris,212
SC,Rath,212
SC,Madeleine,212
SC,Woodcock,212
SC,Khan,212
SC,Labonte,212
SC,Isaac,212
SC,Adrienne,211
SC,William,200
SC,Henriette,200
SC,Francoise,200
SC,Marengo,200
SC,Florentine,200
SC,Thomas,188
SC,Valmont,188
SC,Rachel,188
SC,Louis,188
SC,André,182
VC,Williams,3915
VC,John,2415
VC,Browne,1925
VC,Lewis,1634
VC,Charles,1514
VC,Thomas,1473
VC,James,1471
VC,Baptiste,1446
VC,Samuel,1437
VC,Richards,1243
VC,Edwards,1198
VC,Joseph,1104
VC,Ollivierre,1077
VC,Jack,971
VC,Peters,957
VC,Roberts,903
VC,Alexander,838
VC,King,817
VC,Jackson,775
VC,Matthews,765
VC,Lavia,759
VC,Harry,742
VC,Davis,739
VC,Simmons,720
VC,Glasgow,677
VC,Adams,667
VC,Phillips,638
VC,Johnson,627
VC,George,623
VC,Nanton,542
VC,Clarke,530
VC,Daniel,523
VC,Jacobs,516
VC,Grant,511
VC,Stapleton,504
VC,Sutherland,486
VC,Pierre,481
VC,Young,470
VC,Bailey,466
VC,Shallow,463
VC,Wilson,458
VC,Ashton,453
VC,Francis,450
VC,Ballantyne,437
VC,Frederick,409
VC,Sam,405
VC,Providence,397
VC,Pope,396
VC,Pompey,394
VC,Richardson,391
VC,Henry,389
VC,Robertson,386
VC,Andrews,382
VC,Bowens,382
VC,Durrant,379
VC,Douglas,378
VC,Cain,365
VC,Miller,359
VC,Francois,356
VC,Cato,355
VC,Hazell,350
VC,Patterson,347
VC,Da Silva,345
VC,Duncan,344
VC,Robinson,342
VC,Quashie,340
VC,Bacchus,329
VC,Bynoe,325
VC,Gibson,324
VC,Horne,324
VC,Haywood,318
VC,Small,315
VC,Cupid,314
VC,Franklyn,311
VC,Morgan,309
VC,Hoyte,303
VC,Primus,294
VC,Hackshaw,293
VC,Mcdowall,293
VC,Haynes,293
VC,Ryan,291
VC,De Freitas,290
VC,Nero,290
VC,Bobb,289
VC,Forde,288
VC,Gordon,285
VC,Woods,281
VC,Smith,279
VC,Antoine,272
VC,May,269
VC,Fraser,268
VC,Isaacs,260
VC,Simon,259
VC,Stephens,257
VC,Scott,257
VC,Martin,257
VC,Allen,256
VC,Delpesche,256
VC,Walker,241
VC,Hooper,239
TO,Latu,2703
TO,Fifita,2317
TO,Finau,2106
TO,Tupou,2036
TO,Mafi,2001
TO,Wang,1720
TO,Lin,1685
TO,Fonua,1615
TO,Chen,1579
TO,Moala,1439
TO,Havea,1401
TO,Manu,1366
TO,Taufa,1334
TO,Vea,1264
TO,Huang,1193
TO,Taumoepeau,1086
TO,Guo,1053
TO,Palu,1053
TO,Li,948
TO,Tukuafu,877
TO,Cocker,842
TO,Nau,807
TO,Yu,772
TO,Sika,737
TO,Langi,737
TO,Faletau,701
TO,Soakai,701
TO,Smith,667
TO,Edwards,597
TO,Lolohea,597
TO,Fotu,597
TO,Vi,562
TO,Aho,562
TO,Mataele,562
TO,Kaufusi,526
TO,Jones,526
TO,Tonga,526
TO,Lee,491
TO,Wu,491
TO,Funaki,491
TO,Mahe,491
TO,Afu,491
TO,Nakao,491
TO,Tuita,490
TO,Vete,490
TO,Takai,456
TO,He,456
TO,Esau,456
TO,Maka,456
TO,Tuipulotu,456
TO,Foliaki,455
TO,Liu,421
TO,Zhang,386
TO,Folau,386
TO,Helu,385
TO,Zheng,351
TO,Sanft,351
TO,Bloomfield,351
TO,Hafoka,351
TO,Kava,351
TO,Pulu,351
TO,Ma,316
TO,Prescott,316
TO,Wei,316
TO,Moa,316
TO,Katoa,316
TO,Malupo,315
TO,Vaka,281
TO,Xu,281
TO,Zhong,281
TO,Hoeft,281
TO,Lui,281
TO,Prasad,281
TO,Ali,246
TO,Luo,246
TO,Ika,246
TO,Mone,246
TO,Johansson,246
TO,Yang,246
TO,Jiang,246
TO,Sullivan,246
TO,Nishi,246
TO,Huni,245
TO,Topui,245
TO,Shi,211
TO,Fine,211
TO,Zhao,211
TO,Xue,211
TO,Siale,211
TO,Dalgety,211
TO,Miller,211
TO,Pahulu,211
TO,Penitani,210
TO,Fang,175
TO,Havili,175
TO,Stephenson,175
TO,Tausinga,175
TO,Ramsay,175
TO,You,175
TO,Skelton,175
AD,Garcia,2051
AD,Rodriguez,1376
AD,Fernandez,1376
AD,Martinez,1272
AD,Lopez,1235
AD,Sanchez,1067
AD,Gonzalez,925
AD,Perez,918
AD,Torres,870
AD,Font,774
AD,Da Silva,727
AD,Pereira,675
AD,Martin,557
AD,Gonçalves,533
AD,Ruiz,522
AD,Casal,484
AD,Fernandes,475
AD,Gomes,454
AD,Riba,426
AD,Rossell,421
AD,Rodrigues,414
AD,Areny,408
AD,Vidal,406
AD,Naudi,402
AD,Armengol,377
AD,Gomez,367
AD,Ferreira,358
AD,Moreno,358
AD,Alvarez,350
AD,Vila,347
AD,Jimenez,347
AD,Da Costa,346
AD,Pujol,327
AD,Pons,324
AD,Dos Santos,319
AD,Baro,319
AD,Alves,319
AD,Martins,317
AD,Cuca,292
AD,Muñoz,288
AD,Tomas,283
AD,Ramos,282
AD,Ribeiro,267
AD,Babot,266
AD,Ros,261
AD,Mas,261
AD,Alonso,248
AD,Roca,248
AD,Navarro,243
AD,Grau,242
AD,Farre,233
AD,Calvo,232
AD,Iglesias,227
AD,Mora,227
AD,Ferrer,226
AD,Castro,220
AD,Pires,220
AD,Marti,219
AD,Pinto,215
AD,Puig,211
AD,Romero,209
AD,Teixeira,206
AD,Diaz,201
AD,Duro,197
AD,De Sousa,191
AD,Coll,190
AD,Sole,189
AD,Mandico,187
AD,Marin,185
AD,Gil,177
AD,Soler,174
AD,Blanco,173
AD,De Oliveira,171
AD,Hernandez,169
AD,Cerqueda,168
AD,Correia,165
AD,Casas,161
AD,Costa,158
AD,Travesset,158
AD,Lopes,157
AD,Cortes,157
AD,Palmitjavila,155
AD,Gutierrez,154
AD,Sola,149
AD,Ramirez,148
AD,Capdevila,148
AD,Nuñez,147
AD,Call,146
AD,Marques,145
AD,Pla,144
AD,Vicente,142
AD,Jordana,142
AD,Bernat,142
AD,Coma,141
AD,Mendes,140
AD,Molne,138
AD,Montane,138
AD,Rubio,138
AD,Martos,137
AD,Fite,135
LC,Joseph,8527
LC,Charles,3872
LC,James,3071
LC,Alexander,2747
LC,Henry,2110
LC,Mathurin,2079
LC,Edward,1807
LC,Jean-Baptiste,1786
LC,George,1750
LC,Francis,1725
LC,Augustin,1721
LC,Emmanuel,1561
LC,John,1518
LC,Louis,1479
LC,Paul,1470
LC,Thomas,1404
LC,Auguste,1383
LC,Charlery,1256
LC,Hippolyte,1200
LC,Daniel,1191
LC,Felix,1181
LC,William,1082
LC,Antoine,1046
LC,Eugene,1023
LC,Samuel,941
LC,Smith,919
LC,Jules,841
LC,Peter,823
LC,Frederick,814
LC,Pierre,796
LC,Stephen,790
LC,Alfred,773
LC,Wilson,764
LC,Charlemagne,753
LC,Francois,742
LC,Williams,739
LC,Alphonse,722
LC,Leon,692
LC,Philip,685
LC,Gustave,650
LC,Isidore,618
LC,Anthony,609
LC,Albert,593
LC,Simon,577
LC,Phillip,576
LC,Edwin,575
LC,Polius,568
LC,Strose,565
LC,Fontenelle,560
LC,Jean,559
LC,Leonce,552
LC,Ferdinand,545
LC,Willie,536
LC,Nelson,531
LC,Prospere,530
LC,Monrose,523
LC,Louisy,519
LC,Lewis,518
LC,Modeste,513
LC,Poleon,497
LC,Justin,493
LC,Serieux,490
LC,Gabriel,474
LC,Stange,463
LC,Flavius,463
LC,Bernard,462
LC,Lionel,460
LC,Popo,458
LC,Marius,457
LC,Felicien,456
LC,Nicholas,447
LC,Evans,444
LC,Baptiste,440
LC,Noel,437
LC,Biscette,428
LC,Mitchel,411
LC,Herman,408
LC,Etienne,408
LC,Regis,405
LC,Clarke,392
LC,Desir,389
LC,Montoute,386
LC,Stclair,381
LC,Jnpierre,380
LC,Andrew,378
LC,Cox,370
LC,Marcellin,366
LC,King,364
LC,Victor,360
LC,Raymond,360
LC,Octave,359
LC,Mcfarlane,353
LC,David,349
LC,Marquis,340
LC,Theodore,335
LC,Deterville,328
LC,Gilbert,324
LC,Neptune,321
LC,Duncan,321
LC,Simeon,318
AG,Joseph,3239
AG,Thomas,1848
AG,Williams,1801
AG,James,1687
AG,Francis,1608
AG,Henry,1523
AG,Browne,1497
AG,Samuel,1362
AG,Edwards,1292
AG,Roberts,1242
AG,Martin,1186
AG,Simon,1166
AG,Benjamin,1131
AG,Charles,1107
AG,Richards,1081
AG,Lewis,1028
AG,George,1016
AG,Smith,811
AG,Davis,715
AG,Jarvis,636
AG,Phillip,618
AG,Spencer,615
AG,Isaac,603
AG,Peters,568
AG,Anthony,565
AG,Tonge,559
AG,Jacobs,507
AG,Brown,486
AG,Harris,480
AG,Warner,463
AG,Michael,460
AG,King,451
AG,Lake,436
AG,Daniel,422
AG,Jackson,422
AG,Hughes,416
AG,Matthew,410
AG,Nicholas,407
AG,Adams,372
AG,Barnes,369
AG,Gordon,366
AG,Christopher,363
AG,Stevens,337
AG,Parker,328
AG,Andrew,322
AG,Payne,293
AG,Richardson,287
AG,John,287
AG,Frederick,284
AG,Baptiste,281
AG,Cornelius,281
AG,Josiah,281
AG,Philip,275
AG,Johnson,275
AG,Burton,272
AG,Carr,269
AG,David,267
AG,Whyte,261
AG,Abbott,261
AG,Grant,258
AG,Knowles,258
AG,Mason,255
AG,Lee,252
AG,Hector,252
AG,Bailey,246
AG,Gomes,246
AG,Gore,246
AG,Nathaniel,246
AG,Clarke,240
AG,Ambrose,237
AG,Greene,234
AG,Walker,228
AG,Jones,228
AG,Knight,228
AG,Emanuel,226
AG,Goodwin,217
AG,Shaw,214
AG,Hill,211
AG,Crump,211
AG,Hunte,211
AG,Southwell,211
AG,Greenaway,205
AG,Daley,205
AG,Pigott,202
AG,Scotland,199
AG,Graham,193
AG,Hadeed,193
AG,Moore,190
AG,Farrell,190
AG,Merchant,187
AG,Solomon,182
AG,Hodge,179
AG,White,176
AG,Challenger,173
AG,Robinson,173
AG,Archibald,173
AG,Alexander,173
AG,Christian,170
AG,Allen,170
AG,Prince,167
GG,Le Page,581
GG,Smith,581
GG,Ogier,426
GG,Falla,404
GG,Jones,397
GG,Le Tissier,360
GG,Taylor,323
GG,Brehaut,301
GG,Bougourd,279
GG,Le Prevost,279
GG,Mahy,272
GG,Ozanne,272
GG,Allen,272
GG,Brown,265
GG,Torode,257
GG,Dorey,257
GG,De la Mare,250
GG,Martel,250
GG,Williams,235
GG,Batiste,235
GG,Gaudion,228
GG,Duquemin,220
GG,Guilbert,220
GG,Norman,213
GG,Langlois,213
GG,Nicolle,213
GG,Mauger,213
GG,Robilliard,206
GG,Bisson,206
GG,Gallienne,206
GG,De Carteret,206
GG,Wilson,206
GG,Davies,198
GG,Renouf,198
GG,Ferbrache,198
GG,Le Poidevin,191
GG,Marquis,191
GG,Morgan,184
GG,Ward,184
GG,Rowe,176
GG,Brouard,176
GG,Wright,169
GG,Morris,169
GG,Wood,169
GG,Carre,169
GG,Ellis,162
GG,Lewis,162
GG,Guille,162
GG,Johnson,162
GG,Roberts,154
GG,Vaudin,154
GG,Richards,147
GG,Clark,147
GG,Robert,147
GG,Gill,140
GG,Green,140
GG,Martin,140
GG,Moore,140
GG,James,140
GG,Le Noury,140
GG,Corbet,132
GG,Page,132
GG,Bourgaize,132
GG,Russell,132
GG,De Garis,125
GG,Cox,125
GG,Sarre,125
GG,Le Maitre,125
GG,Lowe,125
GG,Robinson,125
GG,Le Pelley,125
GG,Robins,125
GG,Murphy,125
GG,Machon,118
GG,Scott,118
GG,Hill,118
GG,Jehan,118
GG,Hamon,118
GG,Evans,110
GG,Baker,110
GG,Walker,110
GG,Corbin,110
GG,Laine,110
GG,Roussel,110
GG,Hall,110
GG,Elliott,110
GG,Phillips,110
GG,Bailey,103
GG,Lloyd,103
GG,Lee,103
GG,Clarke,103
GG,Queripel,103
GG,Garnham,103
GG,Jackson,103
GG,King,103
GG,Knight,103
GG,Campbell,96
GG,Cook,96
GG,Bichard,96
GG,Harris,96
GL,Olsen,1737
GL,Petersen,1627
GL,Jensen,1617
GL,Nielsen,1423
GL,Hansen,1279
GL,Lyberth,1004
GL,Larsen,990
GL,Møller,972
GL,Pedersen,814
GL,Berthelsen,800
GL,Andersen,761
GL,Heilmann,757
GL,Poulsen,662
GL,Lynge,652
GL,Lennert,631
GL,Egede,588
GL,Johansen,578
GL,Frederiksen,567
GL,Kristiansen,564
GL,Kleist,532
GL,Rasmussen,518
GL,Jakobsen,504
GL,Christensen,479
GL,Brandt,461
GL,Rosing,444
GL,Knudsen,437
GL,Kristensen,419
GL,Jeremiassen,416
GL,Davidsen,395
GL,Geisler,384
GL,Sørensen,377
GL,Fleischer,377
GL,Broberg,366
GL,Josefsen,356
GL,Kreutzmann,356
GL,Mathiassen,320
GL,Jørgensen,317
GL,Lange,310
GL,Sandgreen,310
GL,Mølgaard,296
GL,Karlsen,296
GL,Lundblad,296
GL,Lund,292
GL,Mikaelsen,275
GL,Skifte,271
GL,Abelsen,261
GL,Madsen,254
GL,Motzfeldt,247
GL,Holm,243
GL,Reimer,232
GL,Thomsen,232
GL,Grønvold,232
GL,Zeeb,232
GL,Schmidt,225
GL,Christiansen,218
GL,Simonsen,204
GL,Isaksen,201
GL,Mørch,194
GL,Enoksen,180
GL,Andreassen,173
GL,Olesen,162
GL,Mortensen,155
GL,Kruse,151
GL,Dalager,148
GL,Eriksen,144
GL,Høegh,137
GL,Dahl,134
GL,Mathiesen,130
GL,Johnsen,130
GL,Danielsen,127
GL,Thomassen,120
GL,Mikkelsen,120
GL,Ostermann,116
GL,Tobiassen,116
GL,Therkelsen,116
GL,Kristoffersen,113
GL,Jacobsen,113
GL,Eliassen,109
GL,Fly,109
GL,Svendsen,106
GL,Kleemann,106
GL,Storch,106
GL,Chemnitz,106
GL,Wille,102
GL,Ingemann,102
GL,Jessen,102
GL,Didriksen,99
GL,Hendriksen,95
GL,Ludvigsen,95
GL,Markussen,95
GL,Kaspersen,95
GL,Mogensen,95
GL,Skade,88
GL,Martinsen,88
GL,Iversen,85
GL,Willumsen,85
GL,Henriksen,81
GL,Samuelsen,81
GL,Sivertsen,81
GL,Villadsen,81
DM,Joseph,3262
DM,Charles,2023
DM,George,2019
DM,Thomas,1849
DM,Williams,1628
DM,John,1212
DM,Alexander,1038
DM,James,1005
DM,Francis,985
DM,Shillingford,942
DM,Lewis,861
DM,John Baptiste,835
DM,Matthew,799
DM,Paul,784
DM,Benjamin,727
DM,Toussaint,725
DM,Pascal,716
DM,Vidal,712
DM,Roberts,665
DM,Cuffy,642
DM,Lawrence,628
DM,Samuel,600
DM,Durand,597
DM,Royer,578
DM,Darroux,550
DM,Henry,533
DM,Esprit,515
DM,Etienne,511
DM,Laville,506
DM,Peter,496
DM,Abraham,482
DM,Baron,469
DM,Daniel,462
DM,Edwards,454
DM,Bannis,443
DM,Nicholas,436
DM,Frederick,435
DM,Fontaine,433
DM,Richards,399
DM,Augustine,397
DM,Prince,395
DM,Bruno,393
DM,Andrew,392
DM,Carbon,390
DM,Honore,388
DM,Green,385
DM,Letang,379
DM,Henderson,377
DM,Alfred,373
DM,Felix,371
DM,Riviere,362
DM,Auguiste,355
DM,Laurent,353
DM,Seaman,353
DM,Tavernier,352
DM,Julien,352
DM,Bellot,346
DM,Robin,344
DM,Prosper,340
DM,Leblanc,332
DM,Victor,327
DM,Pierre,320
DM,Defoe,316
DM,Casimir,314
DM,Winston,301
DM,Simon,300
DM,Burton,292
DM,Pacquette,292
DM,Lockhart,282
DM,Anthony,280
DM,Robinson,274
DM,Rolle,273
DM,Graham,272
DM,Challenger,269
DM,Romain,266
DM,Magloire,257
DM,Luke,255
DM,Prevost,255
DM,Hector,248
DM,Louis,248
DM,Anselm,246
DM,Hill,243
DM,Xavier,242
DM,David,242
DM,Isaac,233
DM,Baptiste,231
DM,Marie,231
DM,Peters,229
DM,Martin,227
DM,Peltier,224
DM,Bruney,221
DM,Guiste,211
DM,Francois,209
DM,Marcellin,209
DM,Smith,206
DM,Phillip,204
DM,Scotland,199
DM,Wallace,199
DM,Christopher,193
DM,Rodney,193
FM,Mori,2811
FM,William,1886
FM,Ruben,1876
FM,Walter,1486
FM,Killion,1162
FM,Peter,1127
FM,Joseph,1092
FM,Paul,1071
FM,Robert,923
FM,Aten,893
FM,Sos,893
FM,Rain,893
FM,Martin,815
FM,Aisek,805
FM,Albert,772
FM,Narruhn,763
FM,Fritz,719
FM,Francis,715
FM,Shirai,715
FM,Fred,706
FM,Phillip,696
FM,Moses,660
FM,Poll,646
FM,Erwin,626
FM,Mailo,625
FM,Sigrah,620
FM,Edward,588
FM,Irons,568
FM,David,543
FM,Mathew,537
FM,Cholymay,536
FM,Nakayama,536
FM,Rayphand,536
FM,Samuel,533
FM,Nakamura,523
FM,Abraham,523
FM,Hadley,497
FM,Stephen,495
FM,Hainrick,492
FM,Danis,479
FM,Hartman,471
FM,Manuel,468
FM,Andon,467
FM,Billy,448
FM,Bisalen,448
FM,Sipenuk,447
FM,Kansou,447
FM,Serious,447
FM,Estepa,447
FM,Berdon,447
FM,Kom,447
FM,George,421
FM,Pelep,398
FM,Thomas,396
FM,Louis,390
FM,Frank,389
FM,Nena,382
FM,Marar,381
FM,Arnold,381
FM,James,375
FM,Salle,361
FM,Bruton,361
FM,Taylor,361
FM,Francisco,358
FM,Sonis,357
FM,Ken,357
FM,Bualuay,357
FM,Isamu,357
FM,Heldart,357
FM,Jordan,357
FM,Kichiro,357
FM,Souleng,357
FM,Wainit,357
FM,Oh,357
FM,Anap,357
FM,Daryanani,357
FM,Sana,357
FM,Panuelo,350
FM,Amor,350
FM,Primo,343
FM,Defang,340
FM,Santos,334
FM,Ladore,326
FM,Faimau,324
FM,John,321
FM,Skilling,311
FM,Charley,293
FM,Donre,286
FM,Jack,284
FM,Figir,274
FM,Simina,272
FM,Suda,272
FM,Yleizah,272
FM,Billimon,272
FM,Henry,270
FM,Arthur,269
FM,Ueda,269
FM,Doone,269
FM,Eram,269
FM,Petrus,269
KN,Williams,1569
KN,Browne,1227
KN,Liburd,1120
KN,Francis,760
KN,Pemberton,734
KN,Jeffers,670
KN,Henry,557
KN,Warner,555
KN,Richards,549
KN,Hanley,527
KN,Huggins,506
KN,Mills,494
KN,James,493
KN,Maynard,483
KN,Morton,483
KN,Herbert,475
KN,Daniel,465
KN,Gumbs,453
KN,Clarke,446
KN,Caines,441
KN,Rawlins,434
KN,Richardson,432
KN,Matthew,430
KN,Nisbett,429
KN,Thomas,426
KN,Hendrickson,401
KN,Davis,386
KN,Phillip,385
KN,Hodge,372
KN,Walters,359
KN,Archibald,350
KN,Powell,340
KN,Dore,339
KN,Jones,335
KN,Lewis,315
KN,Douglas,309
KN,Thompson,301
KN,Martin,291
KN,Rogers,291
KN,Benjamin,283
KN,Phipps,279
KN,Charles,269
KN,Lawrence,266
KN,Claxton,264
KN,Isaac,259
KN,Tyson,252
KN,Taylor,252
KN,Johnson,244
KN,Harris,242
KN,Woodley,237
KN,Brookes,234
KN,Parris,233
KN,Webbe,225
KN,Kelly,225
KN,Joseph,224
KN,Hobson,223
KN,Morris,223
KN,Stapleton,217
KN,Griffin,215
KN,Smithen,210
KN,Byron,208
KN,Brown,208
KN,Weekes,204
KN,Edwards,200
KN,Samuel,195
KN,Elliott,193
KN,Ward,186
KN,Carty,182
KN,Stevens,181
KN,Wilson,181
KN,Sutton,177
KN,Smith,175
KN,Hazel,175
KN,Bradshaw,171
KN,Connor,171
KN,Wattley,171
KN,Prentice,169
KN,Adams,169
KN,Allen,167
KN,Percival,162
KN,Lake,162
KN,David,160
KN,Freeman,159
KN,Buchanan,155
KN,Grant,148
KN,France,146
KN,Carey,144
KN,Challenger,144
KN,Farrell,138
KN,Liddie,135
KN,Bass,135
KN,Roberts,134
KN,Manners,131
KN,Stanley,130
KN,Belle,128
KN,Wallace,128
KN,Chapman,128
KN,Flemming,126
KN,Gilbert,125
KN,Greene,124
VG,Smith,1004
VG,George,879
VG,Hodge,863
VG,Penn,722
VG,Fahie,590
VG,Frett,534
VG,Maduro,483
VG,Lettsome,442
VG,Donovan,439
VG,Stevens,413
VG,Harrigan,403
VG,Christopher,348
VG,Callwood,305
VG,Scatliffe,262
VG,Malone,258
VG,Thomas,253
VG,Leonard,253
VG,Creque,252
VG,Vanterpool,250
VG,Stoutt,249
VG,Dawson,239
VG,Gumbs,231
VG,Forbes,230
VG,Blyden,229
VG,Freeman,228
VG,Turnbull,227
VG,Nibbs,222
VG,Brewley,203
VG,O'Neal,203
VG,Todman,191
VG,Martin,185
VG,Chalwell,185
VG,Richardson,180
VG,Benjamin,179
VG,Richards,172
VG,Francis,170
VG,Williams,163
VG,Pickering,158
VG,James,158
VG,Parsons,154
VG,Jones,151
VG,Flax,150
VG,Rhymer,150
VG,Henry,136
VG,Henley,134
VG,Charles,134
VG,Samuel,132
VG,Joseph,132
VG,Lewis,130
VG,Rymer,129
VG,Wheatley,126
VG,Cameron,126
VG,Lennard,123
VG,Davis,122
VG,Potter,119
VG,Herbert,113
VG,King,113
VG,Farrington,111
VG,Frazer,111
VG,Johnson,110
VG,Fraser,109
VG,Brathwaite,107
VG,Liburd,103
VG,Barry,102
VG,Grant,101
VG,Gordon,97
VG,Daniel,96
VG,Rabsatt,96
VG,Brown,94
VG,Faulkner,94
VG,Glasgow,92
VG,Robinson,92
VG,Matthias,92
VG,Mercer,92
VG,Huggins,91
VG,Allen,89
VG,Sprauve,87
VG,Peters,86
VG,Hill,86
VG,Romney,86
VG,Mills,84
VG,Browne,84
VG,Mactavious,84
VG,Matthew,84
VG,Fonseca,84
VG,Jennings,83
VG,Baptiste,78
VG,Davies,74
VG,David,74
VG,Anthony,72
VG,Evans,69
VG,Durante,69
VG,Chinnery,69
VG,Adams,68
VG,Clyne,67
VG,Bell,64
VG,Maynard,64
VG,John,63
VG,Percival,62
VG,Jeffers,62
AS,Fuimaono,336
AS,Ioane,240
AS,Tuigamala,235
AS,Smith,215
AS,Mauga,207
AS,Brown,185
AS,Leota,165
AS,Mageo,157
AS,Samuelu,149
AS,Faumuina,149
AS,Satele,146
AS,Lafaele,144
AS,Kim,140
AS,Tagaloa,138
AS,Maiava,135
AS,Thompson,129
AS,Lee,127
AS,Young,124
AS,Scanlan,124
AS,Lutu,124
AS,Hunkin,116
AS,Liu,113
AS,Savea,113
AS,Tasi,113
AS,Pago,110
AS,Ho,110
AS,Lui,110
AS,Puletasi,110
AS,Danielson,107
AS,Reid,107
AS,Tupua,105
AS,Tanielu,105
AS,Lefiti,102
AS,Allen,102
AS,Sunia,99
AS,Tupuola,99
AS,Ieremia,99
AS,Moliga,97
AS,Solaita,97
AS,Tilo,96
AS,Nomura,94
AS,Fano,94
AS,Wang,94
AS,Chen,94
AS,Fruean,94
AS,Fanene,91
AS,Magalei,91
AS,Mamea,88
AS,Sio,88
AS,Elisara,86
AS,Felise,86
AS,Suani,86
AS,Sefo,86
AS,Leiato,85
AS,Jones,85
AS,Fale,85
AS,Peters,83
AS,Ale,83
AS,Yandall,83
AS,Sagapolutele,83
AS,Sua,83
AS,Mailo,83
AS,Lam,77
AS,Leo,77
AS,Togia,77
AS,Tavai,77
AS,Sene,75
AS,Langkilde,75
AS,Loa,74
AS,Williams,74
AS,Misa,74
AS,Tui,74
AS,Mose,74
AS,Wilson,74
AS,Lin,74
AS,Pereira,74
AS,Paulo,72
AS,Roberts,72
AS,Tuiasosopo,72
AS,Steffany,72
AS,Afoa,72
AS,Tufele,72
AS,Kumar,72
AS,Tago,69
AS,Maae,69
AS,Li,69
AS,Jennings,69
AS,Solomona,66
AS,Niko,66
AS,Zhang,66
AS,Alo,66
AS,Liufau,66
AS,Passi,63
AS,Tuitele,63
AS,Salanoa,63
AS,King,63
AS,Ili,63
AS,Grey,61
AS,Tuia,61
AS,Schwenke,61
SM,Gasperoni,777
SM,Guidi,659
SM,Casadei,451
SM,Zanotti,392
SM,Giardi,391
SM,Ceccoli,334
SM,Zonzini,334
SM,Bollini,331
SM,Fabbri,323
SM,Mularoni,320
SM,Zafferani,300
SM,Berardi,300
SM,Rossi,294
SM,Casali,268
SM,Mazza,265
SM,Pelliccioni,264
SM,Valentini,264
SM,Conti,255
SM,Forcellini,253
SM,Tamagnini,251
SM,Selva,247
SM,Muccioli,240
SM,Terenzi,237
SM,Ugolini,233
SM,Stefanelli,221
SM,Ercolani,219
SM,Biordi,217
SM,Toccaceli,214
SM,Guerra,205
SM,Cecchetti,203
SM,Francioni,202
SM,Benedettini,201
SM,Felici,200
SM,Bernardi,199
SM,Mancini,197
SM,Bacciocchi,194
SM,Santi,192
SM,Raschi,186
SM,Beccari,180
SM,Chiaruzzi,175
SM,Righi,172
SM,Morri,167
SM,Stacchini,166
SM,Carattoni,158
SM,Giancecchi,157
SM,Berti,155
SM,Bianchi,149
SM,Gatti,148
SM,Giovagnoli,147
SM,Zavoli,143
SM,Podeschi,143
SM,Taddei,142
SM,Ghiotti,142
SM,Capicchioni,139
SM,Ciavatta,136
SM,Bugli,131
SM,Sarti,131
SM,Maiani,130
SM,Cervellini,130
SM,Venturini,130
SM,Gennari,128
SM,Vannucci,128
SM,Ciacci,128
SM,Albani,127
SM,Grassi,127
SM,Moretti,125
SM,Macina,125
SM,Riccardi,124
SM,Amici,121
SM,Menicucci,120
SM,Marani,120
SM,Volpinari,119
SM,Frisoni,117
SM,Della Valle,114
SM,Bologna,112
SM,Battistini,112
SM,Michelotti,110
SM,Giannini,107
SM,Bartolini,105
SM,Pazzini,102
SM,Canini,102
SM,Moroni,102
SM,Tura,100
SM,Montanari,99
SM,Grandoni,98
SM,Giacobbi,96
SM,Mina,95
SM,Corbelli,95
SM,Bernardini,93
SM,Bucci,92
SM,Angelini,90
SM,Costa,89
SM,Colombini,88
SM,Manzaroli,87
SM,Pasolini,86
SM,Cesarini,86
SM,Tomassini,85
SM,Fiorini,85
SM,Simoncini,84
SM,Giorgetti,84
BL,Questel,876
BL,Brin,758
BL,Greaux,707
BL,Laplace,657
BL,Aubin,573
BL,Blanchard,522
BL,Magras,505
BL,Berry,438
BL,Ledee,404
BL,Gumbs,236
BL,Louis,219
BL,Bernier,202
BL,Danet,202
BL,Giraud,135
BL,Choisy,135
BL,Peter,101
BL,Cellerier,101
BL,Turbe,84
BL,Durand,84
BL,Martin,67
BL,Wachter,67
BL,Rosey,67
BL,Querrard,67
BL,Da Silva Pereira,67
BL,Mignot,51
BL,Saurel,51
BL,Lespinasse,51
BL,De Oliveira,51
BL,Barnes,51
BL,Rosell,51
BL,Bernard,51
BL,David,51
BL,Duzant,51
BL,Pignet,51
BL,Romney,51
BL,Lhinares,4
BL,Proust,4
BL,Besse,4
BL,Miot,4
BL,Reynal,4
BL,Janin,4
BL,Lopes Gomes,4
BL,Blondeau,4
BL,Covini,4
BL,Pereira,4
BL,Capellini,4
BL,Rigotti,4
BL,Leclercq,4
BL,Canivet,4
BL,Desforges,4
BL,Guy,4
BL,Isaac,4
BL,Bourgeois,4
BL,Gurley,4
BL,Leroy,4
BL,Ange,4
BL,Dufour,4
BL,Laurent,4
BL,Bryan,4
BL,Delval,4
BL,Thomas,4
BL,Lopes,4
BL,Martinet,4
BL,Grasset,4
BL,Burel,4
BL,Joly,4
BL,Campisi,4
BL,Bensa,4
BL,Tiberghien,4
BL,Cosset,4
BL,Rodriguez,4
BL,Thionville,4
BL,Hodge,4
BL,Stoklosa,4
BL,Lacour,4
BL,Daniel,4
BL,Lions,4
BL,Bruhl,4
BL,Chepy,4
BL,Bowes,4
BL,Baumann,4
BL,Laurence,4
BL,Rama,4
BL,Boutin,4
BL,Hamilton,4
BL,Vecchio,4
BL,Armacost,4
BL,Simpson,4
BL,Contin,4
BL,Roche,4
BL,Francis,4
BL,Jean,4
BL,Molina,4
BL,Da Silva,4
BL,Dubois,4
BL,Maurel,4
BL,Cretin,4
BL,Lambert,4
BL,Penteado,4
BL,Robert,4
PW,Tellei,725
PW,Adelbai,593
PW,Kloulechad,593
PW,Asanuma,527
PW,Sántos,527
PW,Marcil,527
PW,Khan,461
PW,Emesiochel,461
PW,Sakuma,395
PW,Cruz,395
PW,Smith,330
PW,Reyes,330
PW,Aguon,330
PW,Sugiyama,330
PW,Andreas,330
PW,Salii,330
PW,Thomas,264
PW,Gutierrez,264
PW,Yano,264
PW,Nakamura,264
PW,Wong,264
PW,Whipps,264
PW,Seid,264
PW,Takada,264
PW,Kanai,264
PW,David,264
PW,Kintaro,264
PW,Rafael,264
PW,Alexander,264
PW,Moses,264
PW,Morei,264
PW,Castillo,264
PW,Fritz,9
PW,Ngotel,9
PW,Salvador,9
PW,Abbas,9
PW,Rivera,9
PW,Bai,9
PW,Gopez,9
PW,Glenn,9
PW,Lukas,9
PW,Lee,9
PW,Ali,9
PW,Alfonso,9
PW,Rusk,9
PW,Martinez,9
PW,Ledgerwood,9
PW,Meyar,9
PW,Vereen,9
PW,Pedro,9
PW,Gonzales,9
PW,Hussain,9
PW,Inácio,9
PW,Mincer,9
PW,Cavan,9
PW,Perry,4
PW,Gordon,4
PW,Chin,4
PW,Emery,4
PW,Pestano,4
PW,Keldermans,4
PW,Gibbons,4
PW,Paloma,4
PW,Mikel,4
PW,Holm,4
PW,Flores,4
PW,Adachi,4
PW,Isaac,4
PW,Frank,4
PW,Isamu,4
PW,Collins,4
PW,Hayat,4
PW,Horie,4
PW,Karim,4
PW,Waheed,4
PW,Vance,4
PW,Blosch,4
PW,Chilton,4
PW,Keane,4
PW,Mendiola,4
PW,Belt,4
PW,Green,4
PW,Mamis,4
PW,Lim,4
PW,Tell,4
PW,Murry,4
PW,Otto,4
PW,Bitu,4
PW,Ziegler,4
PW,Laurin,4
PW,Ahmad,4
PW,Albert,4
PW,Blas,4
PW,Watson,4
PW,Abraham,4
PW,Coes,4
PW,Sarwar,4
PW,Chan,4
PW,Fan,4
PW,Ortiz,4
LI,Büchel,1166
LI,Marxer,1027
LI,Beck,994
LI,Frick,908
LI,Vogt,806
LI,Schädler,627
LI,Hasler,597
LI,Meier,561
LI,Ospelt,515
LI,Gassner,480
LI,Ritter,467
LI,Oehri,466
LI,Kindle,424
LI,Frommelt,421
LI,Gstöhl,410
LI,Eberle,375
LI,Matt,329
LI,Wohlwend,317
LI,Risch,312
LI,Kaiser,311
LI,Biedermann,298
LI,Batliner,291
LI,Walser,269
LI,Sele,267
LI,Hilti,267
LI,Hoop,259
LI,Lampert,255
LI,Kaufmann,254
LI,Bühler,252
LI,Heeb,242
LI,Nigg,235
LI,Kieber,231
LI,Wachter,207
LI,Banzer,194
LI,Jehle,190
LI,Negele,188
LI,Sprenger,184
LI,Näscher,183
LI,Gerner,181
LI,Wanger,175
LI,Nipp,155
LI,Bargetze,154
LI,Wolfinger,153
LI,Seger,151
LI,Kind,144
LI,Konrad,144
LI,Hoch,143
LI,Foser,142
LI,Kranz,137
LI,Müller,132
LI,Fehr,132
LI,Wille,125
LI,Quaderer,124
LI,Thöny,119
LI,Wenaweser,114
LI,Hassler,112
LI,Brunhart,112
LI,Verling,109
LI,Amann,107
LI,Bürzle,106
LI,Jäger,103
LI,Nutt,102
LI,Hermann,101
LI,Nägele,101
LI,Goop,101
LI,Schreiber,99
LI,Senti,96
LI,Oehry,91
LI,Malin,90
LI,Huber,88
LI,Wolf,87
LI,Hemmerle,85
LI,Erne,85
LI,Schlegel,82
LI,Rheinberger,78
LI,Gantner,77
LI,Walch,75
LI,Elkuch,71
LI,Schächle,69
LI,Haas,68
LI,Schurte,67
LI,Mayer,67
LI,Fischer,63
LI,Marock,62
LI,Schierscher,62
LI,Feger,61
LI,Ender,60
LI,Ott,59
LI,Falk,59
LI,Roth,56
LI,Real,55
LI,Noser,54
LI,Schneider,54
LI,Schurti,53
LI,Moser,52
LI,Schmid,50
LI,Berger,49
LI,Allgäuer,49
LI,Lenherr,49
LI,Maier,48
TV,Smith,1468
TV,Apinelu,1468
TV,Pita,1101
TV,Paeniu,918
TV,Lusama,734
TV,Homasi,734
TV,Teo,734
TV,Lee,734
TV,Talu,9
TV,Ene,9
TV,Kumar,9
TV,Jane,9
TV,Puti,9
TV,Ioane,9
TV,Natano,9
TV,Porter,9
TV,Ave,4
TV,Kana,4
TV,Tausi,4
TV,Momo,4
TV,Das,4
TV,Kapua,4
TV,Amosa,4
TV,Mohamed,4
TV,Sione,4
TV,Hamid,4
TV,Wong,4
TV,Fusi,4
TV,Salanoa,4
TV,Rodriguez,4
TV,Simati,4
TV,Obrien,4
TV,Hassan,4
TV,Sagapolutele,4
TV,Siale,4
TV,Pokia,4
TV,Tavai,4
TV,Matai,4
TV,Lawrence,4
TV,Stanley,4
TV,Alefaio,4
TV,Letia,4
TV,Tomu,4
TV,Nitz,4
TV,Elisaia,4
TV,Telogo,4
TV,Mono,4
TV,Fili,4
TV,Luma,1
TV,Josey,1
TV,Kokot,1
TV,Adams,1
TV,Tovia,1
TV,Nito,1
TV,Montu,1
TV,Nuss,1
TV,Tom,1
TV,Colon,1
TV,Rosales,1
TV,Silva,1
TV,David,1
TV,Tema,1
TV,Poep,1
TV,Ryan,1
TV,Blund,1
TV,Gerula,1
TV,Yildirim,1
TV,Reddy,1
TV,On,1
TV,Stapleton,1
TV,Louka,1
TV,Neemia,1
TV,Muslim,1
TV,Piers,1
TV,Villar,1
TV,Bese,1
TV,Robert,1
TV,Mika,1
TV,Mayne,1
TV,Pel,1
TV,Leota,1
TV,Aleksic,1
TV,Anzola,1
TV,Kirkpatrick,1
TV,Chance,1
TV,Kaly,1
TV,Home,1
TV,Ip,1
TV,Pula,1
TV,Malesa,1
TV,Seymour,1
TV,Wilson,1
TV,Pretorius,1
TV,Salani,1
TV,Puga,1
TV,Sieni,1
TV,Junior,1
TV,Jewel,1
TV,Eli,1
TV,Ratu,1
MF,Lake,2693
MF,Brooks,1077
MF,Charles,1017
MF,Pierre,1017
MF,Bryan,957
MF,Martin,957
MF,Louis,898
MF,Richardson,898
MF,Hanson,718
MF,Piper,658
MF,Vanterpool,658
MF,Pantophlet,620
MF,Etienne,598
MF,Fleming,598
MF,Bernard,598
MF,Laurent,598
MF,Arnell,539
MF,Adams,539
MF,Jermin,539
MF,Gumbs,539
MF,Marlin,508
MF,Rombley,493
MF,Rodriguez,479
MF,Jean,479
MF,Jacquet,479
MF,Chance,479
MF,Hamlet,479
MF,David,419
MF,Joseph,419
MF,Flanders,359
MF,Connor,359
MF,Nicolas,359
MF,Simon,359
MF,Hodge,359
MF,Arrindell,359
MF,Peterson,359
MF,Perez,359
MF,Masson,359
MF,Carty,359
MF,Clement,359
MF,Noel,299
MF,Glasgow,299
MF,Brunet,299
MF,Barry,299
MF,Richard,299
MF,Saintil,299
MF,Robert,299
MF,Emmanuel,299
MF,Isaac,299
MF,Richards,239
MF,Leroy,239
MF,Rohan,239
MF,Henry,239
MF,Garnier,239
MF,Joe,239
MF,Denis,239
MF,Gibbs,239
MF,Webster,239
MF,Baly,239
MF,Royer,239
MF,Lazarre,239
MF,Bryson,31
MF,De Weever,31
MF,Jacobs,23
MF,Thompson,23
MF,Lambert,19
MF,Martina,19
MF,Van Heyningen,16
MF,Ellis,16
MF,Meyers,16
MF,Labega,16
MF,Violenus,16
MF,Boasman,16
MF,Leonard,16
MF,Blijden,12
MF,Tjon,12
MF,Honore,12
MF,Illis,12
MF,Greaux,12
MF,Velasquez,12
MF,Wong,12
MF,Deher,12
MF,Celestine,9
MF,Garcia,9
MF,Harrigan,9
MF,Stanford,9
MF,Mauvais,9
MF,Guy,9
MF,Jacob,9
MF,Moses,9
MF,Michaud,9
MF,Ramirez,9
MF,Brown,9
MF,Hubert,9
MF,Thomas,9
MF,Christian,9
MF,Smith,9
MF,Duval,9
MF,Douglas,9
MF,Clary,9
PM,Detcheverry,244
PM,Briand,116
PM,Girardin,116
PM,Poirier,92
PM,Disnard,79
PM,Michel,75
PM,Gautier,72
PM,Vigneau,69
PM,Lucas,68
PM,Gaspard,63
PM,Arrossaména,56
PM,Letournel,53
PM,Cambray,53
PM,Dearburn,52
PM,Drake,52
PM,Mahé,51
PM,Yon,50
PM,Sabarots,49
PM,Claireaux,49
PM,Cormier,48
PM,Hacala,48
PM,Urdanabia,47
PM,Champdoizeau,47
PM,Beaupertuis,45
PM,Guibert,45
PM,Perrin,45
PM,Janil,45
PM,Dodeman,42
PM,Plaa,42
PM,Bry,41
PM,Orsiny,41
PM,Lebailly,40
PM,Nicolas,39
PM,Lebars,38
PM,Lapaix,38
PM,Autin,36
PM,Fouchard,36
PM,Heudes,35
PM,Coste,35
PM,Apestéguy,34
PM,Luberry,31
PM,Arthur,31
PM,Jackman,31
PM,Abraham,31
PM,Allen-Mahé,30
PM,Cuza,29
PM,Foliot,29
PM,Lemaine,29
PM,Lafitte,28
PM,Delamaire,28
PM,Olano,28
PM,Lévêque,28
PM,Audoux,28
PM,Audouze,28
PM,Lepape,28
PM,Rebmann,28
PM,Urtizbéréa,28
PM,Revert,27
PM,Boissel,26
PM,Vidal,26
PM,Lemoine,26
PM,Artano,26
PM,De Lizarraga,26
PM,Le Soavec,26
PM,Siegfriedt,25
PM,Desdouets,25
PM,Jézéquel,24
PM,Derouet,24
PM,Lafargue,23
PM,Riou,23
PM,Poulain,23
PM,Hayes,22
PM,Cloony,21
PM,Kerhoas,21
PM,Roulet,21
PM,Hélène,21
PM,Tillard,21
PM,Jaccachury,20
PM,Leloche,20
PM,Bonnieul,20
PM,Jugan,19
PM,Lefèvre,19
PM,Blin,19
PM,Chaignon,19
PM,Dagort,19
PM,Paturel,19
PM,Ruel,19
PM,Renou,19
PM,Lahiton,19
PM,Madé,19
PM,Kerzerho,19
PM,Robert,19
PM,Cox,18
PM,Delizarraga,18
PM,Leveque,17
PM,Roverch,17
PM,Mahe,17
PM,Teletchea,16
PM,Dutin,16
PM,James,16
CK,Marsters,234
CK,Henry,184
CK,George,166
CK,William,160
CK,Williams,129
CK,Samuel,110
CK,Heather,109
CK,Daniel,90
CK,Napa,90
CK,Nicholas,82
CK,Wichman,81
CK,Hosking,79
CK,Mataio,75
CK,Matapo,74
CK,Taia,69
CK,John,68
CK,Charlie,67
CK,Tutai,66
CK,Taripo,66
CK,Ioane,66
CK,Mataiti,65
CK,Maoate,64
CK,Strickland,57
CK,Joseph,57
CK,Short,54
CK,Tuara,53
CK,Nooroa,53
CK,Toka,52
CK,Ngametua,51
CK,Nicholls,50
CK,Bishop,49
CK,Tou,49
CK,Manuela,48
CK,Samuela,46
CK,Tanga,46
CK,Brown,45
CK,Solomona,44
CK,Ruatoe,43
CK,Tupou,43
CK,Tararo,42
CK,Teokotai,42
CK,Patia,42
CK,Koteka,42
CK,Tangimetua,42
CK,Rangi,40
CK,Tuteru,40
CK,Tangaroa,40
CK,Matenga,40
CK,Poila,40
CK,Tomokino,40
CK,Hewett,40
CK,Ngatokorua,39
CK,Tua,39
CK,Tangata,39
CK,Papatua,38
CK,Puna,38
CK,Rongo,38
CK,Vaevae,37
CK,Mataroa,37
CK,Browne,36
CK,Katuke,35
CK,Mokoroa,35
CK,Thompson,35
CK,Greig,35
CK,Peyroux,34
CK,Tini,34
CK,Samson,34
CK,Mataora,33
CK,Tangi,33
CK,Tuakeu,33
CK,Kamana,32
CK,Kareroa,32
CK,Kapi,32
CK,Iro,32
CK,Boaza,32
CK,Ua,32
CK,Wuatai,31
CK,Moetaua,31
CK,Robati,31
CK,Tuaputa,31
CK,Murare,31
CK,Paulo,30
CK,Toko,30
CK,Aratangi,30
CK,Tangatakino,30
CK,Tangatapoto,30
CK,Tatuava,30
CK,Mitchell,29
CK,Teiti,29
CK,Tetava,29
CK,Turua,29
CK,Herman,28
CK,Smith,28
CK,Enoka,28
CK,Kiria,28
CK,Rasmussen,28
CK,Dean,28
CK,Andrew,28
CK,Pirangi,28
CK,Tuao,28
TC,Williams,1991
TC,Forbes,1423
TC,Smith,1055
TC,Gardiner,871
TC,Missick,698
TC,Hall,651
TC,Rigby,634
TC,Lightbourne,633
TC,Robinson,593
TC,Handfield,569
TC,Been,483
TC,Stubbs,454
TC,Harvey,449
TC,Simmons,445
TC,Ewing,428
TC,Parker,427
TC,Wilson,419
TC,Cox,399
TC,Delancy,380
TC,Higgs,376
TC,Walkin,360
TC,Taylor,360
TC,Seymour,356
TC,Malcolm,346
TC,Swann,306
TC,Garland,304
TC,Jennings,304
TC,Fulford,297
TC,Hamilton,280
TC,Thomas,259
TC,Ingham,239
TC,Pierre,235
TC,Adams,234
TC,Clare,231
TC,Grant,221
TC,Gray,221
TC,Astwood,219
TC,Lewis,214
TC,Francis,211
TC,Penn,204
TC,Glinton,200
TC,Campbell,187
TC,Dean,177
TC,Clarke,174
TC,Pratt,174
TC,Skippings,169
TC,Johnson,160
TC,Outten,157
TC,Musgrove,155
TC,Selver,155
TC,Morris,154
TC,Bain,153
TC,Arthur,150
TC,Gibson,150
TC,Capron,147
TC,Joseph,138
TC,Saunders,137
TC,Carter,136
TC,Bassett,130
TC,Basden,127
TC,Misick,126
TC,Dickenson,126
TC,Jolly,124
TC,Durham,123
TC,Brown,117
TC,Rolle,116
TC,Talbot,113
TC,Harris,112
TC,Butterfield,112
TC,Palmer,111
TC,Mcintosh,111
TC,Brooks,109
TC,Simons,107
TC,Thompson,106
TC,Charles,103
TC,Mills,95
TC,Jones,93
TC,Moore,92
TC,Prospere,84
TC,Deane,82
TC,Tucker,81
TC,Kennedy,81
TC,Hanchell,80
TC,Lightbourn,78
TC,Howell,77
TC,Greene,77
TC,Green,72
TC,Landy,72
TC,Ariza,70
TC,Simms,70
TC,Morley,68
TC,James,67
TC,Roberts,66
TC,Anderson,61
TC,Phillips,61
TC,Quant,59
TC,Louis,56
TC,Hutchinson,55
TC,Freites,54
TC,Hawkins,54
MP,Sablan,1954
MP,Camacho,1818
MP,Cabrera,1109
MP,Castro,1095
MP,Manglona,928
MP,Reyes,926
MP,Deleon,895
MP,Pangelinan,867
MP,Borja,862
MP,Santos,856
MP,Cruz,770
MP,Mendiola,731
MP,Aldan,720
MP,Dela Cruz,709
MP,Palacios,667
MP,Lizama,645
MP,Atalig,615
MP,Villagomez,600
MP,Babauta,589
MP,San Nicolas,467
MP,Muna,461
MP,Aguon,445
MP,Tenorio,431
MP,Tudela,428
MP,Kaipat,420
MP,Taitano,414
MP,Hocog,403
MP,Ada,395
MP,Cepeda,381
MP,Barcinas,364
MP,Torres,353
MP,Duenas,348
MP,Agulto,331
MP,Maratita,323
MP,Benavente,311
MP,Salas,306
MP,Ayuyu,298
MP,Kapileo,292
MP,Hofschneider,281
MP,Diaz,275
MP,Quitugua,272
MP,Sanchez,272
MP,Fitial,270
MP,Calvo,264
MP,Arriola,264
MP,Ogo,250
MP,Teregeyo,234
MP,Masga,231
MP,Flores,231
MP,Norita,225
MP,King,225
MP,Guerrero,217
MP,Blas,214
MP,Taisacan,211
MP,Seman,208
MP,Demapan,206
MP,Magofna,197
MP,Rabauliman,184
MP,Pua,181
MP,Lisua,178
MP,Saures,167
MP,Laniyo,167
MP,Delos,161
MP,Leon,158
MP,Taimanao,156
MP,Crisostomo,153
MP,Romolor,142
MP,Ano,139
MP,Concepcion,139
MP,Iguel,136
MP,Evangelista,136
MP,Sántos,131
MP,Rios,131
MP,Mafnas,128
MP,Indalecio,128
MP,Tomokane,125
MP,Mettao,125
MP,Manibusan,125
MP,Igisaiar,125
MP,Olopai,122
MP,Manalo,117
MP,Limes,117
MP,Wabol,117
MP,Celis,114
MP,Macaranas,114
MP,Litulumar,111
MP,Tenôrio,111
MP,Rosario,111
MP,Takai,108
MP,Ogumoro,106
MP,Fejeran,106
MP,Jones,106
MP,Tagabuel,106
MP,Pinaula,103
MP,Songsong,103
MP,Omar,103
MP,Basa,103
MP,Villanueva,103
MP,Itibus,100
MP,Chong,100
FK,Betts,66
FK,Short,66
FK,Luxton,58
FK,Smith,49
FK,Goodwin,41
FK,Lee,41
FK,Clarke,41
FK,Summers,41
FK,Reid,41
FK,King,41
FK,Goss,41
FK,Berntsen,33
FK,Felton,33
FK,Cotter,33
FK,Ford,33
FK,Mcgill,33
FK,Mckay,33
FK,Jones,33
FK,Butler,33
FK,Knight,25
FK,Pollard,25
FK,Newton,25
FK,Bone,25
FK,Jaffray,25
FK,Clifton,25
FK,Green,25
FK,Sackett,25
FK,Morrison,25
FK,Padgett,25
FK,Marsh,25
FK,Rocha,25
FK,Williams,25
FK,Lewis,25
FK,Mcrae,25
FK,Drysdale,25
FK,Chantada,25
FK,Christie,25
FK,Mcfarland,25
FK,Freer,25
FK,Crowie,19
FK,Pole-Evans,19
FK,Anderson,19
FK,Forster,16
FK,Yu,16
FK,Kumar,16
FK,Ormond,16
FK,Burston,16
FK,Gupta,16
FK,Fiddes,16
FK,Peters,16
FK,Aldridge,16
FK,Clement,16
FK,Craig,16
FK,Grierson,16
FK,Roberts,16
FK,Montgomerie,16
FK,Liu,16
FK,Clausen,16
FK,Mcmullen,16
FK,Hay,16
FK,Benjamin,16
FK,Wylie,16
FK,Loftus,16
FK,France,16
FK,Stewart,16
FK,Livermore,16
FK,Harris,16
FK,Urban,16
FK,Costa,16
FK,Rees,16
FK,Davies,16
FK,Kilmartin,16
FK,Guest,16
FK,Stroud,16
FK,Cairns,16
FK,Zawada,16
FK,Chater,16
FK,Mendez,16
FK,Wang,16
FK,Halliday,16
FK,Gomez,16
FK,Oliveira,16
FK,Stevens,16
FK,Biles,16
FK,Lang,16
FK,Ward,16
FK,Ross,16
FK,Chaloner,16
FK,Francis,16
FK,Jacobsen,16
FK,Pan,16
FK,Jackson,16
FK,Wilkinson,16
FK,Silva,16
FK,Caballero,16
FK,Olmedo,16
FK,Salt,16
FK,Blake,16
FK,Mcleod,16
FK,Pad,16
SH,Yon,404
SH,Thomas,381
SH,Henry,343
SH,Williams,297
SH,Peters,246
SH,Benjamin,203
SH,Leo,201
SH,George,179
SH,Fowler,138
SH,Crowie,137
SH,Green,120
SH,Stevens,113
SH,Lawrence,104
SH,Francis,99
SH,Young,90
SH,Joshua,82
SH,Clingham,75
SH,Duncan,75
SH,Swain,73
SH,Constantine,71
SH,Moyce,68
SH,Coleman,64
SH,Phillips,60
SH,Stroud,58
SH,Repetto,56
SH,Bowers,55
SH,Ellick,53
SH,Richards,51
SH,Johnson,50
SH,Buckley,49
SH,Augustus,49
SH,Andrews,45
SH,Knipe,39
SH,Anthony,39
SH,Robinson,38
SH,Bennett,37
SH,Isaac,35
SH,King,34
SH,Cranfield,33
SH,Essex,32
SH,Youde,30
SH,John,30
SH,Plato,29
SH,Sim,28
SH,Glass,28
SH,Legg,26
SH,Wade,26
SH,Maggott,26
SH,James,25
SH,Bray,25
SH,Scott,25
SH,O'Dean,25
SH,Handley,25
SH,Greentree,24
SH,Bagley,24
SH,Smith,24
SH,Hudson,23
SH,Mcdaniel,23
SH,Reynolds,21
SH,Roberts,20
SH,Piek,20
SH,Hopkins,19
SH,O'Bey,19
SH,Fuller,18
SH,Clifford,18
SH,Mittens,18
SH,Machattie,17
SH,Jonas,17
SH,Cooper,17
SH,Poultney,17
SH,Birkett,17
SH,Beard,17
SH,Lowe,17
SH,Rogers,17
SH,Kilsby,17
SH,Thorpe,17
SH,Baldry,17
SH,Exelby,17
SH,Blunt,17
SH,Clarke,16
SH,Lavarello,15
SH,Dillon,15
SH,Bargo,14
SH,O'Connor,14
SH,March,14
SH,Caesar,14
SH,Harris,12
SH,Herne,12
SH,Timm,12
SH,Fagan,11
SH,Osborne,11
SH,Vanguard,10
SH,Thompson,10
SH,Furniss,10
SH,Gough,10
SH,Cairns-Wicks,9
SH,Collins,9
SH,Johns,8
SH,Hayes,8
SH,Newman,8
SX,Lake,2693
SX,Brooks,1077
SX,Charles,1017
SX,Pierre,1017
SX,Bryan,957
SX,Martin,957
SX,Louis,898
SX,Richardson,898
SX,Hanson,718
SX,Piper,658
SX,Vanterpool,658
SX,Pantophlet,620
SX,Etienne,598
SX,Fleming,598
SX,Bernard,598
SX,Laurent,598
SX,Arnell,539
SX,Adams,539
SX,Jermin,539
SX,Gumbs,539
SX,Marlin,508
SX,Rombley,493
SX,Rodriguez,479
SX,Jean,479
SX,Jacquet,479
SX,Chance,479
SX,Hamlet,479
SX,David,419
SX,Joseph,419
SX,Flanders,359
SX,Connor,359
SX,Nicolas,359
SX,Simon,359
SX,Hodge,359
SX,Arrindell,359
SX,Peterson,359
SX,Perez,359
SX,Masson,359
SX,Carty,359
SX,Clement,359
SX,Noel,299
SX,Glasgow,299
SX,Brunet,299
SX,Barry,299
SX,Richard,299
SX,Saintil,299
SX,Robert,299
SX,Emmanuel,299
SX,Isaac,299
SX,Richards,239
SX,Leroy,239
SX,Rohan,239
SX,Henry,239
SX,Garnier,239
SX,Joe,239
SX,Denis,239
SX,Gibbs,239
SX,Webster,239
SX,Baly,239
SX,Royer,239
SX,Lazarre,239
SX,Bryson,31
SX,De Weever,31
SX,Jacobs,23
SX,Thompson,23
SX,Lambert,19
SX,Martina,19
SX,Van Heyningen,16
SX,Ellis,16
SX,Meyers,16
SX,Labega,16
SX,Violenus,16
SX,Boasman,16
SX,Leonard,16
SX,Blijden,12
SX,Tjon,12
SX,Honore,12
SX,Illis,12
SX,Greaux,12
SX,Velasquez,12
SX,Wong,12
SX,Deher,12
SX,Celestine,9
SX,Garcia,9
SX,Harrigan,9
SX,Stanford,9
SX,Mauvais,9
SX,Guy,9
SX,Jacob,9
SX,Moses,9
SX,Michaud,9
SX,Ramirez,9
SX,Brown,9
SX,Hubert,9
SX,Thomas,9
SX,Christian,9
SX,Smith,9
SX,Duval,9
SX,Douglas,9
SX,Clary,9
WF,Vegi,878
WF,Kanimoa,780
WF,Leleivai,683
WF,Hanisi,683
WF,Uatini,585
WF,Iloai,488
WF,Tuifua,488
WF,Nau,488
WF,Smith,488
WF,Greffet,390
WF,Filipponi,390
WF,Soane,390
WF,Katoa,390
WF,Feleu,390
WF,Brial,390
WF,Likiliki,390
WF,Lie,9
WF,Savea,9
WF,Brown,9
WF,Kilama,9
WF,Ikafolau,9
WF,Fakailo,9
WF,Sione,9
WF,Gaillard,9
WF,Le,9
WF,Buono,9
WF,Liufau,9
WF,Tufele,9
WF,Timo,9
WF,Bouche,9
WF,Goepfert,9
WF,Leandre,9
WF,Blesson,4
WF,Denizet,4
WF,Tuia,4
WF,Bugnet,4
WF,Maitre,4
WF,Sao,4
WF,Revol,4
WF,Kulimoetoke,4
WF,Vili,4
WF,Stephane,4
WF,Boyer,4
WF,Bourgeois,4
WF,Picot,4
WF,Campbell,4
WF,Anka,4
WF,Hensen,4
WF,Tafilagi,4
WF,Automalo,4
WF,Pecher,4
WF,Hanafi,4
WF,Geeraert,4
WF,Toa,4
WF,Gregoire,4
WF,Parker,4
WF,Fanene,4
WF,Ponia,4
WF,Man,4
WF,Druez,4
WF,Gata,4
WF,Contreras,4
WF,Lei,4
WF,Lezzoum,4
WF,Lee,4
WF,Duong,4
WF,Bryant,4
WF,Vo,4
WF,Cyrille,4
WF,Haddad,4
WF,Tupou,4
WF,Coiffier,4
WF,Cheynel,4
WF,Rallet,4
WF,Bres,4
WF,Williams,4
WF,Tagatamanogi,4
WF,Ray,4
WF,Beaugendre,4
WF,Vargas,4
WF,Ballarin,4
WF,Rolland,4
WF,Paschal,4
WF,Jay,4
WF,Taofifenua,4
WF,Dalmon,4
WF,Pelletier,4
WF,Sapeta,4
WF,Asi,4
WF,Boivin,4
WF,Keletaona,4
WF,Million,4
WF,Temporin,4
WF,Amole,4
WF,Santamaria,4
WF,Meynard,4
WF,Mescam,4
WF,Vivi,1
WF,Vasile,1
WF,Manuopuava,1
AI,Richardson,1429
AI,Gumbs,862
AI,Hodge,716
AI,Connor,550
AI,Carty,479
AI,Webster,394
AI,Brooks,389
AI,Fleming,344
AI,Hughes,344
AI,Rogers,336
AI,Lake,317
AI,Harrigan,268
AI,Smith,248
AI,Bryan,166
AI,Romney,155
AI,Davis,135
AI,Vanterpool,131
AI,Ruan,129
AI,Proctor,122
AI,Reid,108
AI,Lloyd,95
AI,Mussington,78
AI,Williams,75
AI,Thomas,74
AI,Carter,69
AI,Edwards,57
AI,Rey,56
AI,Lewis,56
AI,Duncan,55
AI,Niles,53
AI,Johnson,48
AI,Thompson,47
AI,Browne,45
AI,Banks,42
AI,Petty,41
AI,Brown,40
AI,Franklin,36
AI,Richards,34
AI,Hazell,34
AI,Wallace,34
AI,Joseph,34
AI,Brookes,33
AI,Samuel,33
AI,Adams,32
AI,Sasso,29
AI,Hennis,29
AI,Harris,28
AI,Hall,27
AI,Maynard,27
AI,Horsford,27
AI,Morton,27
AI,Benjamin,25
AI,Gomez,25
AI,Liburd,25
AI,Roberts,23
AI,Buchanan,23
AI,Hawley,22
AI,Woodley,22
AI,James,21
AI,Pemberton,21
AI,Clarke,21
AI,Payne,21
AI,Woods,21
AI,Fahie,20
AI,Arrindell,20
AI,Martin,20
AI,Liddie,19
AI,Warner,19
AI,Hunte,19
AI,Walters,19
AI,Bryson,19
AI,Jones,19
AI,Crawford,18
AI,Nicholls,18
AI,Abbott,16
AI,Bradshaw,16
AI,Bradley,16
AI,Phillip,16
AI,Kentish,16
AI,Daniel,16
AI,Busby,16
AI,Lawrence,16
AI,Wilson,16
AI,Paul,15
AI,Flemming,15
AI,Phillips,14
AI,Potter,14
AI,Henry,14
AI,Grant,14
AI,Charles,14
AI,Baptiste,14
AI,Heyliger,14
AI,Hill,14
AI,Willock,14
AI,Stevens,14
AI,Francis,14
AI,John,14
AI,King,14
AI,Miller,14
AI,Hull,14
BM,Smith,2029
BM,Simons,765
BM,Trott,748
BM,Simmons,726
BM,Tucker,569
BM,Outerbridge,530
BM,Bean,513
BM,Williams,506
BM,Dill,474
BM,Jones,455
BM,Richardson,450
BM,Robinson,450
BM,Swan,395
BM,Burgess,366
BM,Butterfield,363
BM,Wilson,361
BM,Desilva,344
BM,Darrell,322
BM,Furbert,315
BM,Davis,312
BM,Gibbons,307
BM,Brown,295
BM,Thomas,274
BM,Fox,257
BM,White,244
BM,Johnson,235
BM,Roberts,225
BM,Minors,220
BM,Hayward,220
BM,Hollis,211
BM,Scott,208
BM,Douglas,206
BM,Raynor,206
BM,Ming,206
BM,Lewis,198
BM,Pearman,191
BM,Daniels,186
BM,Thompson,186
BM,Francis,186
BM,Burrows,184
BM,Brangman,179
BM,Lambert,174
BM,Young,172
BM,Madeiros,165
BM,Marshall,162
BM,Mello,160
BM,Anderson,160
BM,James,160
BM,Richards,157
BM,Lee,157
BM,Sousa,157
BM,Paynter,155
BM,Cann,155
BM,Correia,155
BM,Steede,153
BM,Lightbourne,153
BM,Wade,148
BM,Harvey,148
BM,Moniz,145
BM,Fubler,143
BM,Zuill,140
BM,Symonds,140
BM,Taylor,140
BM,Grant,138
BM,Hall,138
BM,Todd,138
BM,Rego,136
BM,Clarke,136
BM,Hill,136
BM,Woolridge,133
BM,Martin,133
BM,Rawlins,133
BM,Talbot,131
BM,Phillips,131
BM,Ingham,128
BM,Pitcher,128
BM,Edwards,123
BM,Eve,123
BM,Burchall,121
BM,Caines,119
BM,Gilbert,119
BM,Bassett,119
BM,Cooper,119
BM,Adams,116
BM,Campbell,114
BM,Hassell,114
BM,Astwood,109
BM,Ratteray,107
BM,Lowe,107
BM,Jackson,107
BM,Seymour,107
BM,Harris,104
BM,Walker,104
BM,Powell,104
BM,Wilkinson,104
BM,Maybury,104
BM,Evans,102
BM,Frith,102
BM,Masters,102
BM,Bell,99
VA,Bachmann,4
VA,Graf,4
VA,Merga,3
VA,Sodano,1
VA,Arber,1
VA,Zehnder,1
VA,Celli,1
VA,Pozzo,1
VA,Marciante,1
VA,Di Noia,1
VA,Iannone,1
VA,Mayoraz,1
VA,Harvey,1
VA,Celata,1
VA,Gauzzi,1
VA,Cameroni,1
VA,Carrasco,1
VA,Viganó,1
VA,Trombetta,1
VA,Vallini,1
VA,Cerutti,1
VA,Roth,1
VA,Ricard,1
VA,Clemens,1
VA,Hon,1
VA,Leuzzi,1
VA,Marcel,1
VA,Rodé,1
VA,Moresco,1
VA,Bircher,1
VA,Andreas,1
VA,Selvadagi,1
VA,Mathies,1
VA,Dominik,1
VA,Dal Covolo,1
VA,Calcagno,1
VA,Schiavon,1
VA,Comastri,1
VA,Riedi,1
VA,Table Hauser,1
VA,Tricarico,1
VA,Parolin,1
VA,Brogi,1
VA,Vegliò,1
VA,Meinrad,1
VA,Abril,1
VA,Kladis,1
VA,Vetturini,1
VA,Sutter,1
VA,Vergain,1
VA,Amann,1
VA,Pagano,1
VA,Rivera,1
VA,Vérgez,1
VA,Glaus,1
VA,Weather,1
VA,Ouellet,1
VA,Wolińska-Riedi,1
VA,Weingartner,1
VA,Thorne,1
VA,Previtali,1
VA,Bruguès,1
VA,Reding,1
VA,Di Tora,1
VA,Krajewski,1
VA,Gänswein,1
VA,Cintia,1
VA,Christian,1
VA,Muzzin,1
VA,Guillaume,1
VA,Napier,1
VA,Montanari,1
VA,Vallin,1
VA,Mariotti,1
VA,Anrig,1
VA,Gottofrey,1
VA,Bergoglio,1
VA,Giani,1
VA,Biner,1
VA,Zuppi,1
VA,Bertello,1
VA,Daniel,1
VA,Bertone,1
VA,De Horatis,1
VA,De Raemy,1
VA,Reichmuth,1
VA,Pell,1
VA,Zimmerli,1
VA,Beaud,1
VA,Claudio,1
VA,Suriani,1
VA,Polisca,1
VA,Rodríguez,1
VA,Fasolin,1
VA,Giulietti,1
VA,Manser,1
VA,Mamberti,1
VA,Ferrer,1
VA,Mistò,1
VA,Kalathiparambil,1
NR,Harris,374
NR,Thoma,348
NR,Grundler,321
NR,Jeremiah,294
NR,Scotty,264
NR,Cain,241
NR,Fritz,241
NR,Hubert,214
NR,Kun,214
NR,Ika,214
NR,Cook,187
NR,Deireragea,166
NR,Stephen,160
NR,Star,160
NR,Seymour,160
NR,Capelle,160
NR,Dageago,148
NR,Temaki,136
NR,Olsson,134
NR,Tatum,134
NR,Ephraim,134
NR,Adam,134
NR,Caleb,134
NR,Cecil,134
NR,Halstead,134
NR,Agir,127
NR,Hiram,117
NR,Duburiya,116
NR,Kepae,113
NR,Bop,107
NR,Solomon,107
NR,Amram,107
NR,Menke,107
NR,Bill,107
NR,Detenamo,104
NR,Dabwido,101
NR,Adeang,100
NR,Amwano,92
NR,Tsiode,92
NR,Tannang,89
NR,Dongobir,84
NR,Quadina,83
NR,Akubor,82
NR,Timothy,81
NR,Degia,80
NR,Detabene,78
NR,Depaune,75
NR,Detageouwa,75
NR,Namaduk,73
NR,Akibwib,69
NR,Tsitsi,67
NR,Maaki,66
NR,Agigo,64
NR,Brechtefeld,63
NR,Deidenang,60
NR,Roland,59
NR,Akua,58
NR,Demaunga,58
NR,Garabwan,58
NR,Dekarube,56
NR,Ribauw,54
NR,Botelanga,54
NR,Buraman,54
NR,Denuga,53
NR,Itaia,53
NR,Agege,51
NR,Itsimaera,50
NR,Canon,49
NR,Debao,48
NR,Aliklik,48
NR,Dowabobo,48
NR,Teimitsi,46
NR,Bernicke,45
NR,Mwareow,45
NR,Dowiyogo,44
NR,Batsiua,44
NR,Appi,44
NR,Adire,43
NR,Taleka,43
NR,Kakiouea,43
NR,Agadio,42
NR,Aiyunge,42
NR,Engar,42
NR,Gadaraoa,42
NR,Tebouwa,41
NR,Deiye,40
NR,Apadinuwe,39
NR,Detudamo,39
NR,Diema,38
NR,Kaierua,38
NR,Tamakin,37
NR,Joram,36
NR,Adun,35
NR,Daoe,35
NR,Gobure,35
NR,Obeta,35
NR,Daniel,35
NR,Gadabu,34
NR,Reweru,34
NR,Teabuge,34
NU,Talagi,69
NU,Funaki,24
NU,Vakaafi,24
NU,Jackson,24
NU,Varea,21
NU,Ioane,17
NU,Viviani,17
NU,Vea,10
NU,Scott,10
NU,Kim,10
NU,Jessop,10
NU,Pita,10
NU,Harding,10
NU,Kalauni,10
NU,Merrifield,10
NU,Makaia,7
NU,Chapman,7
NU,Kalapu,7
NU,Lui,7
NU,Johnson,7
NU,Garcia,7
NU,James,7
NU,Singh,7
NU,Pearson,7
NU,Makani,7
NU,Vase,7
NU,Gill,7
NU,Paka,7
NU,Man,7
NU,Douglas,7
NU,Papani,7
NU,Ranfurly,7
NU,Coe,7
NU,Halo,7
NU,Lee,7
NU,Strickland,7
NU,Hunter,7
NU,Marsh,7
NU,Heep,7
NU,Morrissey,7
NU,Vial,7
NU,Rubin,7
NU,Rex,7
NU,Li,7
NU,Aboy,7
NU,Villas,7
NU,Pulu,7
NU,John,7
NU,Nosa,7
NU,Jones,7
NU,Cross,7
NU,Vai,1
NU,Nasario,1
NU,Aue,1
NU,Thein,1
NU,Siri,1
NU,Toleafoa,1
NU,Adriana,1
NU,Mclean,1
NU,Enetama,1
NU,Lolo,1
NU,Butch,1
NU,Cooper,1
NU,Mcmoore,1
NU,Paola,1
NU,Mcgregor,1
NU,Kumar,1
NU,Karsten,1
NU,Skinner,1
NU,Chenery,1
NU,Sione,1
NU,Smith,1
NU,Age,1
NU,Sanchez,1
NU,Sánchez,1
NU,Togia,1
NU,Bray,1
NU,Nicholson,1
NU,Mcpherson,1
NU,Siafa,1
NU,Fou,1
NU,Tongia,1
NU,Oge,1
NU,Verebasaga,1
NU,Touna,1
NU,Beak,1
NU,Levi,1
NU,Barry,1
NU,Mccoy,1
NU,Skorek,1
NU,Tupou,1
NU,Saunders,1
NU,Tavita,1
NU,Pateta,1
NU,Wada,1
NU,Watch,1
NU,Guest,1
NU,Mafi,1
NU,Lino,1
NU,Twomey,1
MS,Weekes,145
MS,Allen,145
MS,Lee,134
MS,Ryan,127
MS,Greenaway,102
MS,White,100
MS,Meade,78
MS,Duberry,78
MS,Tuitt,76
MS,Williams,73
MS,Cassell,69
MS,Silcott,65
MS,Daley,65
MS,Gerald,65
MS,Skerritt,58
MS,Farrell,56
MS,Cabey,53
MS,Sweeney,53
MS,Irish,53
MS,Bramble,49
MS,Lewis,47
MS,Riley,47
MS,Fenton,47
MS,Browne,45
MS,Fergus,45
MS,Osborne,45
MS,West,42
MS,O'Garro,41
MS,Dyer,40
MS,Wade,40
MS,Lindsey,40
MS,Joseph,40
MS,Galloway,38
MS,Piper,36
MS,Buffonge,32
MS,Johnson,31
MS,Harris,29
MS,Howe,29
MS,Jeffers,29
MS,Thomas,27
MS,Martin,27
MS,Lynch,27
MS,Phillip,24
MS,Daly,24
MS,Kirnon,24
MS,Taylor,24
MS,Dyett,22
MS,Smith,22
MS,Aymer,22
MS,Roach,22
MS,Barzey,22
MS,Morris,22
MS,Hogan,22
MS,James,20
MS,Chalmers,20
MS,Walker,20
MS,Morgan,20
MS,Francis,20
MS,Blake,20
MS,Payne,20
MS,Burns,18
MS,Brown,18
MS,Molyneaux,18
MS,Willock,18
MS,Carty,18
MS,Wilson,18
MS,Brade,18
MS,Gibbons,18
MS,Mason,16
MS,Kirwan,16
MS,Samuel,16
MS,Edwards,16
MS,Thompson,16
MS,Semper,16
MS,John,16
MS,Ponde,16
MS,Chambers,16
MS,Hixon,13
MS,Edgecombe,13
MS,O'Brien,13
MS,Layne,13
MS,Daniel,13
MS,Barnes,13
MS,Corbette,13
MS,Murrain,13
MS,Miller,13
MS,Cooper,11
MS,Kelly,11
MS,Campbell,11
MS,Greaves,11
MS,Shiell,11
MS,Julius,11
MS,Mendes,11
MS,Charles,11
MS,Watts,11
MS,Sinclair,11
MS,Durand,11
MS,Moore,11
MS,Bass,11
MS,Greer,11
NF,Christian,81
NF,Evans,74
NF,Quintal,69
NF,Buffett,64
NF,Anderson,52
NF,Nobbs,41
NF,Adams,38
NF,Snell,34
NF,Mccoy,25
NF,Brown,19
NF,Smith,19
NF,Graham,17
NF,Kiernan,16
NF,Williams,16
NF,Magri,16
NF,Wilson,16
NF,Christian-Bailey,14
NF,Richards,14
NF,Randall,14
NF,Robinson,14
NF,Sanders,14
NF,Gardner,14
NF,Jones,14
NF,Reeves,14
NF,Grube,14
NF,Menzies,13
NF,Douran,13
NF,Griffiths,13
NF,Judd,13
NF,Davies,13
NF,Partridge,13
NF,Tavener,13
NF,Nicolai,13
NF,Bates,11
NF,Bell,11
NF,Bigg,11
NF,Murray,11
NF,Ryves,11
NF,Sheridan,11
NF,Mcleod,11
NF,Ford,9
NF,Harris,9
NF,Wright,9
NF,Menghetti,9
NF,Robertson,9
NF,Edward,9
NF,Rowston,9
NF,Donald,9
NF,Cooper,8
NF,Prentice,8
NF,Pearson,8
NF,Jensen,8
NF,O'Hara,8
NF,Walker,8
NF,Beadman,8
NF,Sanderson,8
NF,Glass,8
NF,Hamilton-Irvine,8
NF,Porter,8
NF,Soley,8
NF,Knapton,8
NF,Burrell,8
NF,Taylor,8
NF,Johnston,6
NF,Donaldson,6
NF,Pannell,6
NF,Chapman,6
NF,Shepherd,6
NF,Woodward,6
NF,Forrester,6
NF,James,6
NF,Trickey,6
NF,Meers,6
NF,Nicholson,6
NF,Haymes,6
NF,Nola,6
NF,Greenwood,6
NF,O'Connor,6
NF,Blucher,6
NF,Bradley,6
NF,Nobbs-Mccowan,6
NF,Arthur,6
NF,Finch,6
NF,Maxwell,6
NF,Forsyth,6
NF,Watson,6
NF,Nebauer-Borg,6
NF,Mcalpine,6
NF,Steven,6
NF,Gray,6
NF,Grose,6
NF,Hehir,6
NF,Bruce,6
NF,Summerscales,6
NF,Fitzpatrick,6
NF,Turton,6
NF,Andrew,6
NF,Bosley,6
NF,Ryan,6
NF,Howe,6
JP,Tanaka,1412059
JP,Okamura,1250285
JP,Ito,1131380
JP,Inoue,1100162
JP,Ishii,865508
JP,Ishida,689033
JP,Yaguchi,658957
JP,Kimura,603312
JP,Abu,542403
JP,Nakashima,499611
JP,Aoki,471655
JP,Sanka,436749
JP,Okawa,410332
JP,Takeuchi,368220
JP,Arai,362017
JP,Saito,356654
JP,Nakano,330655
JP,Shiraishi,319344
JP,Miura,305801
JP,Sakai,289303
JP,Uchiyama,275331
JP,Morita,272326
JP,Ageta,253988
JP,Kawano,251722
JP,Miyamoto,243911
JP,Oshima,231375
JP,Imai,222305
JP,Kawamura,219392
JP,Saita,218918
JP,Murata,215111
JP,Kan,213497
JP,Kubota,212724
JP,Sakurai,211202
JP,Oba,208910
JP,Oyama,207656
JP,Matsui,206979
JP,Taketa,200899
JP,Sano,194709
JP,Nagai,193492
JP,Imura,191550
JP,Matsuo,191068
JP,Kishimoto,190738
JP,Abe,185602
JP,Kitamura,171986
JP,Osawa,163259
JP,Agari,161215
JP,Uchida,161198
JP,Kanno,159942
JP,Ada,159450
JP,Hayashi,159221
JP,Tsuchiya,158581
JP,Kawasaki,158516
JP,Akiyama,156404
JP,Iwata,156037
JP,Kano,155801
JP,Isa,155609
JP,Asano,149465
JP,Hotta,149322
JP,Yano,144763
JP,Matsushita,142478
JP,Hoshino,142290
JP,Araki,142194
JP,Kaai,140702
JP,Osaki,138350
JP,Uemura,138083
JP,Nota,137170
JP,Matsuura,136305
JP,Miyata,133026
JP,Hirai,130742
JP,Okura,130189
JP,Nishiyama,128777
JP,Ota,128498
JP,Amano,128356
JP,Kasai,126373
JP,Ori,125832
JP,Oishi,124863
JP,Ishizaki,123573
JP,Imoto,120922
JP,Onishi,116278
JP,Fukui,114017
JP,Koga,114016
JP,Honma,113403
JP,Kaneda,112295
JP,Oka,112190
JP,Aki,110521
JP,Okumura,110301
JP,Narita,110003
JP,Tashima,109681
JP,Asai,108759
JP,Kataoka,108568
JP,Sugiura,108176
JP,Makino,105757
JP,Nakamura,105613
JP,Hagi,105317
JP,Tokuda,103277
JP,Aita,103061
JP,Nakao,102522
JP,Imamura,102295
JP,Kita,102263
JP,Okabe,101494
CN,Wang,106112458
CN,Li,102706360
CN,Zhang,96712872
CN,Liu,73183007
CN,Chen,71121649
CN,Yang,46147514
CN,Huang,34580623
CN,Wu,33777214
CN,Xu,30131788
CN,Zhao,28325809
CN,Zhou,26737821
CN,Lu,20592498
CN,Zhu,19442107
CN,Sun,19421527
CN,Ma,18587412
CN,He,18327933
CN,Yu,16887964
CN,Hu,16708776
CN,Lin,16267038
CN,Jiang,16172109
CN,Guo,16095395
CN,Luo,14382372
CN,Gao,14319919
CN,Zheng,13158672
CN,Tang,12139635
CN,Liang,11987194
CN,Wei,11911702
CN,Shi,11185135
CN,Xie,10716563
CN,Song,9890978
CN,Feng,9287364
CN,Yan,9265111
CN,Han,8856640
CN,Deng,8709513
CN,Cao,8394462
CN,Tan,8262676
CN,Ceng,8213569
CN,Peng,8129091
CN,Xiao,7843323
CN,Yuan,7814164
CN,Pan,7529592
CN,Cheng,7442062
CN,Cai,7439119
CN,Fan,7270597
CN,Tian,7267059
CN,Dong,7185670
CN,Fu,7085674
CN,Ye,6808129
CN,Su,6802015
CN,Du,6568096
CN,Ding,6114310
CN,Jin,6108076
CN,Zhong,6026604
CN,Ren,5801094
CN,Yao,5796727
CN,Yin,5573782
CN,Cui,5401271
CN,Fang,5181431
CN,Liao,5165958
CN,Meng,4945078
CN,Dai,4765499
CN,Gu,4703944
CN,Wen,4698527
CN,Jia,4659482
CN,Qiu,4631817
CN,Xia,4522473
CN,Bai,4455614
CN,Hou,4254797
CN,Zou,4181244
CN,Xiong,4074069
CN,Qin,4023918
CN,Ji,3852487
CN,Gong,3830824
CN,Xue,3683979
CN,Qi,3611012
CN,Duan,3394745
CN,Lei,3382864
CN,Xiang,3175081
CN,Long,3015968
CN,Tao,2911145
CN,Mao,2910756
CN,Hao,2803479
CN,Shao,2781757
CN,Guan,2706445
CN,Lai,2704171
CN,Wan,2696596
CN,Qian,2646868
CN,Hong,2550089
CN,Qu,2493333
CN,Mo,2470195
CN,Kong,2451928
CN,Lan,2440475
CN,Kang,2356237
CN,Chang,2318734
CN,Bao,2240035
CN,Ge,2223442
CN,Yi,2175137
CN,Niu,2143028
CN,Xing,2129507
CN,Di,1904056
IN,Devi,70362196
IN,Singh,34837930
IN,Kumar,31111143
IN,Das,11368662
IN,Kaur,9480181
IN,Ram,7228537
IN,Yadav,6993385
IN,Kumari,6615133
IN,Lal,5669656
IN,Bai,5339640
IN,Khatun,5276478
IN,Mandal,5167955
IN,Ali,5119003
IN,Sharma,5025029
IN,Ray,4740426
IN,Mondal,4655061
IN,Khan,4569384
IN,Sah,4551187
IN,Patel,4215907
IN,Prasad,3934519
IN,Patil,3680446
IN,Ghosh,3640320
IN,Pal,2968625
IN,Sahu,2841120
IN,Gupta,2835985
IN,Shaikh,2814124
IN,Bibi,2770959
IN,Sekh,2367491
IN,Begam,2345927
IN,Biswas,2256421
IN,Sarkar,2247085
IN,Paramar,2246677
IN,Khatoon,2203389
IN,Mahto,2174470
IN,Ansari,2096249
IN,Nayak,2078517
IN,Ma,2068565
IN,Rathod,2054796
IN,Jadhav,2054724
IN,Mahato,2003812
IN,Rani,1998513
IN,Barman,1961454
IN,Behera,1948478
IN,Mishra,1917072
IN,Chand,1915675
IN,Roy,1914359
IN,Begum,1907672
IN,Saha,1879505
IN,Paswan,1843568
IN,Thakur,1815964
IN,Thakor,1646906
IN,Ahamad,1626496
IN,Chauhan,1592334
IN,Pawar,1578907
IN,Majhi,1571251
IN,Bano,1563848
IN,Naik,1535388
IN,Pradhan,1493787
IN,Alam,1398756
IN,Shinde,1350189
IN,Malik,1334780
IN,Sardar,1251180
IN,Nath,1221580
IN,Raut,1201389
IN,Bauri,1146373
IN,Shaik,1117580
IN,Chandra,1117493
IN,Patra,1114828
IN,Jha,1112929
IN,Murmu,1099561
IN,Solanki,1081015
IN,Cauhan,1043183
IN,Shah,1039807
IN,Prakash,1036851
IN,Sinh,1025018
IN,Pandey,1021392
IN,Patal,1002362
IN,Munda,996602
IN,Dutta,993810
IN,Chaudhari,973421
IN,Raj,965679
IN,Pandit,965304
IN,Jain,944116
IN,Kamble,941077
IN,Manjhi,938578
IN,Rana,935595
IN,Molla,904574
IN,Chaudhary,896002
IN,Makavan,890167
IN,Jena,890023
IN,Chakraborty,881382
IN,Hussain,869403
IN,Pathan,859148
IN,Gayakwad,817151
IN,Nisha,811778
IN,Vasav,793673
IN,Debnath,780243
IN,Rai,778769
IN,More,762380
IN,Varma,761715
MX,Hernandez,4875002
MX,Garcia,3575861
MX,Martinez,3385839
MX,Lopez,3129653
MX,Gonzalez,2791378
MX,Perez,2450862
MX,Rodriguez,2384568
MX,Sanchez,2259725
MX,Ramirez,1989347
MX,Cruz,1478067
MX,Flores,1416287
MX,Gomez,1305871
MX,Morales,1128269
MX,Vazquez,1115451
MX,Reyes,1068238
MX,Jimenez,1057480
MX,Torres,1029398
MX,Diaz,937726
MX,Gutierrez,913173
MX,Ruiz,804653
MX,Mendoza,801533
MX,Aguilar,758479
MX,Ortiz,669107
MX,Moreno,652562
MX,Castillo,649926
MX,Romero,637314
MX,Alvarez,631214
MX,Mendez,603691
MX,Chavez,603510
MX,Rivera,601531
MX,Juarez,598018
MX,Ramos,585175
MX,Dominguez,513418
MX,Herrera,501290
MX,Medina,492165
MX,Castro,487817
MX,Vargas,478086
MX,Guzman,476246
MX,Velazquez,471460
MX,Rojas,430667
MX,De la Cruz,423787
MX,Contreras,423236
MX,Salazar,418589
MX,Luna,407551
MX,Ortega,397029
MX,Santiago,395089
MX,Guerrero,380373
MX,Estrada,367132
MX,Bautista,366441
MX,Cortes,351524
MX,Soto,346143
MX,Alvarado,346126
MX,Espinoza,333628
MX,Lara,321041
MX,Avila,311983
MX,Rios,305001
MX,Cervantes,304012
MX,Silva,297436
MX,Delgado,296591
MX,Vega,292203
MX,Marquez,289399
MX,Sandoval,288094
MX,Carrillo,286389
MX,Fernandez,285117
MX,Leon,283068
MX,Mejia,276016
MX,Solis,274133
MX,Rosas,271009
MX,Ibarra,266869
MX,Valdez,266546
MX,Nuez,264286
MX,Campos,260587
MX,Santos,256208
MX,Camacho,254024
MX,Navarro,240025
MX,Maldonado,239245
MX,Rosales,238833
MX,Acosta,237476
MX,Pea,236465
MX,Miranda,235525
MX,Cabrera,226647
MX,Trejo,226008
MX,Valencia,222301
MX,Nava,220868
MX,Pacheco,218935
MX,Robles,217049
MX,Molina,212981
MX,Fuentes,210342
MX,Rangel,210320
MX,Huerta,209232
MX,Meza,207662
MX,Padilla,203438
MX,Espinosa,203127
MX,Aguirre,202427
MX,Salas,201914
MX,Cardenas,200672
MX,Orozco,199300
MX,Valenzuela,198634
MX,Ayala,196043
MX,Zuñiga,193524
BR,Da Silva,12585868
BR,Dos Santos,7427753
BR,Pereira,4928966
BR,Alves,4505663
BR,Ferreira,4352397
BR,De Oliveira,3972807
BR,Silva,3610645
BR,Rodrigues,3607050
BR,De Souza,3598845
BR,Gomes,2724263
BR,Santos,2236106
BR,Oliveira,2209354
BR,Ribeiro,2060677
BR,De Jesus,1963741
BR,Martins,1763698
BR,Soares,1718326
BR,Barbosa,1634181
BR,Lopes,1541788
BR,Vieira,1539341
BR,Souza,1478442
BR,Fernandes,1469067
BR,Lima,1452436
BR,Costa,1445922
BR,Batista,1424126
BR,De Sousa,1303835
BR,Dias,1258950
BR,De Lima,1208390
BR,Do Nascimento,1102256
BR,Moreira,1089809
BR,Nunes,1061865
BR,Da Costa,1031067
BR,De Almeida,901694
BR,Mendes,892868
BR,Carvalho,892668
BR,Araujo,887931
BR,Cardoso,887005
BR,Teixeira,886346
BR,Marques,881630
BR,Almeida,803427
BR,Ramos,787319
BR,Machado,783814
BR,Rocha,764988
BR,Nascimento,727765
BR,De Araujo,685654
BR,Bezerra,669429
BR,Sousa,648332
BR,Borges,643347
BR,Santana,628975
BR,Aparecido,616787
BR,Pinto,579853
BR,Pinheiro,576875
BR,Monteiro,561044
BR,Andrade,551661
BR,De Carvalho,543544
BR,Leite,497031
BR,Correa,490072
BR,Nogueira,486880
BR,Garcia,469785
BR,Da Cruz,464687
BR,Henrique,463695
BR,Tavares,460661
BR,De Paula,456440
BR,De Freitas,451062
BR,Coelho,443651
BR,Pires,441973
BR,Correia,431888
BR,Miranda,428958
BR,Duarte,420032
BR,Freitas,418942
BR,Barros,417760
BR,Dos Reis,400939
BR,Campos,400022
BR,Do Carmo,397359
BR,De Andrade,392362
BR,De Fatima,379332
BR,Reis,376487
BR,Moraes,370827
BR,Gonçalves,365175
BR,De Melo,364280
BR,Guimaraes,362442
BR,Viana,359146
BR,Silveira,341132
BR,Moura,336161
BR,Brito,335354
BR,Neves,334892
BR,Carneiro,334802
BR,Melo,331965
BR,Medeiros,331632
BR,Cordeiro,323782
BR,Farias,316793
BR,Dantas,313673
BR,Cavalcante,312924
BR,Da Rocha,307922
BR,De Castro,302272
BR,Braga,279028
BR,De Assis,275255
BR,Cruz,266656
BR,De Lourdes,263695
BR,Siqueira,260180
BR,Macedo,259873
KR,Kim,11028664
KR,I,7531600
KR,Pak,4289612
KR,Chong,2450659
KR,Choe,2399473
KR,Cho,1500937
KR,Kang,1298721
KR,Yu,1158039
KR,Yun,1058481
KR,Chang,1044140
KR,Im,1031471
KR,Sin,1003943
KR,Song,916186
KR,Chon,878710
KR,So,816565
KR,Han,807058
KR,O,799618
KR,Hwang,713037
KR,Kwon,712875
KR,An,711749
KR,Hong,589260
KR,Yang,539120
KR,Son,497980
KR,Ko,481993
KR,Mun,472286
KR,Pae,414402
KR,Paek,387351
KR,Ho,341792
KR,No,319888
KR,Chu,298938
KR,Nam,283628
KR,Sim,279997
KR,Ha,236946
KR,Ku,214187
KR,Kwak,207818
KR,Cha,203973
KR,U,197937
KR,Na,189671
KR,Chin,187574
KR,Min,178995
KR,Chi,164587
KR,Pyon,162813
KR,Om,147080
KR,Won,137795
KR,Pang,134680
KR,Chae,130895
KR,Kong,96625
KR,Hyon,90764
KR,Ham,85403
KR,Yo,82290
KR,Yom,71240
KR,Sok,61099
KR,Lee,59919
KR,To,59531
KR,Sol,45330
KR,Ma,39586
KR,Yon,36522
KR,Kil,35567
KR,Park,33250
KR,Wi,33027
KR,Pyo,31786
KR,Ki,30019
KR,Pan,29477
KR,Myong,28861
KR,Wang,26521
KR,Ok,26494
KR,Kum,25289
KR,In,23705
KR,Maeng,23351
KR,Yuk,23125
KR,Che,22291
KR,Mo,22018
KR,Tak,21366
KR,Namgung,20894
KR,Kuk,20541
KR,Choi,18795
KR,Kyong,17660
KR,Un,17157
KR,Yong,16526
KR,Ye,14180
KR,Pong,13313
KR,Sa,11722
KR,Pu,10647
KR,Ka,10132
KR,Mok,9980
KR,Tae,9851
KR,Hwangbo,9816
KR,Jung,9578
KR,Misang,9562
KR,Pok,9337
KR,Shin,9012
KR,Kye,7220
KR,Hyong,7158
KR,Pi,7101
KR,Kam,6776
KR,Um,6727
KR,Tu,6561
KR,Oh,6439
KR,Yoon,6404
KR,Tong,6304
EG,Mohamed,2036870
EG,Ahmed,1815054
EG,Hassan,1377733
EG,Ali,1189772
EG,Mahmoud,840667
EG,Ibrahim,779267
EG,Gamal,740680
EG,Abdel,737161
EG,Mostafa,680979
EG,Salah,648823
EG,Adel,636931
EG,Hussein,525538
EG,Samir,517529
EG,Saad,503332
EG,Soliman,496780
EG,Kamal,487558
EG,Hamdy,454674
EG,Saleh,442782
EG,Salem,431012
EG,Nabil,422639
EG,Youssef,408442
EG,Samy,396793
EG,Said,395943
EG,Fathy,393759
EG,Sayed,390483
EG,Elsayed,390483
EG,Khalil,374587
EG,Aly,372403
EG,Mohammed,370097
EG,Kamel,365850
EG,Omar,351289
EG,Fawzy,348498
EG,Amin,344251
EG,Mansour,343280
EG,Magdy,343119
EG,Fouad,337335
EG,Ramadan,336242
EG,Zaki,331874
EG,Farouk,331146
EG,Taha,331025
EG,Fahmy,320104
EG,Abdallah,312095
EG,Maher,307484
EG,Ismail,306877
EG,Salama,303844
EG,Sabry,283094
EG,Hamed,279332
EG,Helmy,269261
EG,Galal,265985
EG,Khaled,262102
EG,Abo,256641
EG,Osman,253244
EG,Ezzat,253122
EG,Nasr,252273
EG,Awad,249846
EG,Mohsen,247540
EG,Atef,246812
EG,Ragab,245599
EG,Abdo,240988
EG,Badr,235891
EG,Amer,233101
EG,Essam,231523
EG,Farag,229218
EG,Ashraf,226063
EG,Hussien,217569
EG,Saber,212836
EG,Hafez,212108
EG,Eid,211744
EG,Yehia,209317
EG,Gad,208104
EG,Moustafa,203857
EG,Abou,201673
EG,Gaber,199488
EG,Tawfik,199246
EG,Alaa,197598
EG,Islam,197183
EG,Attia,196455
EG,Reda,195605
EG,Abbas,194756
EG,Aziz,192815
EG,Saeed,188932
EG,Sherif,185413
EG,Osama,184083
EG,Tarek,183808
EG,Mamdouh,182379
EG,Anwar,179952
EG,Alasid,179751
EG,Hegazy,178981
EG,Emam,178375
EG,Radwan,178375
EG,Allam,175584
EG,Khalifa,175341
EG,Sadek,175220
EG,Emad,173832
EG,Nour,172065
EG,Mokhtar,169881
EG,Elmasry,168182
EG,Nagy,166847
EG,Shehata,164906
EG,Ayman,163521
US,Smith,2975649
US,Johnson,2293849
US,Williams,1919651
US,Brown,1756746
US,Jones,1715334
US,Miller,1414878
US,Davis,1388690
US,Wilson,1014419
US,Anderson,1006306
US,Taylor,920169
US,Garcia,899119
US,Thomas,896159
US,Moore,891737
US,Martin,852746
US,Rodriguez,848877
US,Lee,840798
US,White,828996
US,Thompson,824523
US,Jackson,823459
US,Martinez,803807
US,Harris,761684
US,Clark,713072
US,Hernandez,707792
US,Lopez,659835
US,Lewis,657600
US,Walker,654195
US,Robinson,633850
US,Allen,619480
US,Gonzalez,618681
US,Young,616416
US,Hall,613938
US,Wright,575039
US,King,570899
US,Adams,549461
US,Nelson,544258
US,Scott,542732
US,Hill,538170
US,Baker,535452
US,Green,531821
US,Perez,529686
US,Campbell,488266
US,Carter,480041
US,Mitchell,476200
US,Roberts,475211
US,Sanchez,473806
US,Phillips,452408
US,Evans,449461
US,Turner,429304
US,Parker,426935
US,Edwards,421070
US,Collins,415400
US,Ramirez,413504
US,Stewart,411311
US,Morris,403149
US,Nguyen,399551
US,Murphy,396467
US,Cook,392504
US,Rogers,382969
US,Torres,368637
US,Peterson,364629
US,Morgan,364364
US,Cooper,360366
US,Bell,357500
US,Flores,357140
US,Bailey,354713
US,Reed,347263
US,Cox,340724
US,Rivera,340593
US,Ward,339522
US,Kelly,338139
US,Wood,333346
US,Howard,330144
US,Brooks,323495
US,Watson,322422
US,Bennett,321961
US,Richardson,321306
US,Gray,317574
US,James,311673
US,Ross,302362
US,Hughes,301896
US,Price,297974
US,Long,295787
US,Myers,292873
US,Gomez,292143
US,Sullivan,291433
US,Foster,291337
US,Diaz,290755
US,Sanders,283297
US,Powell,282074
US,Russell,280712
US,Butler,279729
US,Barnes,277404
US,Perry,277249
US,Kim,277021
US,Cruz,276212
US,Coleman,275911
US,Fisher,274645
US,Reyes,273794
US,Henderson,271567
US,Jenkins,270720
BD,Akter,14516505
BD,Islam,10711207
BD,Khatun,10046089
BD,Hossain,6864536
BD,Rahman,6221952
BD,Hasan,3351911
BD,Ahmed,2850661
BD,Begum,2435402
BD,Khan,2309120
BD,Uddin,2304343
BD,Ali,2203751
BD,Alam,2135427
BD,Mia,1839959
BD,Sultana,1673657
BD,Hossen,1465261
BD,Chowdhury,1461295
BD,Haque,1373953
BD,Rana,1161713
BD,Miah,1122291
BD,Akhter,1042160
BD,Aktar,1000156
BD,Akther,954367
BD,Hosen,916952
BD,Das,885953
BD,Mahmud,730467
BD,Biswas,696576
BD,Jahan,691799
BD,Kabir,683326
BD,Sarker,669355
BD,Hoque,618157
BD,Nahar,595352
BD,Hassan,578677
BD,Karim,552447
BD,Parvin,516753
BD,Saha,507379
BD,Roy,494850
BD,Amin,492777
BD,Rashid,481961
BD,Ullah,452306
BD,Al Amin,450230
BD,Zaman,438695
BD,Rahaman,377132
BD,Sarkar,367397
BD,Ferdous,354057
BD,Chakma,353894
BD,Sheikh,349460
BD,Bhuiyan,342519
BD,Ahmad,340626
BD,Al Mamun,335150
BD,Reza,320165
BD,Khanam,317732
BD,Ahamed,301687
BD,Mondal,299524
BD,Mamun,282849
BD,Barua,274196
BD,Billah,260946
BD,Khanom,260495
BD,Faruk,259540
BD,Molla,254095
BD,Hussain,252383
BD,Yeasmin,251159
BD,Mim,250889
BD,Habib,246884
BD,Jannat,241697
BD,Alom,241206
BD,Hossan,239444
BD,Talukder,232823
BD,Afrin,225115
BD,Kazi,222007
BD,Abdullah,221195
BD,Hosain,213984
BD,Azad,212813
BD,Rahim,205872
BD,Sharmin,203667
BD,Abu,199653
BD,Ahammed,198891
BD,Al-Amin,198801
BD,Dey,198571
BD,Ghosh,197039
BD,Siddique,195867
BD,Yasmin,190549
BD,Fatema,187626
BD,Akhtar,187394
BD,Banu,186583
BD,Iqbal,185141
BD,Sikder,180003
BD,Rasel,178561
BD,Kamal,176397
BD,Ahmmed,176001
BD,Yesmin,173928
BD,Babu,173062
BD,Sharif,168015
BD,Aziz,167113
BD,Tasnim,161762
BD,Sumon,160591
BD,Arafat,160083
BD,Tabassum,159722
BD,Rabbi,159362
BD,Ara,156567
BD,Salma,153232
TR,Yılmaz,1109235
TR,Yilmaz,978729
TR,Kaya,784448
TR,Demir,745040
TR,Çelik,637902
TR,Şahin,636235
TR,Yıldız,622287
TR,Yildiz,618318
TR,Yıldırım,609239
TR,Yildirim,605664
TR,Öztürk,554491
TR,Aydın,552074
TR,Aydin,551438
TR,Özdemir,515332
TR,Arslan,465565
TR,Doğan,446602
TR,Kılıç,401026
TR,Aslan,339831
TR,Çetin,321248
TR,Kara,268753
TR,Koç,263643
TR,Kurt,256199
TR,Özkan,237450
TR,Polat,231923
TR,Acar,231421
TR,Şimşek,231173
TR,Korkmaz,227625
TR,Özcan,227593
TR,Erdoğan,223037
TR,Çakir,221764
TR,Can,220189
TR,Yavuz,216485
TR,Şen,210019
TR,Yalçın,206892
TR,Güler,205890
TR,Aktaş,202031
TR,Güneş,196113
TR,Bulut,189411
TR,Bozkurt,189242
TR,Işık,187734
TR,Turan,183623
TR,Keskin,182686
TR,Avci,181912
TR,Ünal,181022
TR,Gül,179096
TR,Coşkun,178418
TR,Özer,177174
TR,Kaplan,173940
TR,Sari,169972
TR,Taş,160621
TR,Tekin,159865
TR,Yüksel,157379
TR,Köse,156279
TR,Ateş,154977
TR,Aksoy,151867
TR,Yiğit,151680
TR,Karataş,150964
TR,Uzun,149110
TR,Ceylan,143973
TR,Karaca,143641
TR,Çiftçi,143047
TR,Çiçek,141569
TR,Çoban,140967
TR,Çalişkan,140161
TR,Yaşar,137919
TR,Demirci,136546
TR,Bayram,134206
TR,Deniz,132591
TR,Çakmak,132391
TR,Güngör,130128
TR,Uçar,128101
TR,Erdem,126691
TR,Kahraman,125024
TR,Duman,123553
TR,Uysal,123484
TR,Genç,123240
TR,Çinar,123229
TR,Akin,122429
TR,Akın,122024
TR,Sönmez,120727
TR,Demirel,118420
TR,Mutlu,117274
TR,Kilinç,116463
TR,Ay,116160
TR,Koçak,116032
TR,Yaman,114570
TR,Küçük,114140
TR,Çetinkaya,114080
TR,Altun,111596
TR,Gündüz,111090
TR,Gümüş,110961
TR,Eren,106046
TR,Öz,104900
TR,Aydemir,103438
TR,Çolak,103210
TR,Tunç,103115
TR,Karakaya,103093
TR,Güven,103027
TR,Kartal,102731
TR,Gök,101119
VN,Nguyen,21229198
VN,Tran,6815931
VN,Le,5699384
VN,Pham,4540050
VN,Hoang,2469321
VN,Vu,2416772
VN,Phan,1880055
VN,Bui,1864925
VN,Vo,1570780
VN,Huynh,1564597
VN,Truong,1417525
VN,Ngo,1391983
VN,Duong,1218229
VN,Dang,1124356
VN,Do,1115083
VN,Ha,1103206
VN,Ho,1004453
VN,Trinh,901795
VN,Dinh,784007
VN,Anh,656178
VN,Doan,621804
VN,Cao,617574
VN,Hong,605861
VN,Luong,597075
VN,Lam,584060
VN,Thi,582108
VN,Dao,569255
VN,O,564862
VN,Hung,559168
VN,Mai,535904
VN,Van,529070
VN,Ang,525817
VN,Luu,523214
VN,Thai,454721
VN,Ly,427389
VN,Thanh,410632
VN,Phung,393061
VN,Nam,365566
VN,Ngoc,364142
VN,Chu,345555
VN,Ta,343115
VN,Tu,340675
VN,Vuong,326032
VN,Lan,319525
VN,Chau,317084
VN,Son,311228
VN,Minh,302442
VN,Inh,294708
VN,Ao,283570
VN,To,259817
VN,An,256889
VN,Tan,254936
VN,Phuong,252171
VN,Tam,229882
VN,Tung,225001
VN,Nguye,224221
VN,Yen,220446
VN,Thuy,220446
VN,Bao,218331
VN,Thu,197995
VN,Lee,193602
VN,Kim,185956
VN,Lai,173266
VN,Quach,167734
VN,Quan,164968
VN,Trang,163342
VN,Quang,163179
VN,Dong,158624
VN,Tong,156834
VN,Tuan,145446
VN,Ngan,145120
VN,Lien,142517
VN,Diep,140239
VN,Trieu,139751
VN,Huong,139426
VN,Oan,136231
VN,Linh,134545
VN,Chung,126736
VN,Dung,125109
VN,Nhu,124994
VN,La,124784
VN,Tang,123320
VN,Quoc,117604
VN,Hue,116812
VN,Hoa,114697
VN,Xuan,114534
VN,Bach,114209
VN,Kieu,112745
VN,Thao,109654
VN,Viet,108515
VN,Nghiem,108189
VN,Nhat,108094
VN,Duc,108027
VN,Trung,107701
VN,Han,106888
VN,Duy,105424
VN,Lu,102983
VN,Khanh,102256
VN,Ng,102007
VN,Dam,98916
AR,Gonzalez,648730
AR,Rodriguez,541923
AR,Gomez,492131
AR,Fernandez,460798
AR,Lopez,445374
AR,Diaz,397339
AR,Martinez,381686
AR,Perez,330820
AR,Garcia,320034
AR,Sanchez,308149
AR,Romero,296145
AR,Sosa,216539
AR,Torres,192977
AR,Alvarez,192942
AR,Ruiz,187546
AR,Ramirez,179144
AR,Flores,165661
AR,Benitez,160981
AR,Acosta,158204
AR,Medina,155524
AR,Herrera,149507
AR,Suarez,147327
AR,Aguirre,145998
AR,Gimenez,144374
AR,Gutierrez,143475
AR,Pereyra,141611
AR,Rojas,140086
AR,Molina,136383
AR,Castro,131345
AR,Ortiz,124792
AR,Silva,122454
AR,Nuñez,119776
AR,Luna,119402
AR,Juarez,116653
AR,Cabrera,113902
AR,Rios,113851
AR,Morales,111252
AR,Godoy,110604
AR,Moreno,108439
AR,Ferreyra,108039
AR,Dominguez,107804
AR,Carrizo,104268
AR,Peralta,104103
AR,Castillo,103514
AR,Ledesma,101913
AR,Quiroga,101826
AR,Vega,99031
AR,Vera,95803
AR,Muñoz,93416
AR,Ojeda,93261
AR,Ponce,91634
AR,Villalba,89460
AR,Cardozo,88612
AR,Navarro,85006
AR,Coronel,84643
AR,Vazquez,84390
AR,Ramos,84255
AR,Vargas,83586
AR,Caceres,82553
AR,Arias,82215
AR,Figueroa,81755
AR,Cordoba,79402
AR,Correa,79274
AR,Maldonado,79194
AR,Paz,78650
AR,Rivero,77564
AR,Miranda,77355
AR,Mansilla,76831
AR,Farias,74710
AR,Roldan,74271
AR,Mendez,73665
AR,Guzman,72678
AR,Aguero,71935
AR,Hernandez,71162
AR,Lucero,71055
AR,Cruz,70025
AR,Paez,69888
AR,Escobar,69534
AR,Mendoza,69435
AR,Barrios,69355
AR,Bustos,68208
AR,Avila,67498
AR,Ayala,66072
AR,Blanco,66005
AR,Soria,65762
AR,Maidana,64253
AR,Acuña,64170
AR,Leiva,64000
AR,Duarte,61341
AR,Moyano,60532
AR,Campos,60425
AR,Soto,60021
AR,Martin,59442
AR,Valdez,58370
AR,Bravo,58348
AR,Chavez,57810
AR,Velazquez,57774
AR,Olivera,57435
AR,Toledo,57309
AR,Franco,57221
PH,Dela Cruz,625640
PH,Garcia,441072
PH,Reyes,412746
PH,Ramos,375995
PH,Mendoza,372395
PH,Santos,342744
PH,Flores,312183
PH,Gonzales,293778
PH,Bautista,287619
PH,Villanueva,277723
PH,Fernandez,269810
PH,Cruz,267818
PH,De Guzman,249319
PH,Lopez,230952
PH,Perez,220109
PH,Castillo,211398
PH,Francisco,207836
PH,Rivera,184538
PH,Aquino,183086
PH,Castro,173680
PH,Sanchez,162882
PH,Torres,162349
PH,De Leon,156537
PH,Domingo,147350
PH,Martinez,143354
PH,Rodriguez,143067
PH,Santiago,140467
PH,Soriano,140198
PH,Delos Santos,139229
PH,Diaz,136446
PH,Hernandez,135741
PH,Tolentino,133007
PH,Valdez,132412
PH,Ramirez,131826
PH,Morales,129952
PH,Mercado,125310
PH,Tan,123286
PH,Aguilar,121632
PH,Navarro,113986
PH,Manalo,111334
PH,Gomez,108840
PH,Dizon,106504
PH,Del Rosario,105210
PH,Javier,104511
PH,Corpuz,104024
PH,Gutierrez,103350
PH,Salvador,103111
PH,Velasco,101369
PH,Miranda,101252
PH,David,100638
PH,Salazar,99914
PH,Ferrer,98473
PH,Alvarez,98101
PH,Sarmiento,98081
PH,Pascual,97166
PH,Lim,96870
PH,Delos Reyes,94452
PH,Marquez,94241
PH,Jimenez,93178
PH,Cortez,92597
PH,Antonio,92383
PH,Agustin,89729
PH,Rosales,89331
PH,Manuel,88250
PH,Mariano,86482
PH,Evangelista,86051
PH,Pineda,85576
PH,Enriquez,85548
PH,Ocampo,83885
PH,Alcantara,82798
PH,Pascua,81317
PH,De Vera,80899
PH,Romero,79793
PH,De Jesus,79480
PH,Dela Peña,79318
PH,Valencia,79033
PH,Ignacio,78861
PH,Vergara,78691
PH,Padilla,78448
PH,Angeles,75209
PH,Espiritu,74739
PH,Fuentes,71798
PH,Legaspi,71467
PH,Cañete,71377
PH,Peralta,70723
PH,Vargas,69501
PH,Cabrera,69377
PH,Fajardo,67980
PH,Gonzaga,67425
PH,Espinosa,66735
PH,Guevarra,66597
PH,Samson,66514
PH,Ortega,66505
PH,Molina,65977
PH,Serrano,65611
PH,Chavez,65320
PH,Briones,65208
PH,Medina,64937
PH,Palma,62016
PH,Tamayo,60533
GB,Smith,632690
GB,Jones,380312
GB,Taylor,293303
GB,Brown,283740
GB,Williams,271405
GB,Wilson,195933
GB,Johnson,191412
GB,Davies,175779
GB,Patel,166632
GB,Robinson,161306
GB,Wright,159023
GB,Thompson,157819
GB,Evans,154604
GB,Walker,151779
GB,White,149488
GB,Roberts,145927
GB,Green,143400
GB,Hall,141429
GB,Thomas,138916
GB,Clarke,135380
GB,Jackson,134639
GB,Wood,132189
GB,Harris,131595
GB,Edwards,128796
GB,Turner,127913
GB,Martin,123940
GB,Cooper,122061
GB,Hill,118602
GB,Ward,116263
GB,Hughes,116098
GB,Moore,115679
GB,Clark,114149
GB,King,112542
GB,Harrison,111239
GB,Lewis,110899
GB,Baker,110210
GB,Lee,106668
GB,Allen,105373
GB,Morris,104511
GB,Khan,102823
GB,Scott,102374
GB,Watson,98527
GB,Davis,96197
GB,Parker,95763
GB,James,90930
GB,Bennett,90595
GB,Young,88481
GB,Phillips,87650
GB,Richardson,87333
GB,Mitchell,87030
GB,Bailey,86799
GB,Carter,86509
GB,Cook,85568
GB,Singh,84799
GB,Shaw,84738
GB,Bell,84238
GB,Collins,82778
GB,Morgan,82166
GB,Kelly,79641
GB,Begum,78900
GB,Miller,78710
GB,Cox,77636
GB,Hussain,77501
GB,Marshall,76754
GB,Simpson,76062
GB,Price,75737
GB,Anderson,75260
GB,Adams,73684
GB,Wilkinson,73573
GB,Ali,72974
GB,Ahmed,72371
GB,Foster,71516
GB,Ellis,71207
GB,Murphy,71173
GB,Chapman,70606
GB,Mason,67747
GB,Gray,67631
GB,Richards,66416
GB,Webb,65816
GB,Griffiths,65767
GB,Hunt,64650
GB,Palmer,63652
GB,Campbell,63100
GB,Holmes,62846
GB,Mills,62252
GB,Rogers,62204
GB,Barnes,61288
GB,Knight,61158
GB,Matthews,60644
GB,Barker,60249
GB,Powell,60235
GB,Stevens,58976
GB,Kaur,58794
GB,Fisher,58600
GB,Butler,58585
GB,Dixon,58490
GB,Russell,58164
GB,Harvey,57433
GB,Pearson,56956
GB,Graham,55993
GB,Smith,64034
GB,Brown,46035
GB,Wilson,43437
GB,Campbell,38946
GB,Thomson,38729
GB,Robertson,38164
GB,Stewart,36625
GB,Anderson,34553
GB,Scott,27448
GB,Macdonald,27066
GB,Murray,26964
GB,Reid,26229
GB,Taylor,24844
GB,Clark,23578
GB,Ross,21618
GB,Morrison,20878
GB,Young,20647
GB,Mitchell,20528
GB,Paterson,20455
GB,Watson,20324
GB,Walker,19787
GB,Fraser,19323
GB,Miller,18562
GB,Henderson,18452
GB,Graham,18292
GB,Davidson,17918
GB,Gray,17789
GB,Hamilton,17694
GB,Johnston,17533
GB,Cameron,17318
GB,Duncan,17156
GB,Kerr,17026
GB,Martin,16695
GB,Hunter,16625
GB,Ferguson,16390
GB,Bell,16379
GB,Simpson,16040
GB,Grant,15822
GB,Kelly,15615
GB,Allan,15289
GB,Mcdonald,15287
GB,Mackenzie,15244
GB,Macleod,14565
GB,Black,13864
GB,Mackay,13676
GB,Russell,12403
GB,Marshall,12250
GB,Gibson,12189
GB,Wallace,12118
GB,Kennedy,12068
GB,Gordon,11797
GB,Mclean,11738
GB,Sutherland,11597
GB,Milne,11385
GB,Burns,11217
GB,Wright,11177
GB,Stevenson,10900
GB,Wood,10781
GB,Craig,10757
GB,Johnstone,10638
GB,Muir,10541
GB,Watt,10536
GB,Munro,10361
GB,Murphy,10334
GB,Sinclair,10185
GB,White,10139
GB,Hughes,9949
GB,Ritchie,9935
GB,Jones,9914
GB,Cunningham,9650
GB,Millar,9477
GB,Williamson,9195
GB,Bruce,9144
GB,Dickson,9132
GB,Crawford,9064
GB,Docherty,8975
GB,Douglas,8818
GB,Mckenzie,8652
GB,Maclean,8452
GB,Fleming,8362
GB,Boyle,8263
GB,Mckay,8204
GB,Mcmillan,8181
GB,Shaw,8133
GB,Christie,7990
GB,King,7982
GB,Mcintosh,7807
GB,Jamieson,7737
GB,Alexander,7617
GB,Lindsay,7574
GB,Aitken,7526
GB,Hay,7482
GB,Jackson,7448
GB,Hill,7363
GB,Currie,7361
GB,Williams,7257
GB,Forbes,7139
GB,Boyd,7060
GB,Moore,7018
GB,Mackie,7017
GB,Jones,170676
GB,Davies,111591
GB,Williams,110436
GB,Evans,74261
GB,Thomas,71063
GB,Roberts,46145
GB,Lewis,40049
GB,Hughes,37085
GB,Morgan,34371
GB,Griffiths,29473
GB,Edwards,28174
GB,Smith,25670
GB,James,24963
GB,Rees,24622
GB,Owen,21598
GB,Jenkins,20339
GB,Price,19857
GB,Morris,19458
GB,Phillips,19111
GB,Richards,16288
GB,Lloyd,14837
GB,Harris,12993
GB,Taylor,12989
GB,Parry,12560
GB,Powell,12332
GB,Brown,11313
GB,John,10305
GB,Watkins,8881
GB,Howells,8040
GB,Pritchard,7957
GB,Rogers,7191
GB,Hill,6525
GB,Hopkins,6416
GB,Ellis,6407
GB,Johnson,6355
GB,Bowen,6354
GB,Matthews,6290
GB,White,6249
GB,Wilson,6075
GB,Rowlands,6072
GB,Martin,5659
GB,Baker,5574
GB,Clarke,5500
GB,Bennett,5494
GB,Pugh,5345
GB,Green,5320
GB,Turner,5112
GB,Walters,5071
GB,Collins,5063
GB,Bevan,5029
GB,Wright,4983
GB,Hall,4823
GB,Llewellyn,4737
GB,Walker,4725
GB,Robinson,4712
GB,Allen,4699
GB,Francis,4694
GB,Young,4658
GB,Moore,4567
GB,Thompson,4457
GB,Owens,4335
GB,Lee,4335
GB,George,4328
GB,Cooper,4289
GB,Adams,4226
GB,Humphreys,4215
GB,Vaughan,4205
GB,Cook,4197
GB,Harries,4146
GB,Wood,4138
GB,Murphy,4121
GB,King,4085
GB,Jackson,4043
GB,Stephens,4004
GB,Parker,3942
GB,Pearce,3900
GB,Reynolds,3807
GB,Carter,3772
GB,Ward,3714
GB,Webb,3560
GB,Bailey,3545
GB,Harrison,3528
GB,Cox,3489
GB,Clark,3474
GB,Davis,3207
GB,Cole,3207
GB,Andrews,3188
GB,Mills,3158
GB,Saunders,3136
GB,Mitchell,3077
GB,Palmer,3022
GB,Watts,3018
GB,Ford,3004
GB,Payne,2976
GB,Mason,2966
GB,Parsons,2894
GB,Hunt,2883
GB,Scott,2818
GB,Sullivan,2798
GB,Tucker,2788
FR,Martin,315144
FR,Bernard,169451
FR,Robert,140801
FR,Richard,138391
FR,Durand,134761
FR,Dubois,132176
FR,Moreau,131071
FR,Simon,121517
FR,Laurent,120586
FR,Michel,116575
FR,Garcia,115387
FR,Thomas,114224
FR,Leroy,109155
FR,David,97772
FR,Morel,92539
FR,Roux,88942
FR,Fournier,87597
FR,Girard,87353
FR,Lambert,86918
FR,Mercier,79108
FR,Blanc,78987
FR,Lefebvre,78721
FR,Dupont,77493
FR,Faure,75823
FR,Bertrand,73705
FR,Morin,72393
FR,Garnier,71853
FR,Nicolas,71812
FR,Marie,70105
FR,Rousseau,69217
FR,Bonnet,68197
FR,Vincent,67754
FR,Henry,65573
FR,Masson,64896
FR,Robin,64224
FR,Martinez,63250
FR,Boyer,61059
FR,Muller,60964
FR,Denis,60148
FR,Chevalier,59849
FR,Lemaire,59775
FR,Meyer,59759
FR,Blanchard,59553
FR,Dufour,59024
FR,Vidal,57852
FR,Gauthier,57768
FR,Perez,57563
FR,Fontaine,56901
FR,Perrin,56771
FR,Joly,55625
FR,Jean,55395
FR,Da Silva,54795
FR,Gautier,54503
FR,Roche,53789
FR,Mathieu,52277
FR,Pereira,52164
FR,Roussel,51998
FR,Guerin,51727
FR,Duval,51370
FR,Rodriguez,51084
FR,Colin,51077
FR,Aubert,50844
FR,Lopez,50796
FR,Roy,50298
FR,Lefevre,50104
FR,Schmitt,49924
FR,Marchand,49789
FR,Picard,49408
FR,Caron,49213
FR,Sanchez,48151
FR,Gaillard,47978
FR,Louis,47691
FR,Meunier,47685
FR,Lucas,46816
FR,Dos Santos,46037
FR,Dumont,45792
FR,Clement,45690
FR,Brunet,45490
FR,Nguyen,45354
FR,Giraud,45165
FR,Arnaud,44887
FR,Brun,44381
FR,Barbier,44201
FR,Rolland,44181
FR,Charles,43121
FR,Hubert,42647
FR,Moulin,41976
FR,Fabre,41859
FR,Fernandes,41767
FR,Guillaume,41713
FR,Dupuis,41660
FR,Leroux,41466
FR,Roger,40882
FR,Paris,40711
FR,Guillot,40431
FR,Dupuy,39979
FR,Carpentier,39547
FR,Fernandez,39213
FR,Payet,39198
FR,Philippe,38757
PE,Quispe,573783
PE,Flores,356277
PE,Sanchez,315853
PE,Garcia,304143
PE,Rodriguez,294917
PE,Rojas,285445
PE,Huaman,277204
PE,Mamani,269846
PE,Vasquez,250853
PE,Ramos,246342
PE,Lopez,241743
PE,Torres,235991
PE,Perez,232388
PE,Diaz,224321
PE,Gonzales,215587
PE,Ramirez,213931
PE,Mendoza,206422
PE,Chavez,201980
PE,Espinoza,186983
PE,Castillo,173195
PE,Fernandez,171066
PE,Gutierrez,162700
PE,Vargas,162032
PE,Cruz,153737
PE,Ruiz,152492
PE,De la Cruz,132367
PE,Romero,128262
PE,Gomez,126926
PE,Condori,122248
PE,Castro,121755
PE,Silva,120715
PE,Cordova,116916
PE,Martinez,115530
PE,Rivera,112994
PE,Reyes,111441
PE,Salazar,111358
PE,Medina,109371
PE,Aguilar,107164
PE,Paredes,105898
PE,Leon,105684
PE,Morales,105126
PE,Palomino,104957
PE,Huamani,101227
PE,Herrera,98488
PE,Campos,98085
PE,Rios,94020
PE,Peña,93705
PE,Vega,89183
PE,Cardenas,88853
PE,Delgado,87645
PE,Alvarez,86789
PE,Soto,83684
PE,Calderon,82197
PE,Velasquez,81164
PE,Guevara,81051
PE,Jimenez,80112
PE,Muñoz,79975
PE,Villanueva,78073
PE,Nuñez,76269
PE,Alvarado,75653
PE,Apaza,73323
PE,Ortiz,73147
PE,Saavedra,70512
PE,Meza,69242
PE,Navarro,68382
PE,Sandoval,68149
PE,Guerrero,66403
PE,Hernandez,65915
PE,Salas,63862
PE,Cabrera,63043
PE,Palacios,62336
PE,Vilca,61687
PE,Davila,60099
PE,Zapata,59334
PE,Moreno,58713
PE,Contreras,58383
PE,Carrasco,55740
PE,Santos,55049
PE,Mejia,54532
PE,Miranda,54101
PE,Vera,53204
PE,Aguirre,50412
PE,Jara,49868
PE,Suarez,49210
PE,Alarcon,48934
PE,Ayala,48816
PE,Arias,48451
PE,Guerra,48083
PE,Vilchez,47890
PE,Caceres,47697
PE,Guzman,46893
PE,Bravo,46482
PE,Cueva,46251
PE,Lozano,46009
PE,Pacheco,45429
PE,Choque,45343
PE,Bautista,44977
PE,Juarez,44902
PE,Tello,44574
PE,Quiroz,44489
TW,Chen,2713174
TW,Lin,1934427
TW,Huang,1442991
TW,Zhang,1228096
TW,Li,1214579
TW,Wang,997700
TW,Wu,994323
TW,Xu,825967
TW,Liu,759805
TW,Cai,670695
TW,Yang,623983
TW,Zheng,433512
TW,Xie,405335
TW,Lu,349320
TW,Guo,345785
TW,Hong,344859
TW,Qiu,341178
TW,Ceng,317017
TW,Liao,313123
TW,Lai,307874
TW,Jiang,284922
TW,Zhou,281416
TW,Ye,271594
TW,Su,264766
TW,Zhuang,217521
TW,Luo,203431
TW,He,200907
TW,Xiao,192236
TW,Shi,189379
TW,Zhong,179437
TW,Gao,177637
TW,You,168036
TW,Pan,159754
TW,Zhu,157157
TW,Jian,156487
TW,Yu,151900
TW,Zhan,144872
TW,Peng,138876
TW,Yan,130697
TW,Hu,128802
TW,Liang,107154
TW,Zhao,105978
TW,Ke,100206
TW,Wei,99697
TW,Weng,92254
TW,Sun,87107
TW,Fang,82146
TW,Dai,81845
TW,Fan,79243
TW,Tang,78306
TW,Song,76544
TW,Gu,61998
TW,Deng,61807
TW,Wen,61314
TW,Fu,57209
TW,Hou,53589
TW,Du,53322
TW,Cao,52137
TW,Tu,50251
TW,Xue,49723
TW,Ding,47671
TW,Cheng,47094
TW,Ji,46349
TW,Lan,44913
TW,Ma,44301
TW,Zhuo,43880
TW,Dong,42994
TW,Lian,42639
TW,Feng,40668
TW,Yao,40522
TW,Ou,37765
TW,Kang,35742
TW,Tian,34737
TW,Bai,34134
TW,Zou,31851
TW,Gong,27098
TW,Ruan,25945
TW,Yuan,24057
TW,Chang,22803
TW,Han,22580
TW,Guan,21529
TW,Jin,21177
TW,Tong,20020
TW,Yin,17356
TW,Xia,16749
TW,Tan,16451
TW,Shao,15907
TW,Qian,15049
TW,Ni,14317
TW,Lee,13664
TW,Mao,13178
TW,Gan,12360
TW,Ren,12125
TW,Xiong,12095
TW,Wan,11725
TW,Qin,11721
TW,Chu,11482
TW,Hsu,11173
TW,Lei,10107
TW,Rao,9816
CO,Rodriguez,903288
CO,Martinez,691617
CO,Garcia,641561
CO,Gomez,637105
CO,Lopez,635035
CO,Gonzalez,591384
CO,Hernandez,576804
CO,Sanchez,560923
CO,Perez,535054
CO,Ramirez,504012
CO,Diaz,497000
CO,Torres,400877
CO,Muñoz,370910
CO,Rojas,359063
CO,Moreno,343671
CO,Vargas,336745
CO,Ortiz,331455
CO,Jimenez,324385
CO,Castro,305192
CO,Gutierrez,304930
CO,Alvarez,272614
CO,Valencia,272493
CO,Ruiz,268121
CO,Suarez,257236
CO,Herrera,251474
CO,Romero,250564
CO,Quintero,246915
CO,Morales,244911
CO,Giraldo,201260
CO,Rivera,199651
CO,Arias,197395
CO,Florez,196644
CO,Marin,193269
CO,Castillo,191885
CO,Mejia,188927
CO,Mosquera,180995
CO,Osorio,179658
CO,Cardenas,178198
CO,Cardona,176368
CO,Peña,175690
CO,Zapata,175076
CO,Restrepo,174356
CO,Guerrero,174310
CO,Parra,173396
CO,Mendoza,170439
CO,Medina,163574
CO,Ramos,162264
CO,Salazar,161195
CO,Correa,157644
CO,Ortega,150947
CO,Vasquez,150762
CO,Montoya,150674
CO,Cortes,150259
CO,Acosta,150010
CO,Guzman,149158
CO,Londoño,146260
CO,Molina,144948
CO,Velasquez,144678
CO,Rincon,144094
CO,Rios,141757
CO,Sierra,141599
CO,Cruz,141167
CO,Ospina,138325
CO,Garzon,137180
CO,Jaramillo,134534
CO,Reyes,131871
CO,Orozco,131222
CO,Agudelo,130204
CO,Mora,130171
CO,Beltran,127977
CO,Contreras,125469
CO,Leon,123059
CO,Escobar,122791
CO,Caicedo,121180
CO,Castañeda,121100
CO,Fernandez,118088
CO,Hurtado,117143
CO,Delgado,113886
CO,Silva,112758
CO,Lozano,112172
CO,Henao,111866
CO,Bedoya,110401
CO,Calderon,110081
CO,Murillo,109576
CO,Castaño,108846
CO,Vega,108070
CO,Mendez,107851
CO,Avila,102845
CO,Patiño,99687
CO,Cordoba,98998
CO,Velez,98772
CO,Pineda,97965
CO,Arango,96653
CO,Bernal,96225
CO,Franco,95102
CO,Carvajal,93406
CO,Gil,93172
CO,Padilla,92573
CO,Acevedo,91825
CO,Cano,91069
CL,Gonzalez,364213
CL,Muñoz,282968
CL,Rojas,207657
CL,Diaz,202032
CL,Perez,160727
CL,Soto,144358
CL,Contreras,137129
CL,Silva,129719
CL,Martinez,123988
CL,Sepulveda,123140
CL,Morales,122977
CL,Rodriguez,120342
CL,Lopez,118787
CL,Araya,114592
CL,Fuentes,113605
CL,Hernandez,111148
CL,Torres,110671
CL,Espinoza,109052
CL,Flores,108550
CL,Castillo,107334
CL,Valenzuela,106312
CL,Ramirez,104349
CL,Reyes,102837
CL,Gutierrez,99029
CL,Castro,98686
CL,Vargas,96183
CL,Alvarez,95277
CL,Vasquez,92794
CL,Tapia,89866
CL,Fernandez,88659
CL,Sanchez,88017
CL,Cortes,87402
CL,Gomez,85058
CL,Herrera,84932
CL,Carrasco,83862
CL,Nuñez,82161
CL,Miranda,81427
CL,Jara,78401
CL,Vergara,76530
CL,Rivera,73581
CL,Figueroa,70913
CL,Garcia,70569
CL,Bravo,69864
CL,Riquelme,69653
CL,Vera,66610
CL,Vega,64874
CL,Molina,63909
CL,Campos,61669
CL,Sandoval,61574
CL,Olivares,61516
CL,Orellana,61197
CL,Zuñiga,59687
CL,Ortiz,57503
CL,Gallardo,57325
CL,Alarcon,56966
CL,Garrido,56170
CL,Salazar,55894
CL,Pizarro,53997
CL,Aguilera,53820
CL,Saavedra,53584
CL,Romero,53253
CL,Guzman,53114
CL,Henriquez,52684
CL,Navarro,52013
CL,Peña,51675
CL,Aravena,51636
CL,Godoy,51540
CL,Caceres,51539
CL,Parra,51189
CL,Leiva,49176
CL,Escobar,48161
CL,Yañez,48070
CL,Valdes,48017
CL,Salinas,47235
CL,Vidal,46831
CL,Jimenez,46240
CL,Lagos,44249
CL,Ruiz,44026
CL,Cardenas,43239
CL,Bustos,43133
CL,Medina,43038
CL,Maldonado,43009
CL,Pino,42555
CL,Moreno,41595
CL,Carvajal,41567
CL,Palma,41463
CL,Sanhueza,40168
CL,Poblete,39902
CL,Navarrete,39635
CL,Saez,39566
CL,Toro,39495
CL,Donoso,39111
CL,Ortega,39041
CL,Venegas,38840
CL,Bustamante,38656
CL,Alvarado,38253
CL,Acevedo,38238
CL,Farias,38049
CL,Acuña,37539
CL,Guerrero,37325
ES,Garcia,1511173
ES,Rodriguez,948583
ES,Gonzalez,947487
ES,Fernandez,937368
ES,Lopez,901676
ES,Martinez,860106
ES,Sanchez,835693
ES,Perez,810570
ES,Gomez,507339
ES,Martin,502498
ES,Jimenez,400072
ES,Ruiz,388768
ES,Hernandez,371651
ES,Diaz,347672
ES,Moreno,335575
ES,Muñoz,294004
ES,Alvarez,290746
ES,Romero,229904
ES,Alonso,209693
ES,Gutierrez,199657
ES,Navarro,189508
ES,Torres,177784
ES,Dominguez,162024
ES,Ramos,152222
ES,Vazquez,151934
ES,Gil,149695
ES,Serrano,139534
ES,Ramirez,138821
ES,Blanco,129972
ES,Molina,127951
ES,Morales,126104
ES,Ortega,124254
ES,Suarez,124207
ES,Delgado,122625
ES,Castro,120534
ES,Ortiz,112547
ES,Rubio,110951
ES,Marin,106926
ES,Sanz,100447
ES,Iglesias,93740
ES,Medina,92254
ES,Nuñez,91054
ES,Garrido,90094
ES,Castillo,87976
ES,Cortes,86628
ES,Lozano,84289
ES,Guerrero,82875
ES,Santos,82470
ES,Cano,81633
ES,Prieto,77836
ES,Calvo,74738
ES,Vidal,74132
ES,Mendez,74077
ES,Cruz,74008
ES,Gallego,73413
ES,Herrera,72271
ES,Cabrera,71791
ES,Peña,70615
ES,Flores,70607
ES,Leon,70133
ES,Marquez,69811
ES,Campos,69233
ES,Vega,67996
ES,Fuentes,67722
ES,Carrasco,66413
ES,Diez,66112
ES,Caballero,63545
ES,Nieto,63499
ES,Pascual,63344
ES,Reyes,62927
ES,Aguilar,62311
ES,Herrero,62066
ES,Santana,61955
ES,Ferrer,59889
ES,Lorenzo,59800
ES,Hidalgo,59018
ES,Montero,59014
ES,Gimenez,58720
ES,Ibañez,57094
ES,Mora,55990
ES,Vicente,55816
ES,Santiago,55670
ES,Duran,54962
ES,Arias,54780
ES,Vargas,53995
ES,Benitez,53919
ES,Carmona,53865
ES,Crespo,52883
ES,Pastor,52529
ES,Soto,50244
ES,Soler,49957
ES,Velasco,49533
ES,Roman,49512
ES,Saez,49219
ES,Moya,48798
ES,Esteban,48133
ES,Parra,47749
ES,Bravo,47206
ES,Gallardo,47006
ES,Pardo,46391
CA,Smith,192207
CA,Brown,108883
CA,Tremblay,106669
CA,Martin,91694
CA,Roy,90404
CA,Gagnon,85118
CA,Lee,83425
CA,Wilson,82770
CA,Johnson,79512
CA,Macdonald,78768
CA,Taylor,71543
CA,Campbell,71073
CA,Anderson,70382
CA,Jones,68216
CA,Leblanc,67906
CA,Cote,66456
CA,Williams,63737
CA,Miller,63144
CA,Thompson,63002
CA,Gauthier,61032
CA,White,56799
CA,Morin,56245
CA,Wong,55166
CA,Young,54016
CA,Bouchard,53556
CA,Scott,51127
CA,Stewart,50759
CA,Pelletier,48316
CA,Lavoie,47635
CA,Robinson,47168
CA,Moore,46794
CA,Belanger,46258
CA,Singh,45719
CA,Fortin,44754
CA,Levesque,44504
CA,Chan,44491
CA,Reid,43251
CA,Ross,43168
CA,Clark,42974
CA,Johnston,41672
CA,Walker,41593
CA,Thomas,41050
CA,King,40699
CA,Gagne,40600
CA,Bergeron,39916
CA,Li,39476
CA,Boucher,39299
CA,Landry,38948
CA,Poirier,38318
CA,Murray,38193
CA,Murphy,38076
CA,Mcdonald,37706
CA,Wright,37603
CA,Richard,37357
CA,Mitchell,37293
CA,Girard,37171
CA,Clarke,36537
CA,Davis,35812
CA,Simard,35621
CA,Kelly,35125
CA,Lewis,35046
CA,Graham,34952
CA,Caron,34894
CA,Wang,34703
CA,Fraser,34663
CA,Fournier,34295
CA,Jackson,34128
CA,Beaulieu,34077
CA,Wood,33342
CA,Hall,33030
CA,Baker,32921
CA,Chen,32883
CA,Hill,32707
CA,Harris,32408
CA,Green,32261
CA,Roberts,31913
CA,Lapointe,31414
CA,Bell,31368
CA,Ouellet,31192
CA,Patel,31166
CA,Watson,31067
CA,Kennedy,30954
CA,Cloutier,30924
CA,Robertson,30875
CA,Allen,30715
CA,Lefebvre,30342
CA,Nguyen,30174
CA,Hamilton,29832
CA,Desjardins,29190
CA,Adams,28991
CA,Gill,28836
CA,Khan,28806
CA,Cameron,28717
CA,Morrison,28703
CA,Dube,28514
CA,Evans,28452
CA,Grant,28242
CA,Nadeau,28105
CA,Zhang,27859
CA,Peters,27709
AU,Smith,183242
AU,Jones,97337
AU,Brown,91228
AU,Williams,89947
AU,Taylor,77766
AU,Wilson,77643
AU,Anderson,62882
AU,Johnson,59120
AU,White,55912
AU,Thompson,53626
AU,Lee,52447
AU,Martin,52447
AU,Walker,50058
AU,Kelly,49490
AU,Thomas,48554
AU,Young,48085
AU,King,47470
AU,Ryan,46849
AU,Harris,46772
AU,Roberts,46147
AU,Hall,46135
AU,Baker,45955
AU,Wright,45799
AU,Evans,45615
AU,Davis,44979
AU,Campbell,44640
AU,Edwards,43993
AU,Clark,43382
AU,Robinson,42481
AU,Clarke,41881
AU,Hill,41726
AU,Scott,41595
AU,Stewart,40959
AU,Mitchell,40951
AU,Moore,40680
AU,Turner,40574
AU,Watson,39571
AU,Green,39545
AU,Miller,39430
AU,Bell,37955
AU,Cooper,37746
AU,Wood,37198
AU,O'Brien,36925
AU,Murphy,36393
AU,James,36259
AU,Jackson,35944
AU,Lewis,35748
AU,Bennett,35692
AU,Allen,35531
AU,Robertson,34727
AU,Davies,34249
AU,Collins,34183
AU,Cook,33736
AU,Murray,33477
AU,Ward,33351
AU,Hughes,32148
AU,Johnston,32088
AU,Morris,32051
AU,Phillips,31752
AU,Ross,31468
AU,Gray,31380
AU,Graham,31327
AU,Parker,31306
AU,Adams,31240
AU,Russell,30690
AU,Reid,30228
AU,Kennedy,29944
AU,Morgan,29922
AU,Cox,29175
AU,Marshall,28937
AU,Richardson,27889
AU,Harrison,27811
AU,Simpson,27672
AU,Richards,27527
AU,Carter,27385
AU,Nguyen,27062
AU,Walsh,27030
AU,Rogers,26586
AU,Bailey,26511
AU,Matthews,25502
AU,Thomson,25449
AU,Cameron,25217
AU,Webb,24883
AU,Mcdonald,24740
AU,Chapman,24526
AU,Singh,24215
AU,Ellis,24094
AU,Grant,23951
AU,Hunt,23944
AU,Stevens,23897
AU,Shaw,23779
AU,Butler,23770
AU,Mills,23741
AU,Pearce,23566
AU,Barnes,23505
AU,Harvey,23398
AU,Armstrong,23386
AU,Price,23244
AU,Henderson,23203
AU,Knight,23070
DE,Müller,945404
DE,Schmidt,711024
DE,Schneider,436230
DE,Fischer,372558
DE,Weber,325733
DE,Meyer,323771
DE,Wagner,298283
DE,Becker,279689
DE,Schulz,278306
DE,Hoffmann,275089
DE,Koch,229729
DE,Richter,228926
DE,Bauer,224180
DE,Schäfer,222673
DE,Klein,199652
DE,Wolf,194405
DE,Schröder,188859
DE,Neumann,179675
DE,Schwarz,166126
DE,Braun,164772
DE,Zimmermann,162733
DE,Hofmann,159110
DE,Lange,159049
DE,Hartmann,155025
DE,Krüger,154907
DE,Krause,150983
DE,Lehmann,149628
DE,Schmitz,148465
DE,Schmitt,147644
DE,Meier,147597
DE,Werner,145307
DE,Schmid,141065
DE,Schulze,137553
DE,Maier,134372
DE,Herrmann,130093
DE,Mayer,125624
DE,Köhler,125507
DE,König,125182
DE,Walter,124822
DE,Huber,122614
DE,Kaiser,121904
DE,Peters,121871
DE,Fuchs,117637
DE,Möller,113584
DE,Lang,112300
DE,Scholz,111927
DE,Jung,106330
DE,Weiß,104983
DE,Hahn,103492
DE,Keller,101526
DE,Berger,100333
DE,Schubert,99839
DE,Vogel,99746
DE,Friedrich,98780
DE,Frank,96568
DE,Roth,95905
DE,Winkler,95326
DE,Günther,94874
DE,Beck,94513
DE,Lorenz,93306
DE,Baumann,87598
DE,Franke,85861
DE,Albrecht,84739
DE,Ludwig,81068
DE,Winter,80908
DE,Simon,80651
DE,Schuster,80105
DE,Schumacher,79777
DE,Kraus,78896
DE,Böhm,78636
DE,Vogt,77061
DE,Martin,76142
DE,Stein,75376
DE,Jäger,74486
DE,Sommer,74064
DE,Krämer,73859
DE,Brandt,72387
DE,Otto,72341
DE,Heinrich,70993
DE,Schulte,70537
DE,Graf,69932
DE,Seidel,69775
DE,Haas,69637
DE,Schreiber,68452
DE,Groß,68355
DE,Dietrich,66763
DE,Engel,66006
DE,Ziegler,64754
DE,Horn,63294
DE,Bergmann,62854
DE,Pohl,62473
DE,Kuhn,62351
DE,Jansen,62349
DE,Voigt,61931
DE,Kühn,61689
DE,Beyer,60765
DE,Busch,60689
DE,Thomas,60588
DE,Hansen,60323
DE,Arnold,59629
HU,Tóth,301189
HU,Nagy,230543
HU,Szabó,216284
HU,Kovács,209333
HU,Varga,176673
HU,Horváth,162557
HU,Kiss,133259
HU,Molnár,107182
HU,Németh,88323
HU,Farkas,70632
HU,Takács,68025
HU,Balogh,62010
HU,Papp,53579
HU,Juhász,49710
HU,Szilágyi,40575
HU,Mészáros,38309
HU,Simon,37256
HU,Szűcs,36440
HU,Fekete,34292
HU,Török,33129
HU,Rácz,28508
HU,Oláh,28334
HU,Szalai,27268
HU,Fehér,25730
HU,Gál,24798
HU,Pintér,23627
HU,Balázs,23522
HU,Kocsis,23305
HU,Lakatos,23168
HU,Fodor,22900
HU,Vincze,22181
HU,Sándor,21824
HU,Veres,21703
HU,Magyar,21111
HU,Kis,20844
HU,Sipos,20355
HU,Katona,19243
HU,Vass,19146
HU,Király,19038
HU,Hegedűs,19030
HU,Lukács,18855
HU,Vörös,18287
HU,Szőke,18089
HU,Gulyás,17736
HU,Fazekas,17158
HU,Váradi,17030
HU,Somogyi,16888
HU,Kelemen,16653
HU,Fülöp,16645
HU,László,16476
HU,Antal,16450
HU,Orosz,16171
HU,Székely,16004
HU,Boros,15916
HU,Jakab,15377
HU,Pál,14662
HU,Bálint,14558
HU,Deák,14482
HU,Tamás,14282
HU,Szekeres,14247
HU,Lengyel,14229
HU,Illés,14072
HU,Végh,14007
HU,Fábián,13887
HU,Bodnár,13781
HU,Bognár,13765
HU,Virág,13615
HU,Pap,13244
HU,Biró,13085
HU,Pásztor,12845
HU,Kozma,12806
HU,Halász,12803
HU,Szücs,12568
HU,Szántó,12530
HU,Máté,12374
HU,Budai,11978
HU,Bakos,11745
HU,Ács,11663
HU,Major,11613
HU,Vida,11551
HU,Vajda,11485
HU,Soós,11461
HU,Dudás,11352
HU,Novák,11338
HU,Nemes,11312
HU,Barna,11098
HU,Orbán,11078
HU,Gáspár,11061
HU,Hajdu,10907
HU,Urbán,10815
HU,Sárközi,10673
HU,Kerekes,10645
HU,Balog,10390
HU,Szász,10355
HU,Dobos,10253
HU,Ádám,10233
HU,Balla,10192
HU,Barta,10186
HU,Borbély,10107
HU,Szegedi,10023
GR,Papadopoulos,59038
GR,Papadopoulou,37804
GR,Papageorgiou,23706
GR,Oikonomou,21370
GR,Papadimitriou,19780
GR,Georgiou,18069
GR,Papaioannou,17960
GR,Pappas,17042
GR,Vasileiou,16793
GR,Nikolaou,16693
GR,Karagiannis,15275
GR,Vlachos,14895
GR,Antoniou,14822
GR,Makris,14775
GR,Papanikolaou,14647
GR,Dimitriou,14310
GR,Ioannidis,14112
GR,Georgiadis,13806
GR,Triantafyllou,13421
GR,Papadakis,13200
GR,Athanasiou,13110
GR,Konstantinidis,12810
GR,Ioannou,12494
GR,Alexiou,11575
GR,Christodoulou,11566
GR,Theodorou,11209
GR,Giannopoulos,10966
GR,Nikolaidis,10210
GR,Konstantinou,10077
GR,Michailidis,9905
GR,Panagiotopoulos,9904
GR,Papakonstantinou,9882
GR,Papathanasiou,9818
GR,Antonopoulos,9762
GR,Dimopoulos,9603
GR,Karagianni,9529
GR,Anastasiou,9511
GR,Dimitriadis,9506
GR,Pappa,9448
GR,Vlachou,9330
GR,Vasileiadis,9095
GR,Giannakopoulos,8852
GR,Angelopoulos,8790
GR,Dimou,8723
GR,Ioannidou,8644
GR,Nikolopoulos,8641
GR,Mylonas,8628
GR,Stergiou,8485
GR,Apostolou,8465
GR,Petropoulos,8465
GR,Lamprou,8405
GR,Papadaki,8370
GR,Christou,8357
GR,Panagiotou,8270
GR,Anagnostou,8204
GR,Makri,8192
GR,Konstantinidou,8101
GR,Samaras,8089
GR,Raptis,8087
GR,Athanasopoulos,8045
GR,Alexopoulos,8034
GR,Christopoulos,8025
GR,Stavropoulos,8016
GR,Anagnostopoulos,7973
GR,Markou,7822
GR,Georgiadou,7772
GR,Spanos,7655
GR,Sidiropoulos,7623
GR,Antoniadis,7573
GR,Panagopoulos,7490
GR,Efthymiou,7458
GR,Spyropoulos,7444
GR,Theodoropoulos,7352
GR,Pavlidis,7325
GR,Athanasiadis,7296
GR,Apostolopoulos,7284
GR,Petrou,7131
GR,Michalopoulos,7095
GR,Arvanitis,7051
GR,Lazaridis,7012
GR,Kontos,6997
GR,Georgopoulos,6991
GR,Panagiotidis,6962
GR,Theodoridis,6959
GR,Chatzis,6924
GR,Anastasiadis,6765
GR,Papavasileiou,6696
GR,Papazoglou,6669
GR,Vasilopoulos,6662
GR,Iliopoulos,6643
GR,Kostopoulos,6516
GR,Politis,6479
GR,Galanis,6472
GR,Stavrou,6457
GR,Paraskevopoulos,6442
GR,Apostolidis,6434
GR,Giannopoulou,6261
GR,Diamantis,6164
GR,Pantazis,6107
GR,Andreou,6084
UA,Melnik,141666
UA,Melnyk,141260
UA,Shevchenko,134375
UA,Bondarenko,117212
UA,Kovalenko,116139
UA,Boyko,109167
UA,Tkachenko,105687
UA,Kravchenko,98413
UA,Kovalchuk,91759
UA,Koval,81588
UA,Shevchuk,73070
UA,Polishchuk,68183
UA,Polyshchuk,67808
UA,Bondar,65206
UA,Olyinyk,62678
UA,Ivanova,60523
UA,Lysenko,58828
UA,Moroz,58201
UA,Marchenko,57728
UA,Tkachuk,57641
UA,Savchenko,57433
UA,Rudenko,56339
UA,Petrenko,54594
UA,Klimenko,54048
UA,Pavlenko,49196
UA,Yvanov,49078
UA,Ivanov,48665
UA,Kravchuk,47764
UA,Kolesnik,47706
UA,Kuzmenko,47053
UA,Ponomarenko,45258
UA,Savchuk,45063
UA,Vasilenko,44804
UA,Vasylenko,44760
UA,Levchenko,44329
UA,Sidorenko,44229
UA,Kharchenko,43211
UA,Dyachenko,42943
UA,Shvets,42268
UA,Karpenko,41655
UA,Melnichuk,41441
UA,Gavrilyuk,41230
UA,Litvinenko,41065
UA,Myroshnychenko,40327
UA,Miroshnichenko,40292
UA,Mazur,38539
UA,Kulyk,38459
UA,Panchenko,38422
UA,Romanyuk,38272
UA,Kushnir,38224
UA,Khomenko,38124
UA,Kulik,37821
UA,Kushnyr,37777
UA,Popovich,37518
UA,Pavlyuk,37229
UA,Yurchenko,37116
UA,Popova,36739
UA,Tyshchenko,36489
UA,Goncharenko,35770
UA,Kostenko,35727
UA,Tishchenko,35702
UA,Kirichenko,35287
UA,Kolomyets,35239
UA,Kostyuk,34498
UA,Belous,33915
UA,Kravets,33870
UA,Tkach,33788
UA,Nazarenko,33594
UA,Semenyuk,33541
UA,Romanenko,33181
UA,Kozak,33107
UA,Kovtun,32630
UA,Yakovenko,32194
UA,Mishchenko,32116
UA,Nesterenko,32088
UA,Myshchenko,32040
UA,Fedorenko,31947
UA,Zynchenko,31808
UA,Zinchenko,31760
UA,Popov,31203
UA,Tereshchenko,31169
UA,Vovk,31147
UA,Litvin,31123
UA,Babich,30923
UA,Yshchenko,30648
UA,Ishchenko,30536
UA,Babenko,30518
UA,Demchenko,30435
UA,Tarasenko,30423
UA,Makarenko,30061
UA,Kovaleva,29669
UA,Onyshchenko,29308
UA,Onishchenko,29217
UA,Zhuk,29045
UA,Tymoshenko,28550
UA,Kuznetsova,28357
UA,Moskalenko,28337
UA,Shcherbina,28316
UA,Vlasenko,28085
UA,Herasymenko,27961
IT,Rossi,347433
IT,Russo,220653
IT,Ferrari,196574
IT,Esposito,155508
IT,Bianchi,133437
IT,Colombo,133431
IT,Romano,117082
IT,Ricci,92726
IT,Gallo,89960
IT,Dal,87343
IT,Bruno,87231
IT,Greco,85490
IT,Marino,85052
IT,Conti,80877
IT,Giordano,80545
IT,Rizzo,77797
IT,De Luca,77490
IT,Costa,76346
IT,Mancini,75990
IT,Lombardi,71125
IT,Barbieri,68961
IT,Fontana,67158
IT,Moretti,66645
IT,Mariani,63798
IT,Caruso,62283
IT,Galli,62084
IT,Ferrara,60373
IT,Santoro,59315
IT,Rinaldi,58141
IT,Longo,58134
IT,Villa,57832
IT,Sala,57517
IT,Leone,56907
IT,Martini,56651
IT,Dalla,55794
IT,D'Angelo,53807
IT,Bianco,53498
IT,Martinelli,53389
IT,Gatti,52845
IT,Vitale,52048
IT,Serra,51565
IT,Coppola,50841
IT,Gentile,50256
IT,Cattaneo,49608
IT,Ferri,49194
IT,Messina,48806
IT,Monti,48675
IT,Marchetti,48473
IT,Marini,48464
IT,Fabbri,48235
IT,Ferraro,47582
IT,Lombardo,46999
IT,Testa,46215
IT,De Santis,46052
IT,Grasso,45604
IT,Parisi,44837
IT,Amato,44758
IT,De Angelis,44513
IT,Pellegrini,44264
IT,Riva,43498
IT,Grassi,43159
IT,Palumbo,42738
IT,Conte,42099
IT,Morelli,41742
IT,Brambilla,41441
IT,Sanna,40893
IT,Farina,40792
IT,Benedetti,40773
IT,Pellegrino,40127
IT,Valentini,39910
IT,Rizzi,39816
IT,Franco,39321
IT,Caputo,39052
IT,Carbone,38743
IT,Fiore,38692
IT,De Rosa,38613
IT,Barone,38578
IT,D'Amico,38321
IT,Mazza,38163
IT,Silvestri,38050
IT,Martino,37889
IT,Bernardi,37602
IT,Rossetti,37406
IT,Palmieri,36890
IT,Giuliani,36488
IT,Orlando,36038
IT,Piras,35940
IT,Locatelli,35865
IT,Basile,35612
IT,Castelli,35444
IT,Pagano,35186
IT,Ruggiero,35118
IT,Sorrentino,35037
IT,Pozzi,34789
IT,Romeo,34367
IT,Bellini,34032
IT,Montanari,33996
IT,Fumagalli,33978
IT,Poli,33925
IT,Rota,33879
PL,Nowak,268733
PL,Kowalski,161147
PL,Lewandowski,107895
PL,Kowalczyk,107277
PL,Kamiński,105060
PL,Zieliński,102739
PL,Szymański,100996
PL,Jankowski,79823
PL,Wojciechowski,76857
PL,Kwiatkowski,75874
PL,Kaczmarek,72384
PL,Mazur,72108
PL,Krawczyk,71197
PL,Piotrowski,70176
PL,Grabowski,66189
PL,Nowakowski,65632
PL,Michalski,62180
PL,Adamczyk,60390
PL,Nowicki,60212
PL,Dudek,60173
PL,Wieczorek,57202
PL,Majewski,56245
PL,Olszewski,54184
PL,Jaworski,53449
PL,Pawlak,53234
PL,Malinowski,53117
PL,Walczak,51332
PL,Witkowski,51042
PL,Rutkowski,50080
PL,Michalak,49230
PL,Sikora,48716
PL,Ostrowski,47212
PL,Baran,46864
PL,Szewczyk,46725
PL,Duda,46616
PL,Tomaszewski,46215
PL,Pietrzak,45470
PL,Marciniak,45087
PL,Zalewski,43659
PL,Jakubowski,43439
PL,Zawadzki,42752
PL,Jasiński,42508
PL,Sadowski,42388
PL,Chmielewski,40752
PL,Borkowski,39493
PL,Czarnecki,39298
PL,Sawicki,38643
PL,Kubiak,38113
PL,Maciejewski,37755
PL,Urbański,37677
PL,Kucharski,37488
PL,Szczepański,37291
PL,Wilk,36959
PL,Lis,36621
PL,Mazurek,36512
PL,Kalinowski,36398
PL,Wysocki,36019
PL,Adamski,34398
PL,Wasilewski,33869
PL,Sobczak,33668
PL,Andrzejewski,32467
PL,Czerwiński,32367
PL,Cieślak,32201
PL,Zakrzewski,31806
PL,Sikorski,31571
PL,Krajewski,31302
PL,Szymczak,31261
PL,Szulc,31195
PL,Gajewski,31110
PL,Baranowski,30952
PL,Laskowski,30838
PL,Makowski,30742
PL,Brzeziński,30332
PL,Przybylski,30283
PL,Borowski,30163
PL,Nowacki,30129
PL,Chojnacki,29930
PL,Domański,29775
PL,Ciesielski,29417
PL,Krupa,28953
PL,Szczepaniak,28860
PL,Kaczmarczyk,28666
PL,Kowalewski,28187
PL,Leszczyński,28062
PL,Lipiński,27957
PL,Kozak,27456
PL,Kania,27423
PL,Urbaniak,27335
PL,Mucha,26894
PL,Kowalik,26870
PL,Tomczak,26817
PL,Czajkowski,26760
PL,Markowski,26656
PL,Nawrocki,26375
PL,Janik,26370
PL,Brzozowski,26362
PL,Markiewicz,25879
PL,Wawrzyniak,25829
PL,Jarosz,25630
PL,Tomczyk,25595
RO,Popa,170718
RO,Popescu,128553
RO,Pop,116467
RO,Radu,110591
RO,Dumitru,89659
RO,Stan,81364
RO,Stoica,79986
RO,Gheorghe,79542
RO,Matei,76799
RO,Rusu,72582
RO,Mihai,69728
RO,Ciobanu,69068
RO,Constantin,67565
RO,Marin,67409
RO,Ionescu,62307
RO,Florea,62035
RO,Ilie,61494
RO,Toma,61459
RO,Stanciu,61006
RO,Munteanu,60032
RO,Vasile,58719
RO,Oprea,58521
RO,Tudor,58033
RO,Sandu,57606
RO,Moldovan,56793
RO,Ion,55224
RO,Ungureanu,55174
RO,Dinu,55112
RO,Andrei,53380
RO,Barbu,51805
RO,Serban,51510
RO,Neagu,51017
RO,Cristea,47890
RO,Anghel,47880
RO,Lazar,47839
RO,Dragomir,47553
RO,Enache,46838
RO,Badea,46764
RO,Stefan,46411
RO,Vlad,45942
RO,Mocanu,44586
RO,Iordache,43644
RO,Coman,43109
RO,Cojocaru,42999
RO,Grigore,42540
RO,Voicu,41820
RO,Dobre,41707
RO,Petre,41488
RO,Nagy,41294
RO,Lupu,41011
RO,Lungu,40989
RO,Ivan,40842
RO,Ene,40486
RO,Preda,40009
RO,Roman,39902
RO,Ionita,38474
RO,Iancu,38204
RO,Nicolae,37358
RO,Balan,37163
RO,Manea,36775
RO,Nistor,36706
RO,Stoian,36408
RO,Avram,36353
RO,Pavel,36149
RO,Simion,36106
RO,Rus,36026
RO,Iacob,35650
RO,Bucur,34532
RO,Luca,34098
RO,Olteanu,33955
RO,Filip,33067
RO,Tanase,32884
RO,Costea,32437
RO,Craciun,32350
RO,David,32170
RO,Stancu,31911
RO,Dumitrescu,31891
RO,Marcu,31887
RO,Muresan,31771
RO,Diaconu,31664
RO,Nedelcu,31518
RO,Rotaru,31411
RO,Baciu,31309
RO,Szabo,30806
RO,Zaharia,30422
RO,Costache,29366
RO,Alexandru,28979
RO,Suciu,28908
RO,Dan,28875
RO,Anton,28787
RO,Bogdan,28474
RO,Rosu,28384
RO,Moraru,27986
RO,Toader,27369
RO,Paraschiv,26573
RO,Sava,26293
RO,Nica,25964
RO,Kovacs,25908
RO,Nita,25741
RO,Muntean,25699
LK,Perera,965669
LK,Fernando,583845
LK,De Silva,335264
LK,Bandara,254719
LK,Kumara,225994
LK,Dissanayake,193396
LK,Mohamed,173370
LK,Gamage,167596
LK,Liyanage,161237
LK,Jayasinghe,159337
LK,Ranasinghe,156486
LK,Herath,138068
LK,Weerasinghe,136606
LK,Peiris,129881
LK,Rathnayake,115336
LK,Wickramasinghe,108685
LK,Wijesinghe,106200
LK,Hettiarachchi,98087
LK,Nanayakkara,87489
LK,Ahamed,83542
LK,Rajapaksha,79741
LK,Mendis,79157
LK,Pathirana,78791
LK,Ekanayake,78207
LK,Gunasekara,77768
LK,Dias,75795
LK,Sampath,75356
LK,Amarasinghe,72798
LK,Ratnayake,66951
LK,Chathuranga,65781
LK,Senanayake,61688
LK,Samarasinghe,60811
LK,Lakmal,60226
LK,Munasinghe,59057
LK,Rodrigo,58034
LK,Seneviratne,57814
LK,Rathnayaka,55914
LK,Edirisinghe,54379
LK,Jayawardena,54233
LK,Fonseka,53794
LK,Sanjeewa,52771
LK,Gunawardana,52186
LK,Prasad,51529
LK,Gunawardena,50871
LK,Karunaratne,50286
LK,Jayaweera,48751
LK,Jayasekara,48605
LK,Ranaweera,47509
LK,Jayawardana,45754
LK,Jayasuriya,45389
LK,Madusanka,45170
LK,Alwis,45023
LK,Rajapakse,44877
LK,Karunarathna,44146
LK,Dissanayaka,43927
LK,Jayakody,43269
LK,Samarakoon,41588
LK,Kariyawasam,41442
LK,Cooray,39542
LK,Karunarathne,39322
LK,Kumari,39176
LK,Abeysinghe,38665
LK,Rupasinghe,36984
LK,Sandaruwan,36618
LK,Weerakoon,36326
LK,Jayalath,35595
LK,Gunasekera,34791
LK,De Alwis,34133
LK,Madushanka,33402
LK,Jayasundara,33329
LK,Tennakoon,33256
LK,Weerasekara,32964
LK,Vithanage,32964
LK,Subasinghe,32160
LK,Kumarasinghe,31429
LK,Hewage,31063
LK,Gunarathna,30113
LK,Gunaratne,30113
LK,Prasanna,30040
LK,Samaraweera,29894
LK,Athukorala,29601
LK,Maduranga,29601
LK,Wijeratne,29309
LK,Wijekoon,29090
LK,Gunathilaka,28944
LK,Hussain,28578
LK,Pushpakumara,28432
LK,Priyadarshana,28359
LK,Samaranayake,28140
LK,Lanka,27921
LK,Jayathilaka,27920
LK,Siriwardana,26897
LK,Gunathilake,26532
LK,Dassanayake,26459
LK,Senevirathne,26312
LK,Pradeep,25874
LK,Mohammed,25582
LK,Yapa,25508
LK,Priyankara,24997
LK,Wijesekara,24851
AZ,Mammadova,324436
AZ,Mammadov,293754
AZ,Aliyeva,261310
AZ,Aliyev,245797
AZ,Hüseynova,157591
AZ,Hüseynov,140367
AZ,Hasanova,125323
AZ,Hasanov,115252
AZ,Quliyeva,111304
AZ,Quliyev,107623
AZ,Ismayilova,92378
AZ,Ismayilov,88013
AZ,Ahmadova,87961
AZ,Ahmadov,79644
AZ,Abdullayeva,77842
AZ,Abdullayev,75693
AZ,Abbasova,68765
AZ,Abbasov,68527
AZ,Cafarova,67632
AZ,Ağayeva,66695
AZ,Karimova,65934
AZ,Qasimova,63702
AZ,Cafarov,62393
AZ,Babayeva,61859
AZ,Qasimov,60901
AZ,Ağayev,60850
AZ,Karimov,59924
AZ,Babayev,59363
AZ,Ibrahimova,56708
AZ,Ibrahimov,55090
AZ,Haciyeva,51978
AZ,Haciyev,50112
AZ,Qurbanova,48278
AZ,Bayramov,47794
AZ,Bayramova,47232
AZ,Qurbanov,46852
AZ,Mustafayeva,43824
AZ,Mustafayev,42555
AZ,Mirzayeva,40899
AZ,Rzayeva,40390
AZ,Valiyeva,40269
AZ,Musayeva,39374
AZ,Rzayev,39297
AZ,Mirzayev,38423
AZ,Musayev,38143
AZ,Zeynalova,37669
AZ,Zeynalov,37633
AZ,Asgarova,37295
AZ,Valiyev,37007
AZ,Süleymanova,35880
AZ,Safarova,35871
AZ,Rahimova,34087
AZ,Safarov,34083
AZ,Asgarov,33606
AZ,Rüstamova,33029
AZ,Süleymanov,32655
AZ,Tağiyeva,31824
AZ,Bağirova,31736
AZ,Xalilova,31621
AZ,Rahimov,30706
AZ,Xalilov,29616
AZ,Rüstamov,29351
AZ,Maharramova,28753
AZ,Bağirov,28722
AZ,Tağiyev,28514
AZ,Allahverdiyeva,28004
AZ,Sadiqova,27724
AZ,Muradova,27655
AZ,Allahverdiyev,27645
AZ,Muradov,26895
AZ,Maharramov,26747
AZ,Mehdiyeva,26740
AZ,Asadova,26421
AZ,Mehdiyev,26085
AZ,Sadiqov,25878
AZ,Mamedov,25562
AZ,Mahmudova,25558
AZ,Asadov,25517
AZ,Mahmudov,25042
AZ,Alakbarova,25020
AZ,Azizova,24925
AZ,Azizov,24210
AZ,Orucova,23561
AZ,Orucov,23403
AZ,Yusifova,23136
AZ,Yusifov,22784
AZ,Alakbarov,22663
AZ,Aslanova,22337
AZ,Aslanov,22020
AZ,Kazimova,21963
AZ,Samadova,21896
AZ,Qarayeva,21533
AZ,Novruzov,21452
AZ,Novruzova,21275
AZ,Kazimov,20893
AZ,Qarayev,20716
AZ,Samadov,19952
AZ,Isayeva,19810
AZ,Isayev,19619
AZ,Nabiyeva,19209
KZ,Kim,230747
KZ,Kenes,128605
KZ,Omarov,120134
KZ,Sultanov,107969
KZ,Alieva,107286
KZ,Barat,106783
KZ,Akhmetov,85124
KZ,Umarov,75835
KZ,Belgibaev,70710
KZ,Akhmetova,70350
KZ,Kemelov,68709
KZ,Bolatbek,68535
KZ,Ivanov,59632
KZ,Kambarov,55756
KZ,Iskakova,54432
KZ,Smagulov,49162
KZ,Omarova,45836
KZ,Ospanova,45498
KZ,Aliev,43533
KZ,Smagulova,42407
KZ,Nesterenko,41973
KZ,Ospanov,40887
KZ,Serikov,38567
KZ,Tsoy,36174
KZ,Suleymenov,35817
KZ,Karimov,35324
KZ,Ivanova,35084
KZ,Boyko,32638
KZ,Muratov,32359
KZ,Pak,32182
KZ,Eleusiz,31009
KZ,Shevchenko,30928
KZ,Asanova,30678
KZ,Asanov,30563
KZ,Ibragimov,30239
KZ,Kaliev,29573
KZ,Nigmashev,28555
KZ,Valieva,27038
KZ,Suleymenova,26723
KZ,Li,26525
KZ,Romanyuk,26506
KZ,Ibraev,26248
KZ,Mamedov,25483
KZ,Zhumabaev,24740
KZ,Ibraeva,24631
KZ,Sarbalin,24035
KZ,Goncharova,23879
KZ,Tulegenov,23818
KZ,Iskakov,23729
KZ,Musin,23570
KZ,Abdullaev,23433
KZ,Sadykova,23429
KZ,Muratova,23285
KZ,Aubakirova,23188
KZ,Musaev,22779
KZ,Nurdulla,22708
KZ,Ibragimova,22624
KZ,Amangeldi,21820
KZ,Kusainova,21462
KZ,Sultanova,21435
KZ,Kudarov,20778
KZ,Bondarenko,20736
KZ,Nauryzbaev,20712
KZ,Ismailov,20448
KZ,Apsalyamova,20362
KZ,Kalieva,19930
KZ,Nurgaliev,19893
KZ,Bazarbaev,19879
KZ,Mukashev,19649
KZ,Zhumagaliev,19357
KZ,Isaev,19171
KZ,Amangeldy,19057
KZ,Tulegenova,19041
KZ,Bisenov,18846
KZ,Galiev,18417
KZ,Sadykov,18347
KZ,Sauytbay,18330
KZ,Sharipov,18301
KZ,Sarsenbaev,18080
KZ,Shaymerdenov,18055
KZ,Amangeldiev,17822
KZ,Kuznetsov,17776
KZ,Mamirov,17550
KZ,Karimova,17522
KZ,Petrov,17453
KZ,Beshirov,17107
KZ,Amanzholov,17098
KZ,Zhumabaeva,17060
KZ,Serikbaev,17020
KZ,Askarov,16951
KZ,Yurchenko,16731
KZ,Kuznetsova,16719
KZ,Mukanov,16684
KZ,Ramazanov,16441
KZ,Syzdykova,16312
KZ,Chebotar,16300
KZ,Abuov,16290
KZ,Saparov,16285
KZ,Abdrakhmanova,16223
KZ,Ilyasova,16186
AT,Gruber,39094
AT,Huber,37732
AT,Bauer,32523
AT,Wagner,30170
AT,Müller,29465
AT,Pichler,26805
AT,Steiner,26724
AT,Mayer,26447
AT,Moser,25955
AT,Hofer,23980
AT,Berger,23777
AT,Leitner,23110
AT,Fuchs,22457
AT,Fischer,21016
AT,Eder,20980
AT,Schmid,20431
AT,Weber,19782
AT,Schneider,19229
AT,Schwarz,19029
AT,Winkler,18938
AT,Maier,17945
AT,Reiter,16960
AT,Schmidt,16924
AT,Mayr,16826
AT,Lang,16076
AT,Baumgartner,15734
AT,Brunner,15479
AT,Wimmer,15428
AT,Auer,15190
AT,Egger,15104
AT,Wolf,14278
AT,Lechner,14137
AT,Wallner,13968
AT,Aigner,13129
AT,Binder,13080
AT,Ebner,12853
AT,Koller,12480
AT,Haas,12424
AT,Lehner,12211
AT,Schuster,11636
AT,Graf,11077
AT,Holzer,10907
AT,Haider,10696
AT,Lackner,10290
AT,Wieser,10281
AT,Koch,10115
AT,Strasser,10115
AT,Weiss,10056
AT,Stadler,9618
AT,Böhm,9464
AT,König,9328
AT,Krenn,9304
AT,Kaiser,9136
AT,Kaufmann,8982
AT,Fink,8896
AT,Winter,8742
AT,Hofbauer,8694
AT,Kern,8652
AT,Hauser,8634
AT,Mair,8561
AT,Fritz,8478
AT,Maurer,8470
AT,Hofmann,8443
AT,Seidl,8438
AT,Karner,8398
AT,Hackl,8387
AT,Riegler,8351
AT,Resch,8297
AT,Strobl,8215
AT,Ortner,8181
AT,Posch,8134
AT,Reisinger,7970
AT,Schober,7945
AT,Mayrhofer,7930
AT,Riedl,7829
AT,Rainer,7743
AT,Kogler,7704
AT,Klein,7471
AT,Neubauer,7455
AT,Schwaiger,7449
AT,Jäger,7160
AT,Friedl,7068
AT,Frank,7068
AT,Grabner,7020
AT,Horvath,7015
AT,Unger,6988
AT,Müllner,6889
AT,Brandstätter,6750
AT,Hartl,6636
AT,Zimmermann,6553
AT,Kainz,6540
AT,Hoffmann,6409
AT,Sommer,6299
AT,Hager,6280
AT,Lindner,6250
AT,Weiß,6233
AT,Schweiger,6110
AT,Wiesinger,5989
AT,Thaler,5900
AT,Höller,5862
CU,Rodriguez,548262
CU,Gonzalez,447174
CU,Perez,435388
CU,Hernandez,379102
CU,Garcia,305890
CU,Martinez,234863
CU,Diaz,218110
CU,Lopez,186539
CU,Fernandez,179429
CU,Sanchez,171716
CU,Alvarez,150395
CU,Gomez,114638
CU,Torres,110080
CU,Reyes,99257
CU,Ramirez,93599
CU,Cruz,90641
CU,Suarez,89686
CU,Morales,83411
CU,Cabrera,79623
CU,Ramos,79008
CU,Castillo,72769
CU,Acosta,68138
CU,Valdes,65042
CU,Guerra,63135
CU,Delgado,61856
CU,Jimenez,61752
CU,Vazquez,60660
CU,Peña,58787
CU,Rivero,58701
CU,Ruiz,58356
CU,Herrera,57506
CU,Gutierrez,57086
CU,Leon,56817
CU,Dominguez,54359
CU,Alfonso,50345
CU,Rojas,47955
CU,Alonso,47551
CU,Blanco,45926
CU,Castro,45848
CU,Espinosa,45737
CU,Leyva,44446
CU,Romero,43015
CU,Medina,42682
CU,Moreno,40630
CU,Nuñez,39945
CU,Santana,39444
CU,Vega,39157
CU,Batista,38495
CU,Tamayo,38291
CU,Martin,38045
CU,Marrero,36206
CU,Molina,36111
CU,Fuentes,35906
CU,Machado,32687
CU,Matos,32177
CU,Mendez,31933
CU,Ptrez,31555
CU,Mendoza,30691
CU,Fonseca,30672
CU,Mesa,30412
CU,Miranda,29694
CU,Estrada,29261
CU,Arias,29239
CU,Rodrfguez,28417
CU,Sosa,28230
CU,Ortega,28186
CU,Quintana,27835
CU,Montero,27503
CU,Caballero,27423
CU,Ortiz,27393
CU,Benitez,27297
CU,Zamora,27269
CU,Santos,27245
CU,Aguilar,27064
CU,Betancourt,26918
CU,Figueredo,26648
CU,Rivera,25003
CU,Ferrer,24927
CU,Oliva,24834
CU,Aguilera,24640
CU,Avila,24564
CU,Hidalgo,24364
CU,Lorenzo,23745
CU,Abreu,23713
CU,Padron,23659
CU,Mora,23498
CU,Muñoz,23271
CU,Cardenas,22284
CU,Castellanos,22252
CU,Naranjo,22116
CU,Navarro,21945
CU,Silva,21816
CU,Velazquez,20824
CU,Pino,20426
CU,Rosales,19904
CU,Quintero,19702
CU,Soto,19487
CU,Brito,19403
CU,Quesada,19366
CU,Guerrero,19287
KH,Sok,227594
KH,Chan,219516
KH,Chea,217800
KH,San,212054
KH,Kong,153806
KH,Sam,141875
KH,Heng,137553
KH,Seng,133545
KH,Li,126331
KH,Phan,124198
KH,Yan,123509
KH,Keo,118650
KH,Moau,116946
KH,Chin,112608
KH,Sat,108570
KH,Kim,106923
KH,Lim,91369
KH,Sym,88436
KH,Long,86741
KH,Suan,85406
KH,Mas,84030
KH,Chim,81254
KH,Mom,76740
KH,Cheng,76168
KH,Sun,73368
KH,Touch,71538
KH,Chon,71072
KH,Poe,69471
KH,Uk,68664
KH,Nuon,68643
KH,Ros,68148
KH,Um,67476
KH,Khan,66724
KH,Som,66109
KH,Leng,65064
KH,Sum,65059
KH,Voan,64882
KH,Cum,64720
KH,Sin,64098
KH,An,61760
KH,Bun,61608
KH,Brak,59153
KH,Sem,57609
KH,Phon,57114
KH,Nang,56570
KH,Sa,55105
KH,Un,54412
KH,Yym,54113
KH,Seang,53724
KH,Baaen,53591
KH,Nau,53454
KH,Nget,52946
KH,Vong,51223
KH,So,50844
KH,Khun,50440
KH,Hem,50113
KH,Von,50091
KH,Mon,49686
KH,Syan,49397
KH,Khim,48181
KH,Aem,47264
KH,Chun,47007
KH,Sri,46289
KH,Lay,46193
KH,Kang,45598
KH,Soy,45464
KH,Heang,45443
KH,Yen,44434
KH,Hun,44221
KH,Phat,44123
KH,Chhuon,43980
KH,Yin,43812
KH,Lon,43712
KH,Men,43374
KH,Uc,42436
KH,Han,42299
KH,Rin,41813
KH,Khiav,41750
KH,Tim,41402
KH,Hang,41363
KH,Hong,41151
KH,Eng,41045
KH,Son,40924
KH,Chay,40619
KH,Ham,40261
KH,In,40195
KH,Hon,39731
KH,Ryan,39231
KH,Yom,39061
KH,Sut,38267
KH,Tith,38265
KH,Moan,38075
KH,Leang,38035
KH,Khem,37712
KH,Myan,37358
KH,Tep,37210
KH,Sen,36718
KH,Say,36076
KH,Prom,35962
KH,Khut,35903
BY,Ivanov,36886
BY,Ivanova,33843
BY,Novik,19165
BY,Zhuk,18479
BY,Moroz,16110
BY,Novikova,16022
BY,Kotova,15683
BY,Petrov,15495
BY,Novikov,14211
BY,Volkova,13528
BY,Kravchenko,12678
BY,Kovalenko,12664
BY,Petrova,12316
BY,Makarevich,12162
BY,Kovalchuk,12083
BY,Karpovich,11422
BY,Pashkevich,11298
BY,Kozlov,10990
BY,Volkov,10947
BY,Shevchenko,10385
BY,Kotov,10354
BY,Morozova,10239
BY,Klimovich,10222
BY,Morozov,10179
BY,Smirnova,10130
BY,Smirnov,10119
BY,Kozlova,9795
BY,Romanova,9397
BY,Bondarenko,9367
BY,Stankevich,9132
BY,Tarasevich,9039
BY,Mironova,9027
BY,Marchenko,8885
BY,Zaytsev,8744
BY,Lukashevich,8692
BY,Zaytseva,8659
BY,Kot,8610
BY,Savchenko,8551
BY,Kovalyova,8524
BY,Bogdanovich,8429
BY,Pinchuk,7983
BY,Kovalyov,7818
BY,Boyko,7756
BY,Savitskaya,7745
BY,Melnikova,7564
BY,Kuzmich,7481
BY,Kuznetsova,7424
BY,Melnik,7362
BY,Andreeva,7255
BY,Korol,7208
BY,Matskevich,7126
BY,Sinkevich,7089
BY,Bondar,7086
BY,Pavlovich,7082
BY,Petrovich,6953
BY,Melnikov,6859
BY,Kazak,6815
BY,Markevich,6775
BY,Romanov,6734
BY,Borisevich,6732
BY,Kovaleva,6710
BY,Sidorenko,6684
BY,Yushkevich,6663
BY,Kovalevich,6596
BY,Kozlovsky,6579
BY,Zayats,6488
BY,Kuznetsov,6445
BY,Abramovich,6437
BY,Romanenko,6434
BY,Dashkevich,6393
BY,Vasilevskaya,6316
BY,Sokolova,6279
BY,Yurchenko,6260
BY,Sokolov,6234
BY,Borisenko,6090
BY,Kovalev,6030
BY,Sergeeva,6021
BY,Rusak,5929
BY,Makarenko,5850
BY,Adamovich,5823
BY,Poznyak,5802
BY,Drozd,5777
BY,Kozel,5776
BY,Ignatovich,5761
BY,Khomich,5751
BY,Vorobey,5680
BY,Goncharova,5656
BY,Kravchuk,5616
BY,Romanyuk,5594
BY,Baranov,5593
BY,Shevchuk,5576
BY,Dubovik,5554
BY,Vasilevsky,5551
BY,Akulich,5539
BY,Orlova,5529
BY,Pavlova,5524
BY,Mikhaylova,5518
BY,Kozlovskaya,5493
BY,Kisel,5489
BY,Frolov,5481
CR,Rodriguez,108061
CR,Vargas,92864
CR,Jimenez,90964
CR,Mora,88087
CR,Rojas,80745
CR,Gonzalez,75784
CR,Sanchez,66804
CR,Hernandez,66560
CR,Ramirez,66377
CR,Castro,51595
CR,Lopez,50765
CR,Araya,49569
CR,Solano,47418
CR,Alvarado,46155
CR,Chaves,45763
CR,Perez,45174
CR,Morales,44802
CR,Campos,44707
CR,Quesada,44675
CR,Gomez,44306
CR,Arias,43458
CR,Zuñiga,41548
CR,Quiros,41317
CR,Fernandez,41027
CR,Salazar,37418
CR,Villalobos,37310
CR,Brenes,36391
CR,Gutierrez,36293
CR,Garcia,36201
CR,Alfaro,34731
CR,Vega,33894
CR,Aguilar,33370
CR,Calderon,33335
CR,Valverde,33236
CR,Chavarria,33214
CR,Alvarez,31771
CR,Castillo,31415
CR,Salas,30443
CR,Espinoza,30355
CR,Martinez,30004
CR,Solis,29695
CR,Murillo,29676
CR,Soto,29164
CR,Chacon,29016
CR,Cordero,28719
CR,Mendez,28584
CR,Herrera,28322
CR,Monge,28229
CR,Montero,27125
CR,Barrantes,26955
CR,Segura,26517
CR,Madrigal,26502
CR,Diaz,26448
CR,Marin,26373
CR,Porras,25815
CR,Fallas,25130
CR,Navarro,24539
CR,Rivera,23252
CR,Torres,22793
CR,Fonseca,21973
CR,Nuñez,21935
CR,Calvo,21803
CR,Delgado,21704
CR,Ruiz,21620
CR,Hidalgo,21387
CR,Arce,20943
CR,Obando,19781
CR,Zamora,19708
CR,Molina,19304
CR,Muñoz,18716
CR,Cruz,18452
CR,Vasquez,18208
CR,Bonilla,17756
CR,Picado,17619
CR,Miranda,17539
CR,Gamboa,17509
CR,Badilla,17494
CR,Umaña,17290
CR,Mena,17281
CR,Esquivel,17279
CR,Corrales,16477
CR,Flores,16430
CR,Camacho,16216
CR,Arroyo,16176
CR,Chinchilla,16073
CR,Guzman,15625
CR,Granados,15617
CR,Cerdas,15415
CR,Acuña,15167
CR,Cascante,15098
CR,Abarca,15026
CR,Elizondo,14904
CR,Barquero,14844
CR,Arguedas,14695
CR,Bolaños,14493
CR,Ortiz,14351
CR,Blanco,14287
CR,Carvajal,14263
CR,Leon,13866
CR,Duran,13807
SV,Hernandez,246359
SV,Martinez,191223
SV,Lopez,143989
SV,Garcia,133801
SV,Rodriguez,109131
SV,Flores,106869
SV,Perez,105669
SV,Ramirez,98008
SV,Gonzalez,95237
SV,Vasquez,87145
SV,Rivera,86271
SV,Cruz,82712
SV,Mejia,73359
SV,Sanchez,71317
SV,Rivas,70276
SV,Reyes,60963
SV,Diaz,59186
SV,Ramos,58878
SV,Gomez,57798
SV,Portillo,55911
SV,Escobar,53619
SV,Orellana,52538
SV,Aguilar,49368
SV,Romero,48417
SV,Alvarado,46412
SV,Amaya,42316
SV,Ayala,41063
SV,Torres,40428
SV,Argueta,40424
SV,Morales,40060
SV,Guevara,39819
SV,Campos,39473
SV,Pineda,38799
SV,Castro,38406
SV,Mendoza,38139
SV,Chavez,38025
SV,Molina,37954
SV,Mendez,37289
SV,Alfaro,36747
SV,Castillo,35326
SV,Guzman,35111
SV,Bonilla,34680
SV,Ortiz,34248
SV,Fuentes,33819
SV,Henriquez,32944
SV,Cortez,32897
SV,Menjivar,31271
SV,Quintanilla,29015
SV,Santos,27935
SV,Arevalo,27743
SV,Velasquez,26462
SV,Alvarez,26300
SV,Herrera,26086
SV,Ventura,25883
SV,Gutierrez,25100
SV,Rosales,24684
SV,Melendez,22997
SV,Marroquin,22617
SV,Jimenez,22338
SV,Lemus,21739
SV,Palacios,21449
SV,Miranda,21368
SV,Moran,20729
SV,Calderon,20443
SV,Benitez,20343
SV,Guardado,20310
SV,Ruiz,19293
SV,Beltran,18865
SV,Serrano,18120
SV,Sandoval,17785
SV,Alvarenga,17686
SV,Linares,17455
SV,Contreras,17409
SV,Arias,17215
SV,Pea,16698
SV,Granados,16615
SV,Salazar,16576
SV,Figueroa,16324
SV,Barrera,16256
SV,Moreno,16239
SV,Alas,15758
SV,Zelaya,15706
SV,Duran,15653
SV,Juarez,15280
SV,Barahona,14912
SV,Cabrera,14885
SV,Chicas,14593
SV,Marquez,14519
SV,Landaverde,14470
SV,Sorto,14421
SV,Galdamez,13784
SV,Recinos,13692
SV,Medrano,13302
SV,Melgar,13141
SV,Cornejo,13056
SV,Carranza,12894
SV,Lara,12789
SV,Dominguez,12688
SV,Mancia,12597
SV,Parada,12461
IE,Murphy,77299
IE,Kelly,57639
IE,Byrne,49000
IE,Walsh,48767
IE,Ryan,48457
IE,O'Brien,44249
IE,O'Connor,42933
IE,O'Sullivan,40901
IE,Doyle,30789
IE,O'Neill,28230
IE,Lynch,25721
IE,Mccarthy,24808
IE,Brennan,21976
IE,Dunne,21894
IE,Murray,21508
IE,Burke,20964
IE,Smith,20243
IE,Daly,19604
IE,Nolan,19542
IE,O'Reilly,19198
IE,Kennedy,19196
IE,Fitzgerald,18379
IE,Gallagher,17918
IE,O'Connell,17313
IE,Flynn,17299
IE,Collins,17236
IE,Power,17142
IE,Quinn,16992
IE,Farrell,16971
IE,Carroll,16835
IE,Kavanagh,16316
IE,Connolly,15899
IE,O'Donnell,15185
IE,Healy,15045
IE,Clarke,14994
IE,Duffy,14804
IE,Doherty,14714
IE,Brady,14593
IE,Whelan,14386
IE,O'Shea,14291
IE,Kenny,14053
IE,Fitzpatrick,13975
IE,Moore,13688
IE,Keane,13622
IE,O'Leary,13589
IE,Moran,13359
IE,Reilly,13343
IE,Mcgrath,13029
IE,Barry,12918
IE,Foley,12497
IE,Hayes,12278
IE,Maher,12272
IE,Buckley,12084
IE,Martin,12031
IE,Casey,11901
IE,Roche,11246
IE,Hughes,11098
IE,Smyth,11019
IE,Browne,10986
IE,Butler,10705
IE,Mcmahon,10584
IE,Hogan,10517
IE,Griffin,10424
IE,O'Keeffe,10285
IE,Egan,10247
IE,White,10242
IE,O'Donovan,10131
IE,Sweeney,10073
IE,Cullen,10013
IE,Hickey,9981
IE,Ward,9974
IE,O'Mahony,9860
IE,O'Callaghan,9845
IE,Cunningham,9818
IE,Maguire,9563
IE,Lyons,9548
IE,Mcdonnell,9490
IE,O'Donoghue,9407
IE,Delaney,9365
IE,Cronin,9157
IE,Sheehan,9076
IE,Keogh,8999
IE,Mccormack,8874
IE,Higgins,8866
IE,Curran,8831
IE,Cahill,8757
IE,Mcloughlin,8692
IE,Boyle,8647
IE,Crowley,8516
IE,Mckenna,8446
IE,Sheridan,8343
IE,Molloy,8295
IE,Barrett,8294
IE,Flanagan,8234
IE,O'Rourke,8114
IE,King,7923
IE,Moloney,7878
IE,O'Toole,7874
IE,Phelan,7866
IE,Dowling,7796
BG,Ivanov,150384
BG,Ivanova,137731
BG,Georgieva,106118
BG,Georgiev,103202
BG,Dimitrova,100474
BG,Dimitrov,99071
BG,Petrova,69445
BG,Petrov,67144
BG,Nikolova,60957
BG,Nikolov,58667
BG,Stoyanova,56248
BG,Hristova,55899
BG,Stoyanov,55242
BG,Todorova,54167
BG,Hristov,53100
BG,Todorov,52036
BG,Ilieva,45328
BG,Angelova,43787
BG,Iliev,43426
BG,Angelov,42028
BG,Atanasova,40875
BG,Atanasov,39835
BG,Vasileva,39133
BG,Vasilev,37957
BG,Yordanova,37223
BG,Yordanov,36449
BG,Petkova,35304
BG,Petkov,33650
BG,Marinova,33251
BG,Koleva,32321
BG,Marinov,31981
BG,Kolev,30459
BG,Stefanova,26851
BG,Stefanov,25384
BG,Mehmed,25266
BG,Mihaylova,24520
BG,Mihaylov,23090
BG,Ahmed,22385
BG,Asenov,18975
BG,Asenova,18739
BG,Kostova,18021
BG,Krasteva,17985
BG,Dimova,17817
BG,Kostadinov,17635
BG,Kostadinova,17602
BG,Miteva,17441
BG,Mustafa,17314
BG,Borisov,17052
BG,Krastev,16918
BG,Kostov,16876
BG,Dimov,16731
BG,Ali,16685
BG,Aleksandrova,16351
BG,Borisova,16110
BG,Popova,16048
BG,Aleksandrov,15964
BG,Mitev,15847
BG,Hasan,15820
BG,Simeonova,15214
BG,Simeonov,14770
BG,Pavlova,14707
BG,Popov,14450
BG,Pavlov,13749
BG,Yankova,12153
BG,Yankov,11708
BG,Markova,11673
BG,Dobreva,11646
BG,Tsvetkova,11281
BG,Dobrev,11271
BG,Markov,10971
BG,Spasova,10875
BG,Radeva,10778
BG,Lazarova,10745
BG,Tsvetkov,10562
BG,Spasov,10489
BG,Radev,10394
BG,Ismail,10356
BG,Lazarov,10348
BG,Mladenova,10325
BG,Ruseva,10141
BG,Andreeva,10072
BG,Yusein,9764
BG,Slavova,9729
BG,Mladenov,9715
BG,Osman,9671
BG,Yaneva,9663
BG,Andreev,9464
BG,Rusev,9446
BG,Yanev,9444
BG,Naydenova,9375
BG,Kirilov,9335
BG,Slavov,9156
BG,Naydenov,8887
BG,Valcheva,8779
BG,Kirilova,8695
BG,Peneva,8637
BG,Mincheva,8146
BG,Penev,8128
BG,Valchev,8064
BG,Sali,8029
NL,De Jong,91285
NL,Jansen,83216
NL,De Vries,78115
NL,Bakker,61655
NL,Janssen,59995
NL,Van Dijk,58026
NL,Visser,55791
NL,Smit,46845
NL,De Boer,43543
NL,De Groot,41079
NL,Mulder,40951
NL,Meijer,39855
NL,Bos,39377
NL,Vos,34125
NL,Peters,33044
NL,Van der Berg,32887
NL,Hendriks,31685
NL,Dekker,31365
NL,Van Leeuwen,30803
NL,Brouwer,29268
NL,Van den Berg,27565
NL,Dijkstra,26850
NL,De Wit,25921
NL,Smits,25841
NL,Kok,23315
NL,Vermeulen,23108
NL,De Graaf,22952
NL,Van der Meer,22653
NL,Jacobs,22343
NL,De Haan,21739
NL,Van der Linden,21094
NL,Schouten,19175
NL,Van der Veen,19052
NL,De Bruin,18908
NL,Van Vliet,18569
NL,Willems,18555
NL,Hoekstra,18027
NL,Van Beek,17839
NL,Koster,17512
NL,Maas,17183
NL,Van Dam,17017
NL,Prins,16938
NL,Verhoeven,16587
NL,Huisman,16445
NL,Blom,16309
NL,Peeters,15831
NL,Kuipers,15789
NL,De Bruijn,15608
NL,Van der Heijden,15546
NL,De Jonge,15508
NL,Kramer,15371
NL,Post,15277
NL,Van der Wal,15000
NL,Kuiper,14839
NL,Van Veen,14798
NL,Boer,14763
NL,Groot,14444
NL,Scholten,14349
NL,Klein,14088
NL,Van Wijk,14031
NL,Martens,13634
NL,Veenstra,13601
NL,Groen,13554
NL,Vink,13405
NL,Postma,13376
NL,De Ruiter,13140
NL,Bosch,13138
NL,Koning,13122
NL,Smeets,12984
NL,De Lange,12919
NL,Timmermans,12892
NL,Jonker,12651
NL,De Vos,12613
NL,De Koning,12438
NL,Hermans,12280
NL,Gerritsen,12227
NL,Schipper,12156
NL,Van Loon,12011
NL,Willemsen,11855
NL,Evers,11636
NL,Driessen,11568
NL,Sanders,11521
NL,Molenaar,11316
NL,Van Dongen,11302
NL,Mol,11294
NL,Bosman,11148
NL,Van Doorn,11058
NL,Van der Laan,10970
NL,Verbeek,10798
NL,De Leeuw,10772
NL,Van der Velden,10681
NL,Van der Meulen,10648
NL,Van der Horst,10642
NL,Roos,10628
NL,Van der Heuvel,10570
NL,Stam,10504
NL,Muller,10480
NL,Hofman,10477
NL,Kroon,10473
NL,Wolters,10247
NZ,Smith,13672
NZ,Williams,8821
NZ,Jones,8568
NZ,Brown,8369
NZ,Taylor,8052
NZ,Wilson,8048
NZ,Scott,7014
NZ,Anderson,6988
NZ,Young,6895
NZ,Singh,6884
NZ,Thompson,6709
NZ,King,6494
NZ,Walker,6490
NZ,Harris,6383
NZ,White,6316
NZ,Lee,6300
NZ,Robinson,6202
NZ,Edwards,6166
NZ,Johnson,6149
NZ,Stewart,6112
NZ,Davis,6054
NZ,Robertson,5991
NZ,Mitchell,5903
NZ,Johnston,5869
NZ,Martin,5843
NZ,Thomas,5804
NZ,Watson,5783
NZ,Turner,5767
NZ,Simpson,5754
NZ,Morgan,5747
NZ,Cooper,5687
NZ,Clark,5671
NZ,Phillips,5634
NZ,Murray,5618
NZ,Reid,5573
NZ,Miller,5572
NZ,Jackson,5553
NZ,Campbell,5551
NZ,Moore,5532
NZ,Hill,5504
NZ,Clarke,5445
NZ,Baker,5428
NZ,Gray,5403
NZ,Thomson,5402
NZ,Evans,5365
NZ,Ward,5354
NZ,Roberts,5315
NZ,Parker,5294
NZ,Macdonald,5282
NZ,Marshall,5266
NZ,Morris,5195
NZ,Davies,5192
NZ,Grant,5172
NZ,Wright,5098
NZ,Bell,5092
NZ,Green,5039
NZ,Hughes,5038
NZ,Allen,5021
NZ,Henderson,4997
NZ,Kelly,4996
NZ,Carter,4994
NZ,Shaw,4948
NZ,Bennett,4927
NZ,Hall,4914
NZ,Ross,4913
NZ,Russell,4854
NZ,Lewis,4851
NZ,Cook,4743
NZ,Collins,4736
NZ,James,4732
NZ,Sutherland,4707
NZ,Gibson,4664
NZ,Fraser,4635
NZ,Duncan,4627
NZ,Graham,4602
NZ,Wallace,4602
NZ,Wood,4578
NZ,Paterson,4500
NZ,Cameron,4493
NZ,Hunt,4475
NZ,Sinclair,4430
NZ,Mclean,4426
NZ,Stevenson,4421
NZ,Harrison,4325
NZ,Murphy,4300
NZ,Mason,4260
NZ,Adams,4259
NZ,Mcdonald,4191
NZ,Wells,4186
NZ,Gordon,4182
NZ,Bailey,4158
NZ,Ryan,4123
NZ,Black,4121
NZ,Stevens,4075
NZ,Harvey,4072
NZ,Kennedy,4042
NZ,Hunter,4033
NZ,Crawford,4000
NZ,Williamson,3993
NZ,Mckenzie,3986
CZ,Nováková,31268
CZ,Novák,28058
CZ,Svobodová,27033
CZ,Svoboda,26560
CZ,Novotná,25485
CZ,Novotný,24344
CZ,Dvořáková,21512
CZ,Dvořák,20086
CZ,Černá,18895
CZ,Procházková,15534
CZ,Procházka,15488
CZ,Veselá,13279
CZ,Horáková,13039
CZ,Veselý,12363
CZ,Horák,12142
CZ,Marek,11341
CZ,Pokorná,11134
CZ,Marková,11120
CZ,Pokorný,11039
CZ,Pospíšil,10571
CZ,Hájek,10174
CZ,Benešová,10144
CZ,Králová,10092
CZ,Beneš,9736
CZ,Fialová,9701
CZ,Fiala,9653
CZ,Zemanová,9317
CZ,Král,9311
CZ,Zeman,9251
CZ,Doležalová,9222
CZ,Hájková,9094
CZ,Doležal,8380
CZ,Navrátil,8287
CZ,Navrátilová,8050
CZ,Urban,8036
CZ,Urbanová,8025
CZ,Růžička,7972
CZ,Němec,7639
CZ,Kopecká,7534
CZ,Blažková,7490
CZ,Novak,7297
CZ,Blažek,7162
CZ,Musil,7109
CZ,Malá,7047
CZ,Bartošová,6978
CZ,Musilová,6960
CZ,Šimková,6956
CZ,Machová,6921
CZ,Němcová,6897
CZ,Kadlec,6794
CZ,Holubová,6792
CZ,Kopecký,6766
CZ,Kadlecová,6742
CZ,Blahová,6690
CZ,Holub,6683
CZ,Bartoš,6635
CZ,Malý,6633
CZ,Štěpánková,6621
CZ,Soukup,6577
CZ,Soukupová,6558
CZ,Vaněk,6557
CZ,Poláková,6487
CZ,Šimek,6452
CZ,Štěpánek,6407
CZ,Valentová,6217
CZ,Moravec,6186
CZ,Moravcová,6165
CZ,Šťastný,6064
CZ,Polák,6051
CZ,Mašková,6014
CZ,Marešová,6004
CZ,Matoušková,5991
CZ,Valenta,5962
CZ,Tichý,5927
CZ,Müllerová,5899
CZ,Tichá,5883
CZ,Müller,5771
CZ,Šťastná,5759
CZ,Burešová,5737
CZ,Kolářová,5723
CZ,Matoušek,5718
CZ,Kolář,5710
CZ,Jandová,5682
CZ,Blaha,5664
CZ,Hrušková,5581
CZ,Dušková,5555
CZ,Janda,5517
CZ,Kovář,5508
CZ,Mareš,5480
CZ,Kovářová,5478
CZ,Hruška,5474
CZ,Bureš,5422
CZ,Martinková,5394
CZ,Sýkorová,5346
CZ,Mach,5345
CZ,Hrubý,5327
CZ,Mašek,5309
CZ,Hrubá,5297
CZ,Dušek,5280
CZ,Vávra,5264
DK,Jensen,234475
DK,Nielsen,228248
DK,Hansen,198068
DK,Pedersen,140104
DK,Andersen,139093
DK,Christensen,102030
DK,Larsen,99993
DK,Sørensen,82315
DK,Rasmussen,79509
DK,Petersen,71943
DK,Jørgensen,62806
DK,Madsen,56321
DK,Kristensen,52268
DK,Olsen,41735
DK,Thomsen,32672
DK,Christiansen,28838
DK,Poulsen,28425
DK,Johansen,25368
DK,Knudsen,25357
DK,Mortensen,24634
DK,Møller,24048
DK,Jakobsen,22482
DK,Jacobsen,22070
DK,Olesen,19544
DK,Mikkelsen,19180
DK,Lund,16758
DK,Frederiksen,16308
DK,Holm,15685
DK,Laursen,15672
DK,Henriksen,14306
DK,Schmidt,14195
DK,Eriksen,12637
DK,Clausen,11237
DK,Simonsen,11167
DK,Kristiansen,10949
DK,Svendsen,10090
DK,Andreasen,10022
DK,Iversen,9507
DK,Jeppesen,8371
DK,Vestergaard,8290
DK,Jespersen,8012
DK,Mogensen,8000
DK,Lauridsen,7997
DK,Nissen,7982
DK,Dahl,7791
DK,Jepsen,7736
DK,Kjær,7673
DK,Skov,7673
DK,Frandsen,7565
DK,Jessen,6944
DK,Bach,6618
DK,Carlsen,6602
DK,Bruun,6550
DK,Friis,6230
DK,Nørgaard,6220
DK,Bertelsen,6129
DK,Srensen,6005
DK,Christoffersen,5847
DK,Gregersen,5628
DK,Bech,5471
DK,Søndergaard,5462
DK,Krogh,5211
DK,Lassen,5108
DK,Winther,5074
DK,Johnsen,4908
DK,Ravn,4866
DK,Jrgensen,4841
DK,Østergaard,4751
DK,Kjeldsen,4746
DK,Steffensen,4710
DK,Toft,4648
DK,Brandt,4582
DK,Berg,4534
DK,Lauritsen,4524
DK,Lind,4499
DK,Holst,4486
DK,Juul,4422
DK,Danielsen,4402
DK,Dam,4292
DK,Andresen,4251
DK,Nygaard,4152
DK,Mathiesen,4135
DK,Bak,4110
DK,Damgaard,4098
DK,Schultz,4051
DK,Overgaard,3929
DK,Schou,3900
DK,Nilsson,3895
DK,Thygesen,3877
DK,Hermansen,3874
DK,Hedegaard,3857
DK,Juhl,3828
DK,Mathiasen,3796
DK,Klausen,3794
DK,Paulsen,3779
DK,Kruse,3749
DK,Thorsen,3698
DK,Kristoffersen,3683
DK,Munk,3675
DK,Koch,3656
PT,Silva,283326
PT,Santos,222145
PT,Ferreira,191082
PT,Pereira,173390
PT,Costa,154689
PT,Oliveira,145961
PT,Martins,138290
PT,Rodrigues,138045
PT,Sousa,130533
PT,Fernandes,119777
PT,Lopes,111030
PT,Gonçalves,107963
PT,Ribeiro,105812
PT,Gomes,105812
PT,Carvalho,104425
PT,Almeida,102349
PT,Pinto,101868
PT,Alves,93800
PT,Dias,85506
PT,Teixeira,79807
PT,Correia,78533
PT,Mendes,72343
PT,Soares,66880
PT,Vieira,65389
PT,Monteiro,65333
PT,Moreira,64266
PT,Cardoso,64021
PT,Duarte,63125
PT,Nunes,62304
PT,Rocha,55680
PT,Coelho,53859
PT,Reis,52321
PT,Neves,52321
PT,Pires,50141
PT,Cunha,49169
PT,Matos,47056
PT,Machado,47056
PT,Fonseca,46037
PT,Ramos,45235
PT,Tavares,44536
PT,Freitas,43989
PT,Simões,43102
PT,Cruz,42970
PT,Antunes,41045
PT,Figueiredo,40111
PT,Barbosa,38630
PT,Castro,37526
PT,Araújo,37196
PT,Azevedo,37195
PT,Lima,36818
PT,Lourenço,34195
PT,Faria,32327
PT,Morais,31987
PT,Andrade,31411
PT,Henriques,31260
PT,Mota,31242
PT,Pinheiro,30600
PT,Afonso,30506
PT,Barros,29524
PT,Miranda,28307
PT,Baptista,28250
PT,Melo,27703
PT,Guerreiro,27694
PT,Nogueira,27401
PT,Abreu,27279
PT,Borges,26722
PT,Brito,26156
PT,Campos,26052
PT,Vaz,26024
PT,Rosa,25910
PT,Maia,25807
PT,Esteves,25354
PT,Batista,25080
PT,Moura,24854
PT,Amaral,24448
PT,Gaspar,23174
PT,Leite,23061
PT,Jorge,22740
PT,Neto,22598
PT,Gouveia,22042
PT,Jesus,21985
PT,Branco,21976
PT,Valente,21900
PT,Pedro,21787
PT,Pinho,21466
PT,Loureiro,20485
PT,Filipe,19853
PT,Cabral,19607
PT,Luís,19570
PT,Miguel,19041
PT,Rebelo,18853
PT,Macedo,18834
PT,Garcia,18626
PT,Couto,18286
PT,Amorim,18126
PT,Nascimento,18117
PT,Leal,18098
PT,Guimarães,17984
PT,Vicente,17881
PT,Paiva,17456
IL,Cohen,159587
IL,Levy,97667
IL,Mizrahi,29144
IL,Peretz,25780
IL,Bitton,24460
IL,Dahan,20554
IL,Agbaria,18944
IL,Avraham,18684
IL,Friedman,18378
IL,Yosef,17132
IL,Amar,17084
IL,Katz,16903
IL,Mhamid,16379
IL,Azoulay,15603
IL,Malkah,15518
IL,Khatib,15109
IL,Zoabi,15079
IL,Jabarin,14644
IL,Vaknin,13725
IL,Weiss,13616
IL,Gabay,13259
IL,Shapiro,13219
IL,Chided,13168
IL,Ohayon,12830
IL,Lavyan,12458
IL,Mahagna,12226
IL,Masarweh,12197
IL,Mor,11493
IL,Ben Dod,11289
IL,Adri,11175
IL,Bar,11068
IL,Klein,10930
IL,Tal,10845
IL,Yaakv,10843
IL,Segel,10804
IL,Alon,10581
IL,Ashknaziy,10564
IL,Saad,10525
IL,Goldstein,10328
IL,Chazan,10006
IL,Chen,9902
IL,Ohana,9895
IL,Suad,9759
IL,Golan,9569
IL,Suissa,9517
IL,Shalom,9339
IL,Rosenberg,9332
IL,Eliyahu,9221
IL,Elbaz,9185
IL,Bekher,9088
IL,Greenberg,9035
IL,Khoury,8763
IL,Shemesh,8612
IL,Feldman,8584
IL,Dayan,8572
IL,Attias,8515
IL,Sharabi,8466
IL,Sharon,8432
IL,Stern,8310
IL,Rabinowitz,8225
IL,Nachum,8212
IL,Barukh,8042
IL,Taha,8029
IL,Darawshi,8000
IL,Laviy,7933
IL,Meiyr,7921
IL,Obadiah,7919
IL,Benhamou,7817
IL,Mimun,7666
IL,Shachar,7641
IL,Nagar,7599
IL,Tourgeman,7536
IL,Shoshan,7499
IL,Asulin,7347
IL,Goldberg,7345
IL,Abramov,7339
IL,Leibowitz,7143
IL,Ibrahim,7089
IL,Kadosh,7075
IL,Schwartz,6968
IL,Robin,6917
IL,Ezra,6835
IL,Amsalem,6810
IL,Berkowitz,6768
IL,Amash,6691
IL,Awad,6670
IL,Jacoby,6640
IL,Savage,6632
IL,Suleiman,6581
IL,Lev,6550
IL,Tzur,6396
IL,Selima,6368
IL,Nes,6368
IL,Hershkovitz,6299
IL,Ren,6285
IL,Dror,6245
IL,Kaplan,6193
IL,Salama,6157
IL,Yifrach,6156
IL,Moskowitz,6119
FI,Korhonen,24143
FI,Virtanen,23180
FI,Nieminen,21269
FI,Mäkinen,21124
FI,Hämäläinen,19446
FI,Mäkelä,19162
FI,Laine,18513
FI,Heikkinen,18442
FI,Koskinen,17715
FI,Lehtonen,16899
FI,Järvinen,16715
FI,Lehtinen,15690
FI,Saarinen,15081
FI,Salminen,14853
FI,Heinonen,14838
FI,Heikkilä,14561
FI,Niemi,14424
FI,Salonen,14184
FI,Laitinen,14021
FI,Turunen,13800
FI,Kinnunen,13471
FI,Tuominen,13093
FI,Savolainen,13060
FI,Salo,13037
FI,Rantanen,12834
FI,Jokinen,12708
FI,Miettinen,12692
FI,Mattila,12534
FI,Karjalainen,12285
FI,Räsänen,11531
FI,Ahonen,11257
FI,Lahtinen,11128
FI,Pitkänen,10798
FI,Hiltunen,10662
FI,Ojala,10461
FI,Leppänen,10399
FI,Aaltonen,10357
FI,Leinonen,9949
FI,Kallio,9881
FI,Väisänen,9876
FI,Anttila,9851
FI,Mustonen,9805
FI,Hakala,9759
FI,Laaksonen,9739
FI,Manninen,9496
FI,Koivisto,9367
FI,Lehto,9297
FI,Laakso,9292
FI,Hirvonen,9204
FI,Toivonen,9114
FI,Kettunen,9057
FI,Hartikainen,9015
FI,Nurmi,8923
FI,Niskanen,8893
FI,Aalto,8808
FI,Partanen,8774
FI,Peltonen,8764
FI,Rantala,8758
FI,Lappalainen,8524
FI,Pulkkinen,8344
FI,Niemelä,8331
FI,Rissanen,8282
FI,Seppälä,8271
FI,Saari,8177
FI,Kauppinen,8173
FI,Hakkarainen,7984
FI,Hänninen,7925
FI,Huttunen,7828
FI,Seppänen,7710
FI,Moilanen,7705
FI,Salmi,7687
FI,Suominen,7661
FI,Koskela,7550
FI,Halonen,7475
FI,Kemppainen,7467
FI,Lahti,7462
FI,Mikkonen,7404
FI,Peltola,7390
FI,Parviainen,7379
FI,Kärkkäinen,7361
FI,Leskinen,7350
FI,Ikonen,7350
FI,Aho,7338
FI,Ahola,7335
FI,Koponen,7293
FI,Pesonen,7245
FI,Oksanen,7140
FI,Vainio,7043
FI,Lindholm,6969
FI,Heiskanen,6928
FI,Vuorinen,6915
FI,Johansson,6855
FI,Rautiainen,6844
FI,Mikkola,6843
FI,Toivanen,6830
FI,Karppinen,6759
FI,Nurminen,6710
FI,Koski,6655
FI,Immonen,6647
FI,Honkanen,6531
DO,Rodriguez,253157
DO,Perez,221252
DO,Martinez,171942
DO,Garcia,164010
DO,Sanchez,143348
DO,Ramirez,131234
DO,Diaz,126213
DO,Gonzalez,123017
DO,Reyes,120044
DO,Hernandez,112913
DO,Jimenez,111742
DO,Castillo,106729
DO,Santana,100414
DO,De la Cruz,90676
DO,Peña,83972
DO,Gomez,83726
DO,Feliz,82786
DO,Guzman,78420
DO,Mejia,75771
DO,Fernandez,75725
DO,Lopez,74469
DO,Cruz,71597
DO,De los Santos,68907
DO,Baez,65505
DO,Arias,64851
DO,Abreu,61162
DO,Matos,58775
DO,Vasquez,58151
DO,Mendez,58043
DO,Medina,57735
DO,Polanco,57504
DO,Nuñez,57350
DO,Vargas,57327
DO,Valdez,57327
DO,Santos,52167
DO,Mateo,51990
DO,Ortiz,50650
DO,De la Rosa,50580
DO,Almonte,49495
DO,Cabrera,48994
DO,Alcantara,48894
DO,Marte,48825
DO,Montero,48062
DO,Batista,47577
DO,Guerrero,47223
DO,Soto,46222
DO,Tejeda,43634
DO,Acosta,43049
DO,Peralta,42895
DO,De Leon,42723
DO,Pimentel,41386
DO,Taveras,40038
DO,Cuevas,39029
DO,Herrera,37550
DO,Brito,37165
DO,Torres,36911
DO,Alvarez,36773
DO,Espinal,36703
DO,Bautista,35540
DO,Castro,35109
DO,Tejada,33554
DO,Peguero,33284
DO,Aquino,31844
DO,Rivera,31482
DO,Ruiz,31143
DO,Duran,30311
DO,Ramos,29611
DO,Pena,29595
DO,Reynoso,29418
DO,Pichardo,29202
DO,Romero,28879
DO,Contreras,28294
DO,Sosa,27939
DO,Rojas,27601
DO,Frias,27485
DO,Tavarez,27400
DO,Lara,27300
DO,Nunez,25945
DO,Ventura,25837
DO,Dominguez,25337
DO,Beltre,25121
DO,Suero,24397
DO,Lora,23242
DO,Melo,22241
DO,Cordero,22125
DO,Moreno,21917
DO,Henriquez,21163
DO,Santiago,20654
DO,Morel,20654
DO,Morillo,20215
DO,Paulino,20000
DO,Ogando,19969
DO,Estevez,19900
DO,Morales,19753
DO,Rosário,19667
DO,Soriano,19592
DO,Acevedo,19168
DO,Quezada,19037
DO,Ureña,18968
DO,Grullon,18929
RS,Jovanović,149830
RS,Nikolić,121373
RS,Petrović,118555
RS,Ilić,87005
RS,Pavlović,66415
RS,Marković,61477
RS,Stojanović,51363
RS,Popović,49977
RS,Živković,48873
RS,Janković,46971
RS,Todorović,43176
RS,Stanković,40814
RS,Ristić,39882
RS,Cvetković,39632
RS,Kostić,38629
RS,Tomić,36660
RS,Dimitrijević,35803
RS,Milošević,34711
RS,Krstić,33543
RS,Filipović,33168
RS,Lukić,32601
RS,Ivanović,32540
RS,Kovačević,30824
RS,Aleksić,30359
RS,Lazić,29316
RS,Petković,28929
RS,Obradović,28637
RS,Mitrović,28089
RS,Lazarević,27865
RS,Savić,27424
RS,Radovanović,26706
RS,Jović,26600
RS,Mladenović,25790
RS,Vasić,25060
RS,Nedeljković,24542
RS,Živanović,24506
RS,Stevanović,23809
RS,Milenković,23708
RS,Milovanović,23224
RS,Milosavljević,23072
RS,Novaković,21637
RS,Bogdanović,21153
RS,Mitić,20423
RS,Simić,20331
RS,Tasić,20193
RS,Trajković,19840
RS,Antić,19751
RS,Gajić,19711
RS,Marinković,19651
RS,Radosavljević,19319
RS,Pešić,18962
RS,Mihajlović,18956
RS,Knežević,18537
RS,Blagojević,18495
RS,Vasiljević,18085
RS,Zdravković,17794
RS,Jevtić,17736
RS,Stojković,17297
RS,Rakić,16946
RS,Stefanović,16777
RS,Grujić,16600
RS,Vuković,16392
RS,Arsić,16361
RS,Milanović,16152
RS,Stanojević,16106
RS,Veličković,15721
RS,Veljković,15407
RS,Babić,15304
RS,Paunović,15191
RS,Perić,14953
RS,Matić,14902
RS,Ćirić,14840
RS,Gavrilović,14628
RS,Milić,14575
RS,Jakovljević,14522
RS,Ivković,14058
RS,Marjanović,13869
RS,Tošić,13749
RS,Nešić,13724
RS,Maksimović,13494
RS,Jeremić,13185
RS,Urošević,13051
RS,Miljković,12567
RS,Miletić,12441
RS,Stamenković,12344
RS,Radulović,12176
RS,Trifunović,12128
RS,Ignjatović,11821
RS,Radović,11797
RS,Radivojević,11743
RS,Božić,11654
RS,Milojević,11644
RS,Bošković,11558
RS,Ranković,11436
RS,Ostojić,11418
RS,Golubović,11253
RS,Andrić,11115
RS,Jovičić,11083
RS,Janjić,11000
RS,Panić,10953
BE,Peeters,41284
BE,Janssens,37596
BE,Maes,31922
BE,Jacobs,25307
BE,Mertens,23610
BE,Willems,23341
BE,Claes,20563
BE,Wouters,19881
BE,Goossens,19566
BE,Dubois,18284
BE,De Smet,17411
BE,Vermeulen,16690
BE,Pauwels,16690
BE,Hermans,16477
BE,Lambert,16311
BE,Aerts,15596
BE,Michiels,14998
BE,Dupont,14960
BE,Martens,13758
BE,De Vos,13617
BE,Smets,13293
BE,Martin,13065
BE,Van de Velde,13048
BE,Desmet,12976
BE,Hendrickx,12796
BE,Claeys,12721
BE,Van Damme,12718
BE,Devos,12525
BE,Janssen,12415
BE,Stevens,12303
BE,Dumont,11858
BE,De Clercq,11742
BE,De Backer,11549
BE,Segers,11441
BE,Lemmens,11201
BE,Leroy,11069
BE,Van den Broeck,10986
BE,Coppens,10808
BE,Simon,10399
BE,Wauters,10116
BE,Laurent,10113
BE,Leclercq,10072
BE,Renard,9759
BE,Denis,9555
BE,Verhoeven,9359
BE,Lejeune,9320
BE,Cools,8982
BE,Declercq,8928
BE,De Cock,8748
BE,Thomas,8739
BE,Petit,8735
BE,Charlier,8731
BE,Lemaire,8653
BE,Smet,8524
BE,Timmermans,8488
BE,De Smedt,8397
BE,De Meyer,8374
BE,Michel,8362
BE,Vandenberghe,8287
BE,Thys,8159
BE,Bertrand,8120
BE,De Ridder,8106
BE,Lenaerts,8074
BE,Cornelis,8042
BE,De Wilde,8021
BE,De Pauw,7994
BE,Bauwens,7993
BE,Verheyen,7976
BE,Van den Bossche,7901
BE,Lefebvre,7901
BE,Mathieu,7871
BE,Carlier,7858
BE,Evrard,7830
BE,Baert,7766
BE,Verstraete,7752
BE,Moens,7701
BE,Bernard,7663
BE,Lauwers,7663
BE,Lambrechts,7622
BE,Bosmans,7433
BE,Bogaert,7411
BE,Geerts,7394
BE,Fontaine,7380
BE,Bogaerts,7268
BE,Verlinden,7264
BE,Gerard,7257
BE,Christiaens,7103
BE,Deprez,7075
BE,Verbeke,7023
BE,Vermeiren,7015
BE,Marchal,6926
BE,Verschueren,6921
BE,Beckers,6889
BE,Delvaux,6887
BE,Legrand,6885
BE,Jansen,6862
BE,Wuyts,6764
BE,Adam,6754
BE,Simons,6669
BE,Verstraeten,6609
GE,Beridze,21955
GE,Kapanadze,14721
GE,Gelashvili,14685
GE,Maisuradze,12478
GE,Giorgadze,11390
GE,Tsiklauri,10596
GE,Lomidze,10323
GE,Mamedova,9580
GE,Tskhoidze,9530
GE,Nozadze,9355
GE,Bolqvadze,9212
GE,Chikhladze,8903
GE,Khachishvili,8720
GE,Abuladze,8284
GE,Miqeladze,7847
GE,Tabatadze,7618
GE,Medolishvili,7535
GE,Shengelia,7353
GE,Gogoladze,7274
GE,Diasamidze,7152
GE,Makharadze,7033
GE,Abasi,7014
GE,Dolidze,6948
GE,Maruashvili,6849
GE,Dzavashvili,6775
GE,Kvaratskhelia,6697
GE,Alieva,6509
GE,Tsertsvadze,6451
GE,Qavtaradze,6206
GE,Qatamadze,6074
GE,Dzneladze,6017
GE,Metreveli,5940
GE,Dumbadze,5868
GE,Putkaradze,5790
GE,Japaridze,5709
GE,Barbaqadze,5605
GE,Surmanidze,5510
GE,Davitadze,5456
GE,Samkharadze,5293
GE,Kobakhia,5265
GE,Meladze,5127
GE,Chinchikadze,5033
GE,Sikharulidze,4967
GE,Tchelidze,4887
GE,Barishvili,4831
GE,Turmanidze,4816
GE,Shubitidze,4812
GE,Chubinidze,4735
GE,Khatidze,4695
GE,Modebadze,4690
GE,Jintcharadze,4657
GE,Dzanashvili,4606
GE,Bairamov,4514
GE,Lobjanidze,4472
GE,Mumladze,4437
GE,Kurtanidze,4426
GE,Razmadze,4425
GE,Todua,4399
GE,Kiknadze,4389
GE,Kalandadze,4362
GE,Gabunia,4308
GE,Abtsiauri,4301
GE,Shainidze,4288
GE,Meskhi,4268
GE,Abramishvili,4234
GE,Zoidze,4228
GE,Dvalishvili,4184
GE,Kakhidze,4155
GE,Gorgadze,4101
GE,Gurgenidze,4072
GE,Robaqidze,4068
GE,Nadiradze,4065
GE,Svanidze,3992
GE,Beradze,3991
GE,Guseinov,3978
GE,Gogitidze,3976
GE,Tchanturia,3959
GE,Mamulashvili,3954
GE,Khvedelidze,3874
GE,Jiqia,3870
GE,Meqvabishvili,3827
GE,Khuridze,3775
GE,Kiladze,3766
GE,Savadze,3699
GE,Iremadze,3696
GE,Gasanov,3694
GE,Labadze,3672
GE,Mamradze,3668
GE,Mtchedlidze,3640
GE,Gigauri,3623
GE,Miqadze,3586
GE,Danelia,3560
GE,Akhmedov,3493
GE,Bregvadze,3458
GE,Pipia,3449
GE,Kupatadze,3397
GE,Abesadze,3377
GE,Gaprindashvili,3365
GE,Sitchinava,3345
GE,Tsereteli,3340
NO,Hansen,62213
NO,Johansen,57100
NO,Olsen,56925
NO,Larsen,43421
NO,Andersen,42677
NO,Nilsen,39790
NO,Pedersen,39608
NO,Jensen,26645
NO,Kristiansen,26556
NO,Karlsen,24041
NO,Johnsen,23097
NO,Pettersen,22527
NO,Eriksen,21384
NO,Berg,20455
NO,Haugen,15875
NO,Hagen,15571
NO,Johannessen,15162
NO,Jacobsen,13471
NO,Andreassen,13442
NO,Dahl,13165
NO,Halvorsen,13068
NO,Lund,12771
NO,Henriksen,12581
NO,Jørgensen,12011
NO,Jakobsen,11548
NO,Gundersen,11526
NO,Moen,11358
NO,Sørensen,11306
NO,Iversen,11243
NO,Svendsen,11151
NO,Strand,10858
NO,Solberg,10738
NO,Martinsen,9633
NO,Paulsen,9472
NO,Knutsen,9346
NO,Eide,9043
NO,Bakken,8696
NO,Kristoffersen,8469
NO,Mathisen,8362
NO,Lie,8173
NO,Rasmussen,8131
NO,Bakke,7675
NO,Amundsen,7665
NO,Kristensen,7534
NO,Andresen,7492
NO,Lunde,7460
NO,Berge,7454
NO,Moe,7452
NO,Holm,7446
NO,Fredriksen,7419
NO,Solheim,7258
NO,Knudsen,7201
NO,Nielsen,7172
NO,Christensen,7147
NO,Lien,7103
NO,Hauge,6861
NO,Nygård,6848
NO,Evensen,6742
NO,Aas,6530
NO,Hanssen,6486
NO,Myhre,6213
NO,Simonsen,6176
NO,Haugland,6156
NO,Thomassen,6109
NO,Berntsen,6099
NO,Sivertsen,6074
NO,Sæther,6020
NO,Danielsen,5926
NO,Arnesen,5851
NO,Haug,5755
NO,Sandvik,5556
NO,Thorsen,5527
NO,Ellingsen,5502
NO,Antonsen,5469
NO,Næss,5379
NO,Gulbrandsen,5356
NO,Ruud,5353
NO,Rønning,5324
NO,Edvardsen,5295
NO,Vik,5227
NO,Nguyen,5062
NO,Isaksen,5001
NO,Birkeland,4966
NO,Aasen,4866
NO,Jenssen,4767
NO,Tangen,4764
NO,Mikkelsen,4721
NO,Eliassen,4700
NO,Strøm,4632
NO,Ødegård,4609
NO,Myklebust,4543
NO,Helland,4485
NO,Christiansen,4466
NO,Aune,4421
NO,Bøe,4393
NO,Brekke,4367
NO,Abrahamsen,4306
NO,Madsen,4251
NO,Tveit,4238
NO,Bjerke,4083
AM,Grigoryan,83617
AM,Sargsyan,81338
AM,Harutyunyan,78613
AM,Hovhannisyan,74919
AM,Khachatryan,71668
AM,Hakobyan,67454
AM,Petrosyan,50265
AM,Vardanyan,49699
AM,Gevorgyan,49467
AM,Karapetyan,48689
AM,Mkrtchyan,44688
AM,Manukyan,43084
AM,Ghazaryan,41672
AM,Avetisyan,41439
AM,Martirosyan,35888
AM,Poghosyan,35752
AM,Sahakyan,33635
AM,Margaryan,28957
AM,Arakelyan,28692
AM,Davtyan,26739
AM,Simonyan,26285
AM,Stepanyan,26228
AM,Galstyan,25717
AM,Hayrapetyan,24756
AM,Muradyan,24537
AM,Gasparyan,24197
AM,Avagyan,22758
AM,Baghdasaryan,22622
AM,Abrahamyan,20679
AM,Asatryan,19780
AM,Hovsepyan,18898
AM,Melkonyan,18235
AM,Minasyan,16556
AM,Kirakosyan,15879
AM,Mkhitaryan,15789
AM,Babayan,15586
AM,Aleksanyan,15286
AM,Barseghyan,14927
AM,Tadevosyan,14823
AM,Yeghiazaryan,13443
AM,Zakaryan,13357
AM,Ohanyan,13316
AM,Mnacakanyan,13301
AM,Movsisyan,12943
AM,Hambardzumyan,12933
AM,Danielyan,12467
AM,Badalyan,12465
AM,Ayvazyan,12383
AM,Torosyan,11612
AM,Tovmasyan,11296
AM,Nersisyan,11128
AM,Nazaryan,11043
AM,Mirzoyan,10958
AM,Antonyan,10613
AM,Gabrielyan,10318
AM,Safaryan,10164
AM,Matevosyan,10053
AM,Kocharyan,9393
AM,Ghukasyan,9314
AM,Melikyan,8645
AM,Adamyan,8601
AM,Mikayelyan,8558
AM,Oskanyan,8501
AM,Aslanyan,8501
AM,Gharibyan,8134
AM,Hovakimyan,8004
AM,Sukiasyan,7885
AM,Aghajanyan,7670
AM,Arzumanyan,7532
AM,Tonoyan,7228
AM,Nikoghosyan,7071
AM,Markosyan,6859
AM,Shahbazyan,6197
AM,Arshakyan,6149
AM,Shahinyan,5730
AM,Soghomonyan,5474
AM,Yesayan,5221
AM,Abgaryan,5216
AM,Hunanyan,5033
AM,Saribekyan,4989
AM,Darbinyan,4940
AM,Aloyan,4815
AM,Makaryan,4691
AM,Alaverdyan,4642
AM,Tumanyan,4572
AM,Nahapetyan,4562
AM,Shahnazaryan,4409
AM,Nalbandyan,4402
AM,Manucharyan,4354
AM,Navasardyan,4324
AM,Dallakyan,4298
AM,Andreasyan,4280
AM,Malkhasyan,4238
AM,Avdalyan,4227
AM,Beglaryan,4136
AM,Serobyan,4135
AM,Avanesyan,4059
AM,Amirkhanyan,4022
AM,Movsesyan,3975
AM,Melkumyan,3955
GT,Lopez,739869
GT,Perez,441702
GT,Garcia,417203
GT,Hernandez,369296
GT,Morales,277902
GT,Ramirez,265226
GT,Gomez,264834
GT,Gonzalez,234874
GT,Martinez,208788
GT,Vasquez,191997
GT,Caal,159531
GT,Velasquez,154333
GT,De Leon,139021
GT,Ramos,134721
GT,Mendez,127556
GT,Rodriguez,118900
GT,Choc,109908
GT,Diaz,103852
GT,Reyes,102726
GT,Castillo,93758
GT,Cruz,93410
GT,Mejia,93348
GT,Aguilar,90511
GT,Coc,87300
GT,Juarez,86406
GT,Pop,85662
GT,Marroquin,83092
GT,Alvarado,82597
GT,Barrios,80365
GT,Alvarez,78470
GT,Escobar,77581
GT,Herrera,77257
GT,Ortiz,73039
GT,Chavez,72005
GT,Sanchez,71703
GT,Ordoñez,68294
GT,Chub,68208
GT,Estrada,67258
GT,Flores,63463
GT,Mendoza,63320
GT,Gutierrez,60286
GT,Guzman,60215
GT,Jimenez,60056
GT,Castro,59871
GT,Fuentes,57614
GT,Rivas,55758
GT,Cardona,55741
GT,Xol,54291
GT,Tiul,53384
GT,Ruiz,52595
GT,Pineda,52314
GT,Rivera,52254
GT,Mazariegos,51940
GT,Santos,50435
GT,Villatoro,49697
GT,Rodas,48568
GT,Calel,48277
GT,Orozco,47670
GT,Carrillo,45789
GT,Cucul,45711
GT,Miranda,45648
GT,Cifuentes,45294
GT,Ical,45225
GT,Torres,44104
GT,De la Cruz,43220
GT,Sandoval,40498
GT,Salazar,39703
GT,Rosales,39661
GT,Maldonado,39627
GT,Giron,39587
GT,Recinos,39125
GT,Ajanel,38729
GT,Palacios,38219
GT,Monroy,37054
GT,Osorio,36481
GT,Lemus,36266
GT,Monterroso,36198
GT,Orellana,36193
GT,Che,34458
GT,Merida,33976
GT,Alonzo,33764
GT,Guerra,33388
GT,Vicente,33221
GT,Cortez,33026
GT,Tzoc,32982
GT,Monzon,32948
GT,Samayoa,32503
GT,Contreras,32336
GT,Vargas,32307
GT,Paz,30445
GT,Ajpacaja,30203
GT,Muñoz,30187
GT,Calderon,30088
GT,Pelico,30010
GT,Baten,29907
GT,Argueta,29744
GT,Puac,29708
GT,Franco,29524
GT,Ochoa,29425
GT,Cac,29370
NP,Caudhari,927947
NP,Sresth,904432
NP,Yadav,743328
NP,Rai,671668
NP,Thapa,650505
NP,Magar,638890
NP,Devi,626637
NP,Taman,515553
NP,Tharu,514630
NP,Saha,404317
NP,Karki,336903
NP,Kami,329262
NP,Khadk,317957
NP,Adhikari,306595
NP,Khatri,301336
NP,Gurung,297454
NP,Khatun,278331
NP,Maharjan,258987
NP,Mahato,256706
NP,Bhandari,255244
NP,Paudel,252170
NP,Tamang,247309
NP,Gurun,239727
NP,Mandal,226774
NP,Sarki,224554
NP,Rana,224004
NP,Sahi,203083
NP,Ksetri,202571
NP,Sunar,199324
NP,Tharuni,193260
NP,Damai,184694
NP,Lama,184431
NP,Basnet,171116
NP,Sarma,168216
NP,Visvakarm,167392
NP,Ghimire,162154
NP,Vika,161996
NP,Giri,158872
NP,Limbu,154764
NP,Budha,152535
NP,Bhattarai,149203
NP,Puna,142045
NP,Acary,140033
NP,Nyaupane,138923
NP,Nepali,138585
NP,Pande,127396
NP,Kesi,127386
NP,Bohar,126831
NP,Dahal,124332
NP,Kurmi,120496
NP,Vista,118438
NP,Teli,116908
NP,Dhami,113954
NP,Gautam,113669
NP,Gharti,113581
NP,Thakur,112435
NP,Dhakal,112051
NP,Rajavansi,111700
NP,Josi,111513
NP,Sapakot,110681
NP,Sinha,109005
NP,Bhatt,108830
NP,Raya,107761
NP,Khanal,105238
NP,Camar,104306
NP,Suvedi,103061
NP,Serpa,100921
NP,Majhi,98579
NP,Kumal,91775
NP,Jaisi,90913
NP,Ahira,90904
NP,Vali,90139
NP,Mahar,89336
NP,Bhujel,88426
NP,Pariyar,88360
NP,Budhathoki,88055
NP,Rauta,87031
NP,Kumari,79434
NP,Ansari,75784
NP,Darji,74981
NP,Upadhyay,74383
NP,Dagaur,73013
NP,Canda,72927
NP,Rokay,71836
NP,Aryal,71754
NP,Malla,71447
NP,Dasa,70734
NP,Pokharel,69287
NP,Lamichane,67857
NP,Sada,67712
NP,Sauda,65616
NP,Miya,64950
NP,Regmi,62457
NP,Sakya,62160
NP,Koiri,60743
NP,Jha,59078
NP,Ravat,58609
NP,Bista,58343
NP,Musalaman,58223
NP,Gupta,56930
LT,Petrauskas,9816
LT,Jankauskas,9184
LT,Kazlauskas,9029
LT,Stankevičius,8063
LT,Vasiliauskas,7493
LT,Butkus,7315
LT,Urbonas,6497
LT,Kavaliauskas,5810
LT,Žukauskas,5651
LT,Ramanauskas,5630
LT,Paulauskas,5611
LT,Navickas,5218
LT,Rimkus,5206
LT,Šimkus,5203
LT,Pocius,5104
LT,Savickas,4744
LT,Žilinskas,4555
LT,Sakalauskas,4423
LT,Adomaitis,4363
LT,Petraitis,4260
LT,Mikalauskas,4242
LT,Kaminskas,4167
LT,Baranauskas,4078
LT,Kairys,3946
LT,Žemaitis,3689
LT,Bagdonas,3674
LT,Ivanauskas,3671
LT,Ivanova,3666
LT,Mockus,3572
LT,Venckus,3561
LT,Rutkauskas,3451
LT,Jonaitis,3420
LT,Vaitkus,3418
LT,Norkus,3392
LT,Vyšniauskas,3311
LT,Juška,3288
LT,Dambrauskas,3153
LT,Bernotas,3092
LT,Malinauskas,3082
LT,Budrys,2840
LT,Radzevičius,2667
LT,Vitkauskas,2630
LT,Markevičius,2617
LT,Kubilius,2565
LT,Grigas,2556
LT,Jurevičius,2536
LT,Lukošius,2526
LT,Stankus,2505
LT,Mažeika,2471
LT,Sabaliauskas,2470
LT,Sadauskas,2463
LT,Mackevič,2233
LT,Gricius,2231
LT,Jonas,2206
LT,Stonkus,2164
LT,Lapinskas,2107
LT,Juškevičius,2064
LT,Povilaitis,2053
LT,Rakauskas,2041
LT,Banys,2032
LT,Barkauskas,2008
LT,Bružas,1983
LT,Bartkus,1959
LT,Šidlauskas,1950
LT,Mickus,1945
LT,Šukys,1853
LT,Martinkus,1829
LT,Ivanov,1818
LT,Jonušas,1812
LT,Balsys,1784
LT,Urbonavičius,1742
LT,Barauskas,1735
LT,Vitkus,1723
LT,Vaičiulis,1716
LT,Petkus,1703
LT,Giedraitis,1701
LT,Jokubauskas,1690
LT,Tomaševič,1674
LT,Butkevičius,1672
LT,Baltrušaitis,1650
LT,Čepulis,1650
LT,Vytautas,1648
LT,Stonys,1641
LT,Andrijauskas,1637
LT,Miškinis,1606
LT,Urbanovič,1605
LT,Miliauskas,1603
LT,Alekna,1599
LT,Noreika,1591
LT,Astrauskas,1590
LT,Juknevičius,1580
LT,Matulevičius,1574
LT,Klimas,1560
LT,Buivydas,1501
LT,Bukauskas,1493
LT,Valaitis,1482
LT,Grigaitis,1418
LT,Brazauskas,1411
LT,Gedvilas,1410
LT,Vasiljeva,1399
HR,Knežević,8819
HR,Horvat,8503
HR,Kovačević,7936
HR,Pavlović,7305
HR,Blažević,7216
HR,Božić,6855
HR,Lovrić,6712
HR,Babić,5449
HR,Marković,5358
HR,Bošnjak,5258
HR,Grgić,5235
HR,Brkić,5163
HR,Filipović,5044
HR,Vidović,4899
HR,Tomić,4655
HR,Jukić,4590
HR,Novak,4505
HR,Martinović,4497
HR,Petrović,4424
HR,Mandić,4341
HR,Šimunović,4315
HR,Nikolić,4196
HR,Jurković,4088
HR,Barišić,4070
HR,Lončar,4069
HR,Živković,3943
HR,Šimić,3902
HR,Jurić,3887
HR,Rukavina,3884
HR,Perković,3769
HR,Lukić,3687
HR,Matijević,3635
HR,Novosel,3625
HR,Klarić,3617
HR,Matković,3598
HR,Pavić,3593
HR,Bašić,3540
HR,Antunović,3486
HR,Marušić,3480
HR,Ćosić,3437
HR,Kovač,3404
HR,Matić,3388
HR,Miletić,3229
HR,Posavec,3211
HR,Kralj,3204
HR,Vuković,3187
HR,Varga,3178
HR,Marjanović,3164
HR,Popović,3146
HR,Cindrić,3121
HR,Grubišić,3055
HR,Jakovljević,3040
HR,Dujmović,3019
HR,Novaković,3007
HR,Jurišić,2982
HR,Brajković,2975
HR,Perić,2918
HR,Galić,2908
HR,Bilić,2877
HR,Ivanković,2873
HR,Šimunić,2854
HR,Jozić,2843
HR,Crnković,2804
HR,Marić,2759
HR,Janković,2755
HR,Burić,2744
HR,Vrdoljak,2731
HR,Kolarić,2725
HR,Mitrović,2720
HR,Mikulić,2709
HR,Radić,2706
HR,Lučić,2691
HR,Vukelić,2661
HR,Jovanović,2620
HR,Grgurić,2610
HR,Jurčević,2603
HR,Vidaković,2571
HR,Petković,2544
HR,Ružić,2543
HR,Herceg,2541
HR,Abramović,2539
HR,Šarić,2531
HR,Pavlić,2498
HR,Stanić,2468
HR,Butković,2462
HR,Cvitković,2459
HR,Katić,2457
HR,Krznarić,2432
HR,Josipović,2428
HR,Ivanović,2422
HR,Golubić,2405
HR,Jelić,2397
HR,Sever,2392
HR,Krizmanić,2384
HR,Štimac,2370
HR,Mihaljević,2364
HR,Jerković,2354
HR,Tadić,2338
HR,Radošević,2323
HR,Valentić,2238
LV,Berzina,11448
LV,Ozola,10643
LV,Ivanova,10154
LV,Kalnina,9669
LV,Ozolina,7898
LV,Berzins,7878
LV,Ozols,6954
LV,Jansone,6598
LV,Ivanovs,6471
LV,Kalnins,6465
LV,Ozolins,6032
LV,Liepina,5660
LV,Eglite,5338
LV,Arpa,5166
LV,Balode,4895
LV,Krumina,4638
LV,Andersone,4352
LV,Vasiljeva,4247
LV,Dreimanis,4240
LV,Jansons,4172
LV,Rudzite,4138
LV,Petrova,3978
LV,Vasiljevs,3953
LV,Liepins,3895
LV,Zarina,3841
LV,Krumins,3762
LV,Vanaga,3736
LV,Smirnovs,3544
LV,Smirnova,3522
LV,Petersons,3518
LV,Vitola,3502
LV,Balodis,3388
LV,Smite,3384
LV,Petersone,3380
LV,Karklina,3335
LV,Karklins,3333
LV,Fjodorova,3193
LV,Petrovs,3177
LV,Liepa,3158
LV,Klavina,3119
LV,Mihailova,3098
LV,Bogdanova,3018
LV,Grinberga,2923
LV,Grigorjeva,2794
LV,Silina,2784
LV,Priede,2757
LV,Krastina,2727
LV,Vanags,2683
LV,Zarins,2645
LV,Briede,2568
LV,Freimane,2553
LV,Zvirbulis,2526
LV,Eglitis,2501
LV,Kuznecova,2495
LV,Semjonova,2486
LV,Kudo,2456
LV,Abolina,2332
LV,Kravale,2325
LV,Vitols,2240
LV,Mihailovs,2228
LV,Cirule,2226
LV,Aleksejeva,2222
LV,Grinbergs,2215
LV,Lace,2176
LV,Pavlova,2173
LV,Silins,2164
LV,Fjodorovs,2149
LV,Grigorjevs,2112
LV,Andrejeva,2091
LV,Stepanova,2086
LV,Jakovleva,2079
LV,Bergs,2068
LV,Gulbe,2043
LV,Riekstina,2036
LV,Dzene,2013
LV,Strode,1999
LV,Jevstignejevs,1993
LV,Lapina,1969
LV,Auzina,1968
LV,Andersons,1956
LV,Jekabsone,1946
LV,Lacis,1931
LV,Bogdanovs,1897
LV,Mikelsone,1896
LV,Popovica,1890
LV,Kuznecovs,1885
LV,Klavins,1868
LV,Upeniece,1830
LV,Jegorova,1825
LV,Sokolova,1808
LV,Freimanis,1792
LV,Caune,1792
LV,Krastins,1783
LV,Abolins,1770
LV,Paegle,1733
LV,Li,1712
LV,Baumane,1708
LV,Strods,1705
LV,Abele,1696
LV,Nikolajeva,1689
MD,Rusu,21180
MD,Ceban,20470
MD,Ciobanu,18338
MD,Lungu,15582
MD,Cebotari,14330
MD,Munteanu,13693
MD,Popa,12412
MD,Gutu,12345
MD,Rotari,12081
MD,Balan,11752
MD,Sirbu,10889
MD,Cojocari,10586
MD,Grosu,10297
MD,Melnic,10029
MD,Rotaru,9964
MD,Cojocaru,9800
MD,Rosca,9547
MD,Turcan,9335
MD,Moraru,9102
MD,Morari,8021
MD,Cazacu,7900
MD,Cretu,7866
MD,Muntean,7824
MD,Botnari,7730
MD,Ursu,6465
MD,Bivol,6360
MD,Russu,6270
MD,Ivanov,5993
MD,Popovici,5866
MD,Lupu,5653
MD,Mocanu,5617
MD,Chiriac,5561
MD,Plamadeala,5476
MD,Luca,5461
MD,Negru,5145
MD,Guzun,5111
MD,Turcanu,5090
MD,Miron,5071
MD,Popescu,5050
MD,Railean,4878
MD,Arnaut,4867
MD,Florea,4838
MD,Cebanu,4781
MD,Popov,4719
MD,Plesca,4618
MD,Prodan,4330
MD,Andronic,4238
MD,Sandu,4222
MD,Ivanova,4221
MD,Rusnac,4221
MD,Buga,4194
MD,Burlacu,4185
MD,Musteata,4159
MD,Malai,4138
MD,Borta,4049
MD,Croitor,4011
MD,Bejenari,4001
MD,Cusnir,3799
MD,Pascari,3785
MD,Grecu,3767
MD,Golban,3767
MD,Oprea,3760
MD,Cernei,3757
MD,Pinzari,3717
MD,Gheorghita,3670
MD,Caraman,3665
MD,Bostan,3644
MD,Istrati,3629
MD,Spinu,3624
MD,Frunza,3567
MD,Cazac,3565
MD,Darii,3547
MD,Lisnic,3524
MD,Raileanu,3464
MD,Bors,3433
MD,Josan,3429
MD,Topal,3328
MD,Croitoru,3299
MD,Birca,3291
MD,Colesnic,3291
MD,Botnaru,3289
MD,Brinza,3288
MD,Gherman,3247
MD,Petrov,3225
MD,Postica,3198
MD,Bulat,3149
MD,Dragan,3139
MD,Chicu,3137
MD,Cucu,3108
MD,Mardari,3106
MD,Carp,3078
MD,Postolachi,3038
MD,Covali,3027
MD,Uzun,2994
MD,Platon,2993
MD,Gaina,2983
MD,Radu,2971
MD,Antoci,2970
MD,Caraus,2956
MD,Albu,2945
AL,Hoxha,54367
AL,Shehu,26240
AL,Dervishi,15947
AL,Cela,15440
AL,Çela,13544
AL,Prifti,13354
AL,Elezi,12776
AL,Muça,12531
AL,Sula,12416
AL,Gjoni,11773
AL,Kurti,11718
AL,Kola,11700
AL,Marku,11235
AL,Leka,11064
AL,Gjoka,9905
AL,Hasani,9582
AL,Rama,9126
AL,Lika,9062
AL,Koçi,9014
AL,Hysa,8850
AL,Lleshi,8596
AL,Mema,8355
AL,Meta,8284
AL,Balla,8204
AL,Osmani,7919
AL,Duka,7734
AL,Halili,7608
AL,Gega,7485
AL,Mehmeti,7474
AL,Toska,7188
AL,Koci,7160
AL,Beqiri,6963
AL,Murati,6919
AL,Hoxhaj,6856
AL,Deda,6855
AL,Gjini,6600
AL,Agolli,6465
AL,Hyseni,6384
AL,Tafa,6277
AL,Karaj,6186
AL,Sinani,6136
AL,Kraja,6029
AL,Sulaj,5886
AL,Ismaili,5874
AL,Bega,5760
AL,Basha,5743
AL,Hasa,5734
AL,Cenaj,5567
AL,Shabani,5452
AL,Cani,5342
AL,Aliaj,5313
AL,Kodra,5282
AL,Lala,5250
AL,Spahiu,5161
AL,Domi,5121
AL,Papa,5079
AL,Guri,5052
AL,Hyka,4969
AL,Bardhi,4947
AL,Lila,4885
AL,Doda,4872
AL,Kasa,4849
AL,Arapi,4813
AL,Tabaku,4790
AL,Malaj,4762
AL,Bushi,4761
AL,Bregu,4731
AL,Muka,4595
AL,Balliu,4414
AL,Ibrahimi,4318
AL,Zeneli,4301
AL,Biba,4278
AL,Doçi,4234
AL,Xhafa,4232
AL,Shehi,4203
AL,Dauti,4181
AL,Bala,4137
AL,Prenga,4097
AL,Kastrati,4037
AL,Alla,4015
AL,Koka,3992
AL,Gjergji,3914
AL,Kuka,3879
AL,Ago,3865
AL,Islami,3850
AL,Muçaj,3828
AL,Plaku,3820
AL,Tahiri,3789
AL,Nikolli,3775
AL,Prendi,3769
AL,Bajrami,3769
AL,Nika,3753
AL,Shahini,3739
AL,Pjetri,3738
AL,Sulejmani,3730
AL,Selimi,3721
AL,Molla,3695
AL,Goga,3692
AL,Ndoj,3685
AL,Cara,3659
SK,Varga,14999
SK,Kováčová,12422
SK,Vargová,12343
SK,Nagy,12183
SK,Tóth,11017
SK,Nagyová,10282
SK,Tóthová,9995
SK,Horváth,9517
SK,Horváthová,9341
SK,Molnár,6848
SK,Szabó,6737
SK,Molnárová,6185
SK,Baláž,5628
SK,Balážová,5406
SK,Hudák,5240
SK,Novák,4958
SK,Nováková,4882
SK,Kollár,4593
SK,Hudáková,4412
SK,Kovács,4406
SK,Kollárová,4383
SK,Oravec,4316
SK,Polák,4311
SK,Poláková,4092
SK,Gajdoš,4074
SK,Szabóová,4049
SK,Kovácsová,4038
SK,Gajdošová,4024
SK,Šimková,3993
SK,Szabová,3971
SK,Németh,3755
SK,Šimko,3750
SK,Urban,3556
SK,Némethová,3517
SK,Oravcová,3313
SK,Hudec,3231
SK,Lacko,3172
SK,Urbanová,3088
SK,Mikula,3082
SK,Hudecová,3039
SK,Kiss,3015
SK,Fekete,3010
SK,Szabo,2955
SK,Marko,2913
SK,Sabol,2895
SK,Sedlák,2876
SK,Beňová,2870
SK,Sedláková,2862
SK,Lacková,2749
SK,Marková,2731
SK,Macko,2690
SK,Zeman,2671
SK,Mikulová,2662
SK,Farkašová,2655
SK,Balog,2546
SK,Sabo,2525
SK,Balogová,2488
SK,Švec,2473
SK,Mészáros,2460
SK,Macková,2451
SK,Rusnák,2443
SK,Farkaš,2426
SK,Kissová,2426
SK,Králik,2390
SK,Leško,2388
SK,Straková,2372
SK,Králiková,2366
SK,Beňo,2321
SK,Hric,2315
SK,Švecová,2314
SK,Sabolová,2310
SK,Benko,2267
SK,Toth,2244
SK,Straka,2234
SK,Bartoš,2226
SK,Chovanec,2225
SK,Lipták,2216
SK,Sýkora,2216
SK,Baran,2204
SK,Vašková,2188
SK,Lengyel,2186
SK,Takács,2181
SK,Lešková,2170
SK,Benková,2154
SK,Rusnáková,2146
SK,Veselovský,2136
SK,Novotná,2135
SK,Bednár,2123
SK,Nemec,2122
SK,Horňák,2109
SK,Sýkorová,2107
SK,Danko,2107
SK,Mészárosová,2104
SK,Kmeťová,2094
SK,Baranová,2092
SK,Bodnár,2092
SK,Ivan,2082
SK,Kolesár,2082
SK,Bodnárová,2065
SK,Mráz,2051
MT,Borg,14711
MT,Vella,13184
MT,Camilleri,13118
MT,Farrugia,11698
MT,Zammit,9900
MT,Galea,9046
MT,Micallef,8962
MT,Grech,8919
MT,Attard,8198
MT,Cassar,7572
MT,Spiteri,7253
MT,Azzopardi,7097
MT,Mifsud,6881
MT,Caruana,6532
MT,Muscat,6345
MT,Agius,5587
MT,Pace,5317
MT,Fenech,4944
MT,Schembri,4932
MT,Abela,4878
MT,Sammut,4469
MT,Gatt,4288
MT,Gauci,4192
MT,Debono,4000
MT,Bugeja,3789
MT,Vassallo,3543
MT,Bonnici,3506
MT,Aquilina,3506
MT,Portelli,3428
MT,Calleja,3392
MT,Scicluna,3344
MT,Cutajar,3302
MT,Falzon,3206
MT,Grima,3140
MT,Mallia,3097
MT,Ellul,3025
MT,Saliba,2989
MT,Bonello,2827
MT,Cachia,2815
MT,Mizzi,2688
MT,Xuereb,2682
MT,Buttigieg,2670
MT,Scerri,2670
MT,Busuttil,2640
MT,Tabone,2616
MT,Cauchi,2514
MT,Sciberras,2466
MT,Bartolo,2406
MT,Mercieca,2358
MT,Baldacchino,2111
MT,Buhagiar,2045
MT,Briffa,1937
MT,Formosa,1889
MT,Brincat,1877
MT,Zahra,1840
MT,Bezzina,1786
MT,Sultana,1774
MT,Mangion,1744
MT,Chetcuti,1666
MT,Dimech,1642
MT,Darmanin,1588
MT,Pisani,1528
MT,Psaila,1528
MT,Cilia,1455
MT,Cini,1377
MT,Debattista,1371
MT,Tanti,1317
MT,Sant,1281
MT,Mamo,1263
MT,Zerafa,1263
MT,Ciantar,1239
MT,Magro,1227
MT,Said,1227
MT,Chircop,1155
MT,Zarb,1107
MT,Barbara,1083
MT,Dalli,1077
MT,Curmi,1028
MT,Frendo,1028
MT,Tonna,998
MT,Cuschieri,962
MT,Abdilla,950
MT,Deguara,944
MT,Magri,932
MT,Hili,854
MT,Cremona,818
MT,Cardona,818
MT,Xerri,782
MT,Balzan,752
MT,Degiorgio,746
MT,Grixti,746
MT,Bajada,740
MT,Catania,710
MT,Pullicino,710
MT,Cordina,692
MT,Callus,692
MT,Meli,674
MT,Ebejer,662
MT,Anastasi,662
MT,Theuma,626
PY,Gonzalez,270526
PY,Benitez,197477
PY,Martinez,168457
PY,Lopez,128194
PY,Gimenez,92875
PY,Vera,86454
PY,Duarte,83354
PY,Ramirez,82149
PY,Villalba,81393
PY,Fernandez,79698
PY,Gomez,73371
PY,Rojas,71803
PY,Acosta,71621
PY,Ortiz,68577
PY,Caceres,66319
PY,Rodriguez,63321
PY,Ruiz,62872
PY,Nuñez,61993
PY,Ayala,59455
PY,Baez,57849
PY,Cabrera,54993
PY,Galeano,54956
PY,Ferreira,54187
PY,Romero,52620
PY,Franco,51016
PY,Sosa,50526
PY,Torres,50198
PY,Espinola,50115
PY,Cardozo,49916
PY,Britez,49891
PY,Caballero,48973
PY,Medina,48687
PY,Sanchez,47031
PY,Diaz,44982
PY,Aquino,44775
PY,Pereira,43200
PY,Bogado,42055
PY,Amarilla,41426
PY,Jara,40022
PY,Garcia,38503
PY,Escobar,38053
PY,Vazquez,37147
PY,Paredes,36965
PY,Sanabria,36495
PY,Velazquez,35335
PY,Mendoza,34260
PY,Barrios,33640
PY,Coronel,33034
PY,Ojeda,31842
PY,Portillo,31638
PY,Colman,31333
PY,Rolon,30761
PY,Dominguez,29976
PY,Riveros,29872
PY,Centurion,29335
PY,Aguero,28409
PY,Silva,28236
PY,Perez,27389
PY,Peralta,27366
PY,Rios,26900
PY,Figueredo,26375
PY,Fleitas,26044
PY,Lezcano,25785
PY,Meza,25770
PY,Godoy,25546
PY,Alvarez,25218
PY,Avalos,24880
PY,Valdez,24716
PY,Melgarejo,24285
PY,Salinas,23869
PY,Gamarra,23804
PY,Barreto,23747
PY,Morel,23633
PY,Cantero,23439
PY,Candia,22215
PY,Florentin,22156
PY,Estigarribia,21585
PY,Recalde,21531
PY,Aguilera,21349
PY,Arce,21234
PY,Cristaldo,20904
PY,Olmedo,20506
PY,Cañete,20469
PY,Garcete,20128
PY,Insfran,20083
PY,Chavez,19872
PY,Rivas,19827
PY,Mendez,19730
PY,Ortega,19710
PY,Alvarenga,19700
PY,Santacruz,19484
PY,Vargas,19471
PY,Morinigo,19176
PY,Leguizamon,19012
PY,Acuña,18707
PY,Segovia,18647
PY,Fariña,18449
PY,Zarate,18280
PY,Ocampos,18138
PY,Roman,18088
EE,Tamm,5660
EE,Saar,4609
EE,Sepp,3566
EE,Kask,3206
EE,Mägi,2791
EE,Kukk,2669
EE,Rebane,2266
EE,Koppel,2094
EE,Karu,2047
EE,Ilves,1948
EE,Lepik,1921
EE,Oja,1894
EE,Ivanov,1875
EE,Kuusk,1814
EE,Kaasik,1806
EE,Cuca,1759
EE,Luik,1699
EE,Raudsepp,1599
EE,Vaher,1587
EE,Kallas,1572
EE,Lepp,1561
EE,Laur,1553
EE,Pärn,1553
EE,Kuusik,1468
EE,Kivi,1453
EE,Ots,1411
EE,Liiv,1384
EE,Peterson,1380
EE,Teder,1288
EE,Mets,1250
EE,Põder,1238
EE,Kull,1216
EE,Kütt,1204
EE,Puusepp,1185
EE,Kangur,1181
EE,Jakobson,1120
EE,Rand,1112
EE,Toom,1108
EE,Saks,1108
EE,Smirnov,1093
EE,Leppik,1074
EE,Raud,1070
EE,Mitt,1066
EE,Sild,1066
EE,Sarapuu,1066
EE,Ivanova,1039
EE,Mölder,1031
EE,Roos,1012
EE,Tamme,993
EE,Allik,974
EE,Kõiv,974
EE,Paju,959
EE,Paas,959
EE,Laas,955
EE,Pukk,951
EE,Miller,932
EE,Palm,928
EE,Tomson,924
EE,Uibo,924
EE,Põld,920
EE,Jürgenson,916
EE,Kalda,897
EE,Lill,882
EE,Männik,878
EE,Nõmm,878
EE,Johanson,870
EE,Orav,870
EE,Unt,867
EE,Parts,863
EE,Lind,859
EE,Hunt,851
EE,Petrov,844
EE,Arro,840
EE,Adamson,828
EE,Hein,821
EE,Lember,809
EE,Rätsep,801
EE,Järv,790
EE,Nurk,778
EE,Tali,775
EE,Pihlak,774
EE,Kase,767
EE,Aavik,767
EE,Kruus,767
EE,Valk,752
EE,Hansen,744
EE,Järve,732
EE,Väli,732
EE,Vares,729
EE,Aru,729
EE,Rohtla,728
EE,Kikas,717
EE,Sikk,717
EE,Mõttus,705
EE,Soosaar,705
EE,Kuznetsov,698
EE,Vassiljev,686
EE,Kolk,675
EE,Must,671
EE,Sarv,671
CH,Müller,72878
CH,Meier,51685
CH,Schmid,44831
CH,Keller,34850
CH,Weber,30330
CH,Schneider,27420
CH,Huber,26691
CH,Meyer,26495
CH,Steiner,23970
CH,Fischer,22102
CH,Baumann,20908
CH,Frei,20871
CH,Brunner,20857
CH,Gerber,20402
CH,Widmer,20129
CH,Zimmermann,19552
CH,Moser,19208
CH,Graf,18173
CH,Wyss,17981
CH,Roth,16538
CH,Suter,16208
CH,Baumgartner,15559
CH,Bachmann,15484
CH,Studer,15075
CH,Bucher,14675
CH,Berger,14498
CH,Kaufmann,14475
CH,Kunz,14039
CH,Hofer,13357
CH,Bühler,12899
CH,Lüthi,12674
CH,Lehmann,12606
CH,Marti,12520
CH,Frey,12382
CH,Christen,12228
CH,Koch,11799
CH,Egli,11072
CH,Favre,10824
CH,Arnold,10672
CH,Pfister,10647
CH,Schweizer,10316
CH,Wüthrich,10184
CH,Fuchs,10074
CH,Martin,9973
CH,Stalder,9920
CH,Gasser,9849
CH,Peter,9845
CH,Kohler,9768
CH,Maurer,9758
CH,Koller,9702
CH,Wenger,9633
CH,Zürcher,9586
CH,Burri,9357
CH,Furrer,9171
CH,Egger,9126
CH,Hofmann,9122
CH,Michel,8956
CH,Hunziker,8930
CH,Leuenberger,8921
CH,Bieri,8789
CH,Ammann,8673
CH,Vogel,8470
CH,Hug,8466
CH,Hess,8369
CH,Tanner,8202
CH,Sutter,8195
CH,Hauser,8171
CH,Blaser,8116
CH,Rüegg,8060
CH,Hartmann,7678
CH,Schuler,7486
CH,Rey,7352
CH,Wagner,7351
CH,Gisler,7283
CH,Senn,7281
CH,Zbinden,7255
CH,Kälin,7212
CH,Schär,7125
CH,Siegenthaler,7062
CH,Scherrer,7033
CH,Flückiger,6996
CH,Lang,6866
CH,Zaugg,6786
CH,Fankhauser,6719
CH,Stucki,6672
CH,Kuhn,6565
CH,Imhof,6543
CH,Vogt,6531
CH,Bernasconi,6508
CH,Scheidegger,6461
CH,Odermatt,6436
CH,Portmann,6402
CH,Küng,6386
CH,Sommer,6368
CH,Seiler,6310
CH,Ackermann,6298
CH,Liechti,6265
CH,Jost,6241
CH,Schmidt,6217
CH,Schumacher,6142
MK,Stojanovski,11033
MK,Jovanovska,10131
MK,Jovanovski,9932
MK,Stojanovska,9910
MK,Nikolovska,8772
MK,Nikolovski,7994
MK,Trajkovski,7756
MK,Stojanova,6635
MK,Trajkovska,6539
MK,Ramadani,6305
MK,Stojanov,6237
MK,Atanasova,6179
MK,Petrovska,5975
MK,Krstevski,5895
MK,Gjorgjievska,5855
MK,Ilievska,5768
MK,Jovanov,5647
MK,Krstevska,5633
MK,Bajrami,5574
MK,Atanasov,5505
MK,Jovanova,5434
MK,Dimovska,5384
MK,Nikolova,5374
MK,Ristovski,5356
MK,Nikolov,5241
MK,Petrovski,5101
MK,Redžepi,5021
MK,Stojkovska,5015
MK,Gjorgjievski,4973
MK,Cvetkovski,4706
MK,Petrov,4706
MK,Šabani,4695
MK,Ristovska,4664
MK,Ademi,4614
MK,Sulejmani,4608
MK,Petrova,4521
MK,Spasovski,4506
MK,Ivanovska,4474
MK,Todorovska,4443
MK,Spasovska,4431
MK,Cvetkovska,4406
MK,Ibraimi,4388
MK,Ivanova,4380
MK,Osmani,4308
MK,Ilievski,4263
MK,Petkovski,4230
MK,Božinovska,4212
MK,Angelova,4196
MK,Mladenovska,4163
MK,Asani,4158
MK,Ristov,4124
MK,Dimovski,4076
MK,Gjorgjiev,4062
MK,Todorova,4025
MK,Arsovska,4021
MK,Ristova,4019
MK,Petkovska,4011
MK,Mladenovski,4007
MK,Božinovski,3973
MK,Ismaili,3932
MK,Kostovska,3930
MK,Ivanovski,3887
MK,Dimitrova,3788
MK,Miteva,3776
MK,Petruševski,3720
MK,Petruševska,3718
MK,Jakimovska,3707
MK,Velkovski,3677
MK,Risteska,3659
MK,Stefanovska,3640
MK,Todorovski,3615
MK,Imeri,3554
MK,Mitev,3502
MK,Gjorgjieva,3457
MK,Markovska,3438
MK,Risteski,3400
MK,Jašari,3390
MK,Petreski,3379
MK,Stefanovski,3370
MK,Stojkovski,3361
MK,Jakimovski,3361
MK,Jusufi,3352
MK,Iseni,3341
MK,Angelovski,3334
MK,Atanasovski,3226
MK,Kostadinova,3210
MK,Petreska,3208
MK,Trajkova,3147
MK,Atanasovska,3145
MK,Dimitrievski,3121
MK,Emini,3118
MK,Simonovska,3082
MK,Angelovska,3071
MK,Pavlova,3059
MK,Ivanov,2990
MK,Janev,2990
MK,Idrizi,2983
MK,Stojanoska,2933
MK,Ilieva,2859
MK,Popovski,2858
BA,Hodžić,21097
BA,Kovačević,19096
BA,Marković,14258
BA,Petrović,13758
BA,Tomić,13730
BA,Delić,13297
BA,Hadžić,12442
BA,Savić,12206
BA,Halilović,11868
BA,Babić,11706
BA,Marić,11338
BA,Jovanović,10812
BA,Ilić,10231
BA,Bašić,9907
BA,Vuković,9863
BA,Lukić,9704
BA,Popović,9643
BA,Knežević,9633
BA,Simić,9630
BA,Nikolić,9524
BA,Pavlović,9128
BA,Mitrović,8420
BA,Jović,8117
BA,Avdić,8113
BA,Begić,8101
BA,Božić,7943
BA,Todorović,7930
BA,Marjanović,7723
BA,Brkić,7583
BA,Perić,7544
BA,Ramić,7349
BA,Tadić,7291
BA,Alić,7255
BA,Imamović,7250
BA,Lazić,7186
BA,Karić,7094
BA,Dedić,6967
BA,Stojanović,6746
BA,Bošnjak,6447
BA,Stevanović,6445
BA,Selimović,6357
BA,Smajić,6351
BA,Spahić,6346
BA,Filipović,6284
BA,Janković,6251
BA,Vidović,6242
BA,Gajić,6227
BA,Blagojević,6227
BA,Mujkić,6143
BA,Radić,6061
BA,Pejić,6022
BA,Ristić,5897
BA,Bajrić,5808
BA,Dizdarević,5805
BA,Milošević,5670
BA,Beganović,5597
BA,Muratović,5597
BA,Mujić,5594
BA,Bešić,5587
BA,Musić,5526
BA,Šehić,5446
BA,Maksimović,5444
BA,Mehić,5406
BA,Mešić,5348
BA,Ostojić,5333
BA,Omerović,5308
BA,Jurić,5214
BA,Matić,5120
BA,Andrić,5090
BA,Mijatović,5047
BA,Topić,5044
BA,Suljić,5027
BA,Smajlović,4957
BA,Šabić,4908
BA,Lučić,4904
BA,Vasić,4828
BA,Jahić,4815
BA,Jukić,4810
BA,Zahirović,4778
BA,Ćorić,4766
BA,Lazarević,4733
BA,Trifković,4730
BA,Mahmutović,4723
BA,Galić,4720
BA,Ivanović,4716
BA,Hasanović,4711
BA,Novaković,4677
BA,Husić,4632
BA,Topalović,4618
BA,Jašarević,4614
BA,Mihajlović,4605
BA,Kadrić,4571
BA,Mandić,4569
BA,Kovač,4556
BA,Petković,4555
BA,Hasić,4541
BA,Softić,4508
BA,Šarić,4479
BA,Gavrić,4456
BA,Stupar,4435
SI,Novak,12126
SI,Horvat,10180
SI,Krajnc,7671
SI,Kovač,6364
SI,Korošec,4507
SI,Mlakar,4166
SI,Kos,4135
SI,Vidmar,4126
SI,Golob,4088
SI,Žagar,3807
SI,Hočevar,3784
SI,Košir,3740
SI,Turk,3724
SI,Kralj,3637
SI,Zupan,3506
SI,Bizjak,3457
SI,Hribar,3349
SI,Rozman,3214
SI,Zajc,3130
SI,Kotnik,3047
SI,Oblak,3007
SI,Petek,2961
SI,Kolar,2946
SI,Kastelic,2853
SI,Zupanc,2813
SI,Koren,2752
SI,Babič,2506
SI,Kranjc,2401
SI,Medved,2389
SI,Majcen,2385
SI,Knez,2364
SI,Pušnik,2336
SI,Kovačević,2280
SI,Dolenc,2274
SI,Pirc,2172
SI,Petrović,2124
SI,Hrovat,2063
SI,Lah,2044
SI,Zadravec,2023
SI,Kuhar,2018
SI,Lešnik,1995
SI,Bezjak,1990
SI,Kokalj,1951
SI,Jug,1942
SI,Zorko,1942
SI,Erjavec,1915
SI,Sever,1912
SI,Vidovič,1893
SI,Jerman,1886
SI,Jereb,1873
SI,Bogataj,1865
SI,Primožič,1865
SI,Jovanović,1807
SI,Kosi,1788
SI,Hodžić,1781
SI,Lesjak,1776
SI,Furlan,1773
SI,Lavrič,1767
SI,Perko,1761
SI,Logar,1757
SI,Žižek,1750
SI,Marković,1747
SI,Debeljak,1746
SI,Jenko,1745
SI,Krivec,1739
SI,Pavlin,1738
SI,Vodopivec,1717
SI,Zver,1709
SI,Rupnik,1707
SI,Jarc,1691
SI,Kramberger,1689
SI,Toplak,1688
SI,Breznik,1687
SI,Ilić,1665
SI,Hribernik,1661
SI,Jazbec,1654
SI,Žibert,1653
SI,Marolt,1637
SI,Vidic,1634
SI,Eržen,1614
SI,Pintar,1599
SI,Nikolić,1591
SI,Simonič,1588
SI,Železnik,1580
SI,Demšar,1579
SI,Blažič,1578
SI,Jelen,1575
SI,Popović,1571
SI,Šinkovec,1555
SI,Fras,1547
SI,Dolinar,1545
SI,Ramšak,1538
SI,Hozjan,1531
SI,Leban,1529
SI,Cerar,1522
SI,Hren,1521
SI,Javornik,1504
SI,Rus,1497
SI,Blatnik,1489
SI,Kobal,1479
IS,Jónsdóttir,7260
IS,Jónsson,6767
IS,Sigurðardóttir,5441
IS,Guðmundsdóttir,5284
IS,Guðmundsson,5252
IS,Sigurðsson,4728
IS,Gunnarsdóttir,3712
IS,Gunnarsson,3525
IS,Ólafsson,3295
IS,Ólafsdóttir,3053
IS,Magnúsdóttir,2892
IS,Magnússon,2853
IS,Einarsson,2805
IS,Einarsdóttir,2631
IS,Kristjánsdóttir,2483
IS,Kristjánsson,2429
IS,Björnsdóttir,2265
IS,Stefánsson,2080
IS,Jóhannsson,2050
IS,Jóhannsdóttir,2049
IS,Björnsson,2017
IS,Stefánsdóttir,1963
IS,Árnadóttir,1805
IS,Bjarnason,1805
IS,Bjarnadóttir,1780
IS,Árnason,1700
IS,Halldórsson,1692
IS,Helgason,1683
IS,Halldórsdóttir,1649
IS,Helgadóttir,1539
IS,Sveinsson,1535
IS,Ragnarsdóttir,1534
IS,Kristinsson,1503
IS,Pétursdóttir,1487
IS,Pálsson,1484
IS,Guðjónsdóttir,1467
IS,Kristinsdóttir,1457
IS,Pálsdóttir,1427
IS,Karlsson,1419
IS,Guðjónsson,1396
IS,Pétursson,1373
IS,Þorsteinsson,1320
IS,Þorsteinsdóttir,1316
IS,Sveinsdóttir,1290
IS,Ragnarsson,1281
IS,Óskarsson,1213
IS,Óskarsdóttir,1175
IS,Karlsdóttir,1173
IS,Haraldsson,1166
IS,Jóhannesson,1157
IS,Jóhannesdóttir,1147
IS,Sigurjónsdóttir,1038
IS,Birgisson,1017
IS,Birgisdóttir,991
IS,Hauksson,966
IS,Harðardóttir,947
IS,Þórðardóttir,928
IS,Ásgeirsdóttir,926
IS,Haraldsdóttir,904
IS,Jónasdóttir,903
IS,Hauksdóttir,902
IS,Harðarson,865
IS,Jónasson,865
IS,Sigurjónsson,855
IS,Kjartansdóttir,844
IS,Kjartansson,841
IS,Ágústsson,819
IS,Þórðarson,810
IS,Arnarson,809
IS,Friðriksson,790
IS,Baldursdóttir,780
IS,Baldursson,773
IS,Ágústsdóttir,771
IS,Sverrisson,749
IS,Hilmarsson,729
IS,Ásgeirsson,724
IS,Friðriksdóttir,704
IS,Guðnadóttir,688
IS,Ingólfsson,686
IS,Guðnason,676
IS,Ingólfsdóttir,673
IS,Arnardóttir,669
IS,Benediktsdóttir,656
IS,Hilmarsdóttir,652
IS,Sverrisdóttir,649
IS,Valdimarsdóttir,648
IS,Þórarinsdóttir,628
IS,Reynisson,624
IS,Benediktsson,617
IS,Björgvinsdóttir,615
IS,Gunnlaugsson,601
IS,Jonsson,595
IS,Gunnlaugsdóttir,574
IS,Reynisdóttir,573
IS,Aðalsteinsdóttir,571
IS,Þórisdóttir,570
IS,Skúladóttir,556
IS,Hafsteinsdóttir,552
IS,Ómarsdóttir,547
IS,Sævarsdóttir,546
XK,Krasniqi,56938
XK,Gashi,55328
XK,Berisha,43692
XK,Morina,25706
XK,Shala,25003
XK,Bytyqi,13778
XK,Kastrati,12772
XK,Hasani,12695
XK,Bajrami,12503
XK,Hoti,12336
XK,Rexhepi,12168
XK,Hoxha,11286
XK,Kryeziu,11272
XK,Mehmeti,11184
XK,Shabani,10912
XK,Ahmeti,10461
XK,Osmani,10003
XK,Ramadani,9882
XK,Hyseni,9599
XK,Mustafa,9251
XK,Thaqi,9243
XK,Ademi,8677
XK,Aliu,8136
XK,Jashari,7771
XK,Sadiku,7522
XK,Tahiri,6923
XK,Rama,6883
XK,Salihu,6818
XK,Beqiri,6559
XK,Zeqiri,6496
XK,Kelmendi,6361
XK,Ibrahimi,6132
XK,Syla,6081
XK,Sylejmani,5692
XK,Maliqi,5655
XK,Haliti,5625
XK,Hajdari,5566
XK,Elshani,5320
XK,Bytyçi,5304
XK,Halili,5215
XK,Selmani,5120
XK,Maloku,5103
XK,Haziri,4974
XK,Selimi,4972
XK,Kabashi,4949
XK,Isufi,4936
XK,Imeri,4894
XK,Uka,4862
XK,Sejdiu,4772
XK,Arifi,4771
XK,Latifi,4653
XK,Azemi,4606
XK,Sahiti,4601
XK,Abazi,4568
XK,Islami,4545
XK,Mazreku,4495
XK,Miftari,4439
XK,Zogaj,4420
XK,Fazliu,4248
XK,Bajraktari,4189
XK,Neziri,4121
XK,Musliu,4064
XK,Murati,3891
XK,Ajeti,3864
XK,Halimi,3772
XK,Veseli,3768
XK,Asllani,3763
XK,Bunjaku,3678
XK,Emini,3677
XK,Soyadi,3642
XK,Ismajli,3638
XK,Jovanović,3623
XK,Thaçi,3609
XK,Zeneli,3600
XK,Rexha,3550
XK,Alija,3494
XK,Brahimi,3366
XK,Hoxhaj,3365
XK,Zeka,3351
XK,Shehu,3349
XK,Avdyli,3310
XK,Pllana,3246
XK,Rexhaj,3147
XK,Spahiu,3140
XK,Demiri,3118
XK,Ademaj,3103
XK,Jakupi,3086
XK,Sinani,3062
XK,Rrahmani,3044
XK,Idrizi,3017
XK,Hajdini,2961
XK,Balaj,2897
XK,Avdiu,2877
XK,Salihi,2861
XK,Peci,2855
XK,Jusufi,2775
XK,Bislimi,2763
XK,Ahmetaj,2743
XK,Kadriu,2740
XK,Behrami,2716
SR,Lin,3112
SR,Chen,3014
SR,Pinas,2499
SR,Li,1838
SR,Liu,1517
SR,Da Silva,1470
SR,Zhang,1427
SR,Singh,1371
SR,Mohan,1253
SR,Tjon,1204
SR,Huang,1183
SR,Yang,1135
SR,Wu,1128
SR,Wang,1114
SR,Narain,1093
SR,Autar,1072
SR,Hu,1065
SR,Kalloe,1042
SR,Mahabier,1035
SR,Sardjoe,1029
SR,Wong,988
SR,Zhou,975
SR,Persaud,961
SR,Sabajo,940
SR,Silva,940
SR,Pereira,940
SR,Zheng,905
SR,Ferreira,877
SR,Ramdin,863
SR,Soekhoe,856
SR,Ramcharan,842
SR,Kanhai,835
SR,Ramautar,812
SR,Alves,794
SR,Pengel,786
SR,Van Dijk,780
SR,Linger,773
SR,Lachman,773
SR,Esajas,767
SR,Gomes,766
SR,Mangal,759
SR,Ramkhelawan,748
SR,Baldew,731
SR,Dos Santos,729
SR,Boldewijn,729
SR,Rodrigues,710
SR,Ramadhin,697
SR,Rampersad,696
SR,Ramlal,696
SR,Zhao,682
SR,Fernandes,682
SR,Cairo,668
SR,Sital,668
SR,Kalpoe,665
SR,Chin,654
SR,Boedhoe,646
SR,Lee,633
SR,Sanches,626
SR,Dwarka,613
SR,Wijngaarde,601
SR,Kartodikromo,601
SR,Kromopawiro,601
SR,Badal,592
SR,Verwey,592
SR,Williams,564
SR,Orie,564
SR,Ritfeld,562
SR,Sewradj,556
SR,Simson,550
SR,Mahabir,543
SR,Biharie,537
SR,Renfurm,537
SR,Cheung,522
SR,Chotkan,518
SR,Mathoera,518
SR,Xu,515
SR,Emanuels,511
SR,Graanoogst,505
SR,Sewgobind,505
SR,Rozenblad,499
SR,Gefferie,492
SR,Macnack,492
SR,Algoe,487
SR,Fraser,487
SR,Doerga,486
SR,Ramsaran,473
SR,Blokland,473
SR,Simons,473
SR,Binda,466
SR,Kartoredjo,460
SR,Vyent,460
SR,Jairam,459
SR,Harpal,454
SR,Mijnals,454
SR,Felter,452
SR,Zeng,452
SR,Fu,452
SR,Smith,452
SR,Jiawan,447
SR,Gangadin,447
FJ,Kumar,35724
FJ,Prasad,35724
FJ,Chand,31231
FJ,Singh,30509
FJ,Lal,15082
FJ,Sharma,13888
FJ,Narayan,13165
FJ,Khan,11248
FJ,Ali,10369
FJ,Devi,9677
FJ,Ram,7698
FJ,Naidu,7635
FJ,Nand,7227
FJ,Chandra,7227
FJ,Lata,6912
FJ,Deo,6001
FJ,Reddy,5687
FJ,Prakash,5593
FJ,Raj,5404
FJ,Maharaj,4902
FJ,Waqa,4367
FJ,Goundar,3959
FJ,Koroi,3739
FJ,Fong,3708
FJ,Pillay,3613
FJ,Seru,3425
FJ,Nair,3393
FJ,Gounder,3299
FJ,Tawake,2828
FJ,Patel,2765
FJ,Mani,2702
FJ,Sami,2576
FJ,Smith,2576
FJ,Nisha,2576
FJ,Naicker,2545
FJ,Krishna,2514
FJ,Ledua,2514
FJ,Whippy,2388
FJ,Lee,2231
FJ,Dutt,2199
FJ,Shah,2168
FJ,Ratu,2042
FJ,Tukana,2011
FJ,Bale,1979
FJ,Rao,1917
FJ,Sen,1854
FJ,Mala,1854
FJ,Dayal,1760
FJ,Mudaliar,1760
FJ,Nath,1728
FJ,Mohammed,1728
FJ,Delai,1728
FJ,Karan,1697
FJ,Hussain,1697
FJ,Cakau,1697
FJ,Cama,1665
FJ,Yee,1634
FJ,Tamani,1634
FJ,Raju,1602
FJ,Finau,1540
FJ,Marama,1540
FJ,Tabua,1508
FJ,Pratap,1445
FJ,Chetty,1445
FJ,Tora,1414
FJ,Hussein,1414
FJ,Khatri,1414
FJ,Shankar,1382
FJ,Pal,1382
FJ,Kaur,1351
FJ,Vakaloloma,1351
FJ,Wainiqolo,1320
FJ,Simpson,1320
FJ,Dean,1320
FJ,Wong,1288
FJ,Sharan,1288
FJ,Fatiaki,1288
FJ,Dass,1257
FJ,Anand,1257
FJ,Nadan,1257
FJ,Wilson,1194
FJ,Tui,1194
FJ,Brown,1194
FJ,Chang,1131
FJ,Datt,1100
FJ,Mishra,1100
FJ,Begum,1068
FJ,Verma,1068
FJ,Kumari,1037
FJ,Kishore,1037
FJ,Young,1037
FJ,Wati,1037
FJ,Masi,1005
FJ,Pickering,1005
FJ,Buksh,1005
FJ,Bibi,974
FJ,Waqabaca,974
FJ,Tupou,974
FJ,Moce,974
FJ,Powell,943
ME,Popović,10036
ME,Marković,5722
ME,Ivanović,5529
ME,Radulović,5234
ME,Radović,4768
ME,Jovanović,4655
ME,Vuković,4424
ME,Knežević,4299
ME,Kovačević,4154
ME,Vujović,3864
ME,Božović,3758
ME,Pejović,3651
ME,Djurović,3603
ME,Nikolić,3577
ME,Perović,3509
ME,Bulatović,3397
ME,Bošković,3175
ME,Maraš,2896
ME,Radonjić,2811
ME,Janković,2775
ME,Kalač,2754
ME,Petrović,2593
ME,Mugoša,2421
ME,Milošević,2279
ME,Martinović,2218
ME,Ćetković,2191
ME,Pavićević,2155
ME,Radunović,2134
ME,Milić,2105
ME,Šćekić,2056
ME,Šćepanović,2036
ME,Mitrović,1998
ME,Boljević,1994
ME,Krivokapić,1983
ME,Stojanović,1977
ME,Klikovac,1897
ME,Živković,1873
ME,Todorović,1854
ME,Vujošević,1795
ME,Rašović,1793
ME,Murić,1712
ME,Djukanović,1688
ME,Jovović,1623
ME,Karadžić,1617
ME,Stanišić,1606
ME,Vuksanović,1569
ME,Bojović,1567
ME,Damjanović,1555
ME,Kaludjerović,1526
ME,Novaković,1525
ME,Drašković,1516
ME,Radević,1507
ME,Miranović,1507
ME,Vukićević,1482
ME,Agović,1464
ME,Milović,1449
ME,Zečević,1407
ME,Lazarević,1403
ME,Djurišić,1388
ME,Vukotić,1366
ME,Adrović,1348
ME,Mijović,1328
ME,Rajković,1295
ME,Filipović,1286
ME,Obradović,1280
ME,Lekić,1265
ME,Pavlović,1260
ME,Pajović,1217
ME,Hodžić,1216
ME,Leković,1201
ME,Dacić,1181
ME,Djukić,1180
ME,Korać,1170
ME,Vojinović,1169
ME,Ilić,1163
ME,Bubanja,1162
ME,Vlahović,1153
ME,Drobnjak,1143
ME,Tomić,1142
ME,Terzić,1140
ME,Dragović,1139
ME,Stanković,1122
ME,Djuretić,1120
ME,Jokić,1118
ME,Sekulić,1116
ME,Joksimović,1111
ME,Mijušković,1096
ME,Tomašević,1093
ME,Škrijelj,1084
ME,Babović,1072
ME,Samardžić,1070
ME,Pepić,1058
ME,Tomović,1051
ME,Muratović,1039
ME,Mirković,1032
ME,Roganović,1024
ME,Lazović,1020
ME,Bojanić,1001
ME,Golubović,992
ME,Marović,991
LU,Schmit,6799
LU,Muller,5784
LU,Weber,4858
LU,Wagner,4837
LU,Hoffmann,4628
LU,Thill,3304
LU,Schmitz,3135
LU,Schroeder,2839
LU,Becker,2549
LU,Klein,2413
LU,Faber,2159
LU,Da Silva,2007
LU,Kieffer,1949
LU,Reuter,1944
LU,Schiltz,1891
LU,Dos Santos,1867
LU,Welter,1788
LU,Simon,1785
LU,Schneider,1721
LU,Hansen,1657
LU,Meyer,1614
LU,Kremer,1605
LU,Pereira,1580
LU,Weis,1446
LU,Braun,1381
LU,Fernandes,1368
LU,Kayser,1352
LU,Kirsch,1351
LU,Steffen,1350
LU,Krier,1311
LU,Theisen,1301
LU,Majerus,1239
LU,Ries,1203
LU,Ferreira,1153
LU,Gonçalves,1151
LU,Meyers,1148
LU,Engel,1135
LU,Schumacher,1119
LU,Diederich,1090
LU,Rodrigues,1074
LU,Martin,1065
LU,Marx,1062
LU,Gomes,1043
LU,Molitor,1030
LU,Theis,1021
LU,Wolff,961
LU,Martins,952
LU,Heinen,914
LU,Weydert,891
LU,Zimmer,889
LU,Goergen,867
LU,Fischer,863
LU,Wagener,854
LU,Reding,837
LU,Lentz,830
LU,Flammang,828
LU,Bernard,827
LU,Scholtes,809
LU,Adrovic,800
LU,Koch,775
LU,Goedert,763
LU,Arend,753
LU,Winandy,753
LU,Jacoby,740
LU,Nilles,703
LU,Gengler,690
LU,Peters,690
LU,Berg,685
LU,Lanners,684
LU,Pinto,676
LU,Sabotic,673
LU,Back,672
LU,Lopes,663
LU,Marques,658
LU,Lux,655
LU,Bertemes,652
LU,Putz,649
LU,Jung,648
LU,Haas,633
LU,Erpelding,630
LU,Schmitt,620
LU,Weiler,613
LU,Mangen,607
LU,Pauly,602
LU,Weyland,601
LU,Dostert,599
LU,Biver,598
LU,Alves,597
LU,Huberty,594
LU,Schreiner,590
LU,Decker,590
LU,Backes,589
LU,Schaus,589
LU,Olinger,576
LU,Rastoder,562
LU,Schaack,561
LU,Grethen,554
LU,Steichen,542
LU,Mendes,541
LU,Monteiro,539
FO,Joensen,2414
FO,Hansen,2170
FO,Jacobsen,2014
FO,Olsen,1674
FO,Poulsen,1294
FO,Petersen,1265
FO,Johannesen,1019
FO,Thomsen,701
FO,Nielsen,657
FO,Rasmussen,567
FO,Johansen,560
FO,Simonsen,537
FO,Djurhuus,517
FO,Danielsen,489
FO,Mortensen,478
FO,Jensen,475
FO,Mikkelsen,427
FO,Dam,426
FO,Højgaard,425
FO,Sørensen,399
FO,Andreasen,394
FO,Hammer,382
FO,Hentze,368
FO,Magnussen,365
FO,Samuelsen,352
FO,Christiansen,339
FO,Davidsen,315
FO,Heinesen,299
FO,Niclasen,282
FO,Holm,267
FO,Vang,256
FO,Midjord,253
FO,Jakobsen,246
FO,Lamhauge,242
FO,Egholm,239
FO,Berg,222
FO,Justinussen,221
FO,Johannessen,213
FO,Dahl,197
FO,Thomassen,190
FO,Ellingsgaard,186
FO,Nolsøe,182
FO,Haraldsen,179
FO,Larsen,178
FO,Bech,174
FO,Mohr,170
FO,Zachariasen,166
FO,Eliasen,163
FO,Weihe,163
FO,Kjærbo,163
FO,Müller,155
FO,Isaksen,153
FO,Sivertsen,147
FO,Arge,147
FO,Guttesen,145
FO,Debes,140
FO,Mørkøre,132
FO,Clementsen,127
FO,Mouritsen,126
FO,Høgnesen,126
FO,Reinert,122
FO,Andreassen,122
FO,Dalsgaard,121
FO,Abrahamsen,121
FO,Kristiansen,117
FO,Henriksen,113
FO,Jørgensen,113
FO,Jespersen,113
FO,Patursson,112
FO,Winther,111
FO,Gaard,108
FO,Klein,107
FO,Durhuus,106
FO,Knudsen,105
FO,Tausen,105
FO,Gregersen,105
FO,Ludvig,105
FO,Vestergaard,102
FO,Zachariassen,97
FO,Rubeksen,97
FO,Nattestad,97
FO,Matras,93
FO,Michelsen,92
FO,Lützen,91
FO,Kruse,84
FO,Bærentsen,80
FO,Østerø,80
FO,Strøm,80
FO,Næs,79
FO,Lydersen,79
FO,Andersen,79
FO,Justesen,78
FO,Lisberg,78
FO,Madsen,76
FO,Højsted,74
FO,Thomasen,74
FO,Biskopstø,69
FO,Hjelm,69
FO,Absalonsen,68
FO,Augustinussen,68